timestamp,temperature_2m,dew_point_2m,relative_humidity_2m,apparent_temperature,surface_pressure,cloud_cover,cloud_cover_low,cloud_cover_mid,et0_fao_evapotranspiration,vapour_pressure_deficit,wind_speed_10m,wind_direction_10m,wind_gusts_10m,is_day,sunshine_duration,wet_bulb_temperature_2m,boundary_layer_height,shortwave_radiation,diffuse_radiation,global_tilted_irradiance,shortwave_radiation_instant,diffuse_radiation_instant,global_tilted_irradiance_instant,direct_radiation,direct_normal_irradiance,terrestrial_radiation,direct_radiation_instant,direct_normal_irradiance_instant,terrestrial_radiation_instant,pressure_msl,hour,hour_sin,hour_cos,day_of_week,dow_sin,dow_cos,month,month_sin,month_cos,temperature_2m_lag1,temperature_2m_lag2,temperature_2m_lag3,dew_point_2m_lag1,dew_point_2m_lag2,dew_point_2m_lag3,relative_humidity_2m_lag1,relative_humidity_2m_lag2,relative_humidity_2m_lag3,apparent_temperature_lag1,apparent_temperature_lag2,apparent_temperature_lag3,surface_pressure_lag1,surface_pressure_lag2,surface_pressure_lag3,cloud_cover_lag1,cloud_cover_lag2,cloud_cover_lag3,cloud_cover_low_lag1,cloud_cover_low_lag2,cloud_cover_low_lag3,cloud_cover_mid_lag1,cloud_cover_mid_lag2,cloud_cover_mid_lag3,et0_fao_evapotranspiration_lag1,et0_fao_evapotranspiration_lag2,et0_fao_evapotranspiration_lag3,vapour_pressure_deficit_lag1,vapour_pressure_deficit_lag2,vapour_pressure_deficit_lag3,wind_speed_10m_lag1,wind_speed_10m_lag2,wind_speed_10m_lag3,wind_direction_10m_lag1,wind_direction_10m_lag2,wind_direction_10m_lag3,wind_gusts_10m_lag1,wind_gusts_10m_lag2,wind_gusts_10m_lag3,is_day_lag1,is_day_lag2,is_day_lag3,sunshine_duration_lag1,sunshine_duration_lag2,sunshine_duration_lag3,wet_bulb_temperature_2m_lag1,wet_bulb_temperature_2m_lag2,wet_bulb_temperature_2m_lag3,boundary_layer_height_lag1,boundary_layer_height_lag2,boundary_layer_height_lag3,shortwave_radiation_lag1,shortwave_radiation_lag2,shortwave_radiation_lag3,diffuse_radiation_lag1,diffuse_radiation_lag2,diffuse_radiation_lag3,global_tilted_irradiance_lag1,global_tilted_irradiance_lag2,global_tilted_irradiance_lag3,shortwave_radiation_instant_lag1,shortwave_radiation_instant_lag2,shortwave_radiation_instant_lag3,diffuse_radiation_instant_lag1,diffuse_radiation_instant_lag2,diffuse_radiation_instant_lag3,global_tilted_irradiance_instant_lag1,global_tilted_irradiance_instant_lag2,global_tilted_irradiance_instant_lag3,direct_radiation_lag1,direct_radiation_lag2,direct_radiation_lag3,direct_normal_irradiance_lag1,direct_normal_irradiance_lag2,direct_normal_irradiance_lag3,terrestrial_radiation_lag1,terrestrial_radiation_lag2,terrestrial_radiation_lag3,direct_radiation_instant_lag1,direct_radiation_instant_lag2,direct_radiation_instant_lag3,direct_normal_irradiance_instant_lag1,direct_normal_irradiance_instant_lag2,direct_normal_irradiance_instant_lag3,terrestrial_radiation_instant_lag1,terrestrial_radiation_instant_lag2,terrestrial_radiation_instant_lag3,pressure_msl_lag1,pressure_msl_lag2,pressure_msl_lag3,generation_lag1,generation_lag2,generation_lag3,hour_lag1,hour_lag2,hour_lag3,hour_sin_lag1,hour_sin_lag2,hour_sin_lag3,hour_cos_lag1,hour_cos_lag2,hour_cos_lag3,day_of_week_lag1,day_of_week_lag2,day_of_week_lag3,dow_sin_lag1,dow_sin_lag2,dow_sin_lag3,dow_cos_lag1,dow_cos_lag2,dow_cos_lag3,month_lag1,month_lag2,month_lag3,month_sin_lag1,month_sin_lag2,month_sin_lag3,month_cos_lag1,month_cos_lag2,month_cos_lag3,temperature_2m_ma3,temperature_2m_ma6,dew_point_2m_ma3,dew_point_2m_ma6,relative_humidity_2m_ma3,relative_humidity_2m_ma6,apparent_temperature_ma3,apparent_temperature_ma6,surface_pressure_ma3,surface_pressure_ma6,cloud_cover_ma3,cloud_cover_ma6,cloud_cover_low_ma3,cloud_cover_low_ma6,cloud_cover_mid_ma3,cloud_cover_mid_ma6,et0_fao_evapotranspiration_ma3,et0_fao_evapotranspiration_ma6,vapour_pressure_deficit_ma3,vapour_pressure_deficit_ma6,wind_speed_10m_ma3,wind_speed_10m_ma6,wind_direction_10m_ma3,wind_direction_10m_ma6,wind_gusts_10m_ma3,wind_gusts_10m_ma6,is_day_ma3,is_day_ma6,sunshine_duration_ma3,sunshine_duration_ma6,wet_bulb_temperature_2m_ma3,wet_bulb_temperature_2m_ma6,boundary_layer_height_ma3,boundary_layer_height_ma6,shortwave_radiation_ma3,shortwave_radiation_ma6,diffuse_radiation_ma3,diffuse_radiation_ma6,global_tilted_irradiance_ma3,global_tilted_irradiance_ma6,shortwave_radiation_instant_ma3,shortwave_radiation_instant_ma6,diffuse_radiation_instant_ma3,diffuse_radiation_instant_ma6,global_tilted_irradiance_instant_ma3,global_tilted_irradiance_instant_ma6,direct_radiation_ma3,direct_radiation_ma6,direct_normal_irradiance_ma3,direct_normal_irradiance_ma6,terrestrial_radiation_ma3,terrestrial_radiation_ma6,direct_radiation_instant_ma3,direct_radiation_instant_ma6,direct_normal_irradiance_instant_ma3,direct_normal_irradiance_instant_ma6,terrestrial_radiation_instant_ma3,terrestrial_radiation_instant_ma6,pressure_msl_ma3,pressure_msl_ma6,generation_ma3,generation_ma6,hour_ma3,hour_ma6,hour_sin_ma3,hour_sin_ma6,hour_cos_ma3,hour_cos_ma6,day_of_week_ma3,day_of_week_ma6,dow_sin_ma3,dow_sin_ma6,dow_cos_ma3,dow_cos_ma6,month_ma3,month_ma6,month_sin_ma3,month_sin_ma6,month_cos_ma3,month_cos_ma6
2025-04-15 03:00:00+00:00,25.518,22.80924,85.0,29.983624,1013.2345,49.0,39.0,31.0,0.0030223557,0.48965883,6.297428,149.03632,11.159999,0.0,0.0,23.51851,320.0,0.0,0.0,0.0,0.0,0.0,0.0,0.0,0.0,0.0,0.0,0.0,0.0,1016.6,3,0.7071067811865476,0.7071067811865476,1,0.7818314824680298,0.6234898018587336,4,0.8660254037844387,-0.4999999999999998,26.168001,26.768,27.468,22.851814,22.61064,22.420328,82.0,78.0,74.0,30.62952,30.978355,31.379902,1013.5408,1012.94946,1012.5588,51.0,57.0,88.0,40.0,46.0,65.0,32.0,39.0,76.0,0.0077784415,0.016341973,0.028734995,0.61061215,0.7731488,0.9519789,6.489992,7.24486,8.534353,146.3099,153.43501,152.35411,12.959999,15.4800005,17.64,0.0,0.0,0.0,0.0,0.0,0.0,23.731663,23.741587,23.827057,290.0,205.0,130.0,0.0,0.0,0.0,0.0,0.0,0.0,0.0,0.0,0.0,0.0,0.0,0.0,0.0,0.0,0.0,0.0,0.0,0.0,0.0,0.0,0.0,0.0,0.0,0.0,0.0,0.0,0.0,0.0,0.0,0.0,0.0,0.0,0.0,0.0,0.0,0.0,1016.9,1016.3,1015.9,0.0,0.0,0.0,2.0,1.0,0.0,0.49999999999999994,0.25881904510252074,0.0,0.8660254037844387,0.9659258262890683,1.0,1.0,1.0,1.0,0.7818314824680298,0.7818314824680298,0.7818314824680298,0.6234898018587336,0.6234898018587336,0.6234898018587336,4.0,4.0,4.0,0.8660254037844387,0.8660254037844387,0.8660254037844387,-0.4999999999999998,-0.4999999999999998,-0.4999999999999998,26.15133366666667,26.48050025,22.757231333333333,22.673005500000002,81.66666666666667,79.75,30.530499666666667,30.74285025,1013.2415866666666,1013.07089,52.333333333333336,61.25,41.666666666666664,47.5,34.0,44.5,0.009047590066666666,0.0139694413,0.62447326,0.70634967,6.677426666666666,7.14165825,149.59374333333332,150.283835,13.199999499999999,14.309999625,0.0,0.0,0.0,0.0,23.66392,23.70470425,271.6666666666667,236.25,0.0,0.0,0.0,0.0,0.0,0.0,0.0,0.0,0.0,0.0,0.0,0.0,0.0,0.0,0.0,0.0,0.0,0.0,0.0,0.0,0.0,0.0,0.0,0.0,1016.5999999999999,1016.425,0.0,0.0,2.0,1.5,0.4886419420963561,0.36648145657226705,0.8463526704200182,0.8847645028150136,1.0,1.0,0.7818314824680298,0.7818314824680298,0.6234898018587336,0.6234898018587336,4.0,4.0,0.8660254037844387,0.8660254037844387,-0.4999999999999998,-0.4999999999999998
2025-04-15 04:00:00+00:00,25.068,22.560741,86.0,29.415947,1013.32916,58.0,50.0,18.0,0.000996278,0.44497538,6.12,151.92761,14.759999,0.0,0.0,23.217247,315.0,0.0,0.0,0.0,0.0,0.0,0.0,0.0,0.0,0.0,0.0,0.0,0.0,1016.7,4,0.8660254037844386,0.5000000000000001,1,0.7818314824680298,0.6234898018587336,4,0.8660254037844387,-0.4999999999999998,25.518,26.168001,26.768,22.80924,22.851814,22.61064,85.0,82.0,78.0,29.983624,30.62952,30.978355,1013.2345,1013.5408,1012.94946,49.0,51.0,57.0,39.0,40.0,46.0,31.0,32.0,39.0,0.0030223557,0.0077784415,0.016341973,0.48965883,0.61061215,0.7731488,6.297428,6.489992,7.24486,149.03632,146.3099,153.43501,11.159999,12.959999,15.4800005,0.0,0.0,0.0,0.0,0.0,0.0,23.51851,23.731663,23.741587,320.0,290.0,205.0,0.0,0.0,0.0,0.0,0.0,0.0,0.0,0.0,0.0,0.0,0.0,0.0,0.0,0.0,0.0,0.0,0.0,0.0,0.0,0.0,0.0,0.0,0.0,0.0,0.0,0.0,0.0,0.0,0.0,0.0,0.0,0.0,0.0,0.0,0.0,0.0,1016.6,1016.9,1016.3,0.0,0.0,0.0,3.0,2.0,1.0,0.7071067811865476,0.49999999999999994,0.25881904510252074,0.7071067811865476,0.8660254037844387,0.9659258262890683,1.0,1.0,1.0,0.7818314824680298,0.7818314824680298,0.7818314824680298,0.6234898018587336,0.6234898018587336,0.6234898018587336,4.0,4.0,4.0,0.8660254037844387,0.8660254037844387,0.8660254037844387,-0.4999999999999998,-0.4999999999999998,-0.4999999999999998,25.584667,26.198000200000003,22.740598333333335,22.6505526,84.33333333333333,81.0,30.009697,30.4774696,1013.3681533333333,1013.1225440000001,52.666666666666664,60.6,43.0,48.0,27.0,39.2,0.0039323584,0.011374808640000001,0.51508212,0.654074812,6.302473333333334,6.9373266000000005,149.09127666666666,150.61259,12.959999000000002,14.399999500000002,0.0,0.0,0.0,0.0,23.489140000000003,23.6072128,308.3333333333333,252.0,0.0,0.0,0.0,0.0,0.0,0.0,0.0,0.0,0.0,0.0,0.0,0.0,0.0,0.0,0.0,0.0,0.0,0.0,0.0,0.0,0.0,0.0,0.0,0.0,1016.7333333333335,1016.4799999999999,0.0,0.0,3.0,2.0,0.6910440616569954,0.4663902460147014,0.6910440616569954,0.807811602252011,1.0,1.0,0.7818314824680298,0.7818314824680298,0.6234898018587336,0.6234898018587336,4.0,4.0,0.8660254037844387,0.8660254037844387,-0.4999999999999998,-0.4999999999999998
2025-04-15 05:00:00+00:00,24.668001,22.168182,86.0,28.933395,1012.4277,64.0,52.0,34.0,0.0,0.43451452,5.1544156,167.90526,15.84,0.0,0.0,22.827093,315.0,0.0,0.0,0.0,0.0,0.0,0.0,0.0,0.0,0.0,0.0,0.0,0.0,1015.8,5,0.9659258262890683,0.25881904510252074,1,0.7818314824680298,0.6234898018587336,4,0.8660254037844387,-0.4999999999999998,25.068,25.518,26.168001,22.560741,22.80924,22.851814,86.0,85.0,82.0,29.415947,29.983624,30.62952,1013.32916,1013.2345,1013.5408,58.0,49.0,51.0,50.0,39.0,40.0,18.0,31.0,32.0,0.000996278,0.0030223557,0.0077784415,0.44497538,0.48965883,0.61061215,6.12,6.297428,6.489992,151.92761,149.03632,146.3099,14.759999,11.159999,12.959999,0.0,0.0,0.0,0.0,0.0,0.0,23.217247,23.51851,23.731663,315.0,320.0,290.0,0.0,0.0,0.0,0.0,0.0,0.0,0.0,0.0,0.0,0.0,0.0,0.0,0.0,0.0,0.0,0.0,0.0,0.0,0.0,0.0,0.0,0.0,0.0,0.0,0.0,0.0,0.0,0.0,0.0,0.0,0.0,0.0,0.0,0.0,0.0,0.0,1016.7,1016.6,1016.9,0.0,0.0,0.0,4.0,3.0,2.0,0.8660254037844386,0.7071067811865476,0.49999999999999994,0.5000000000000001,0.7071067811865476,0.8660254037844387,1.0,1.0,1.0,0.7818314824680298,0.7818314824680298,0.7818314824680298,0.6234898018587336,0.6234898018587336,0.6234898018587336,4.0,4.0,4.0,0.8660254037844387,0.8660254037844387,0.8660254037844387,-0.4999999999999998,-0.4999999999999998,-0.4999999999999998,25.084667,25.943000333333334,22.512721,22.570157500000004,85.66666666666667,81.83333333333333,29.444322,30.220123833333332,1012.99712,1013.0067366666667,57.0,61.166666666666664,47.0,48.666666666666664,27.666666666666668,38.333333333333336,0.0013395445666666665,0.0094790072,0.45638291000000003,0.61748143,5.8572812,6.640174766666667,156.28973,153.49470166666666,13.919999333333331,14.639999583333333,0.0,0.0,0.0,0.0,23.187616666666667,23.477192833333334,316.6666666666667,262.5,0.0,0.0,0.0,0.0,0.0,0.0,0.0,0.0,0.0,0.0,0.0,0.0,0.0,0.0,0.0,0.0,0.0,0.0,0.0,0.0,0.0,0.0,0.0,0.0,1016.3666666666667,1016.3666666666667,0.0,0.0,4.0,2.5,0.8463526704200182,0.5496461760604292,0.48864194209635614,0.7163128427270959,1.0,1.0,0.7818314824680298,0.7818314824680298,0.6234898018587336,0.6234898018587336,4.0,4.0,0.8660254037844387,0.8660254037844387,-0.4999999999999998,-0.4999999999999998
2025-04-15 06:00:00+00:00,24.318,21.82468,86.0,28.406536,1012.0248,74.0,50.0,52.0,0.0,0.42553902,5.0528407,184.08554,8.28,0.0,0.0,22.485708,305.0,0.0,0.0,0.0,0.0,0.0,0.0,0.0,0.0,0.0,0.0,0.0,0.0,1015.4,6,1.0,6.123233995736766e-17,1,0.7818314824680298,0.6234898018587336,4,0.8660254037844387,-0.4999999999999998,24.668001,25.068,25.518,22.168182,22.560741,22.80924,86.0,86.0,85.0,28.933395,29.415947,29.983624,1012.4277,1013.32916,1013.2345,64.0,58.0,49.0,52.0,50.0,39.0,34.0,18.0,31.0,0.0,0.000996278,0.0030223557,0.43451452,0.44497538,0.48965883,5.1544156,6.12,6.297428,167.90526,151.92761,149.03632,15.84,14.759999,11.159999,0.0,0.0,0.0,0.0,0.0,0.0,22.827093,23.217247,23.51851,315.0,315.0,320.0,0.0,0.0,0.0,0.0,0.0,0.0,0.0,0.0,0.0,0.0,0.0,0.0,0.0,0.0,0.0,0.0,0.0,0.0,0.0,0.0,0.0,0.0,0.0,0.0,0.0,0.0,0.0,0.0,0.0,0.0,0.0,0.0,0.0,0.0,0.0,0.0,1015.8,1016.7,1016.6,0.0,0.0,0.0,5.0,4.0,3.0,0.9659258262890683,0.8660254037844386,0.7071067811865476,0.25881904510252074,0.5000000000000001,0.7071067811865476,1.0,1.0,1.0,0.7818314824680298,0.7818314824680298,0.7818314824680298,0.6234898018587336,0.6234898018587336,0.6234898018587336,4.0,4.0,4.0,0.8660254037844387,0.8660254037844387,0.8660254037844387,-0.4999999999999998,-0.4999999999999998,-0.4999999999999998,24.684667,25.418000333333335,22.184534333333335,22.470882833333334,86.0,83.83333333333333,28.918626,29.724562833333334,1012.5938866666667,1012.9177366666668,65.33333333333333,58.833333333333336,50.666666666666664,46.166666666666664,34.666666666666664,34.333333333333336,0.00033209266666666667,0.004689841366666667,0.43500964000000003,0.5297414500000001,5.442418766666667,6.059922716666667,167.97280333333333,158.78327333333334,12.959999666666667,13.079999583333333,0.0,0.0,0.0,0.0,22.843349333333332,23.253634666666667,311.6666666666667,291.6666666666667,0.0,0.0,0.0,0.0,0.0,0.0,0.0,0.0,0.0,0.0,0.0,0.0,0.0,0.0,0.0,0.0,0.0,0.0,0.0,0.0,0.0,0.0,0.0,0.0,1015.9666666666667,1016.2833333333334,0.0,0.0,5.0,3.5,0.9439837433578356,0.7163128427270958,0.2529396817008403,0.5496461760604293,1.0,1.0,0.7818314824680298,0.7818314824680298,0.6234898018587336,0.6234898018587336,4.0,4.0,0.8660254037844387,0.8660254037844387,-0.4999999999999998,-0.4999999999999998
2025-04-15 07:00:00+00:00,23.868,21.571869,87.0,27.967812,1011.22235,42.0,42.0,0.0,0.0,0.3846395,4.0249224,206.56499,14.759999,0.0,0.0,22.180206,280.0,0.0,0.0,0.0,0.0,0.0,0.0,0.0,0.0,0.0,0.0,0.0,0.0,1014.6,7,0.9659258262890683,-0.25881904510252063,1,0.7818314824680298,0.6234898018587336,4,0.8660254037844387,-0.4999999999999998,24.318,24.668001,25.068,21.82468,22.168182,22.560741,86.0,86.0,86.0,28.406536,28.933395,29.415947,1012.0248,1012.4277,1013.32916,74.0,64.0,58.0,50.0,52.0,50.0,52.0,34.0,18.0,0.0,0.0,0.000996278,0.42553902,0.43451452,0.44497538,5.0528407,5.1544156,6.12,184.08554,167.90526,151.92761,8.28,15.84,14.759999,0.0,0.0,0.0,0.0,0.0,0.0,22.485708,22.827093,23.217247,305.0,315.0,315.0,0.0,0.0,0.0,0.0,0.0,0.0,0.0,0.0,0.0,0.0,0.0,0.0,0.0,0.0,0.0,0.0,0.0,0.0,0.0,0.0,0.0,0.0,0.0,0.0,0.0,0.0,0.0,0.0,0.0,0.0,0.0,0.0,0.0,0.0,0.0,0.0,1015.4,1015.8,1016.7,0.0,0.0,0.0,6.0,5.0,4.0,1.0,0.9659258262890683,0.8660254037844386,6.123233995736766e-17,0.25881904510252074,0.5000000000000001,1.0,1.0,1.0,0.7818314824680298,0.7818314824680298,0.7818314824680298,0.6234898018587336,0.6234898018587336,0.6234898018587336,4.0,4.0,4.0,0.8660254037844387,0.8660254037844387,0.8660254037844387,-0.4999999999999998,-0.4999999999999998,-0.4999999999999998,24.284667000000002,24.934667,21.854910333333333,22.297754333333334,86.33333333333333,85.33333333333333,28.43591433333333,29.222805666666662,1011.8916166666667,1012.629885,60.0,56.333333333333336,48.0,45.5,28.666666666666668,27.833333333333332,0.0,0.0019661792,0.41489768,0.4649899,4.7440595666666665,5.52326645,186.18526333333332,167.63827,12.959999666666667,12.959999333333334,0.0,0.0,0.0,0.0,22.497669,22.993404499999997,300.0,304.1666666666667,0.0,0.0,0.0,0.0,0.0,0.0,0.0,0.0,0.0,0.0,0.0,0.0,0.0,0.0,0.0,0.0,0.0,0.0,0.0,0.0,0.0,0.0,0.0,0.0,1015.2666666666665,1016.0,0.0,0.0,6.0,4.5,0.9772838841927122,0.8341639729248538,5.551115123125783e-17,0.3455220308284978,1.0,1.0,0.7818314824680298,0.7818314824680298,0.6234898018587336,0.6234898018587336,4.0,4.0,0.8660254037844387,0.8660254037844387,-0.4999999999999998,-0.4999999999999998
2025-04-15 08:00:00+00:00,23.518,21.59893,89.0,27.768364,1011.41785,78.0,46.0,6.0,0.0,0.3186884,3.096837,215.53777,6.4799995,0.0,0.0,22.102724,295.0,0.0,0.0,0.0,0.0,0.0,0.0,0.0,0.0,0.0,0.0,0.0,0.0,1014.8,8,0.8660254037844387,-0.4999999999999998,1,0.7818314824680298,0.6234898018587336,4,0.8660254037844387,-0.4999999999999998,23.868,24.318,24.668001,21.571869,21.82468,22.168182,87.0,86.0,86.0,27.967812,28.406536,28.933395,1011.22235,1012.0248,1012.4277,42.0,74.0,64.0,42.0,50.0,52.0,0.0,52.0,34.0,0.0,0.0,0.0,0.3846395,0.42553902,0.43451452,4.0249224,5.0528407,5.1544156,206.56499,184.08554,167.90526,14.759999,8.28,15.84,0.0,0.0,0.0,0.0,0.0,0.0,22.180206,22.485708,22.827093,280.0,305.0,315.0,0.0,0.0,0.0,0.0,0.0,0.0,0.0,0.0,0.0,0.0,0.0,0.0,0.0,0.0,0.0,0.0,0.0,0.0,0.0,0.0,0.0,0.0,0.0,0.0,0.0,0.0,0.0,0.0,0.0,0.0,0.0,0.0,0.0,0.0,0.0,0.0,1014.6,1015.4,1015.8,0.0,0.0,0.0,7.0,6.0,5.0,0.9659258262890683,1.0,0.9659258262890683,-0.25881904510252063,6.123233995736766e-17,0.25881904510252074,1.0,1.0,1.0,0.7818314824680298,0.7818314824680298,0.7818314824680298,0.6234898018587336,0.6234898018587336,0.6234898018587336,4.0,4.0,4.0,0.8660254037844387,0.8660254037844387,0.8660254037844387,-0.4999999999999998,-0.4999999999999998,-0.4999999999999998,23.901333333333337,24.493000166666665,21.665159666666668,22.08894033333333,87.33333333333333,86.5,28.04757066666666,28.745946333333336,1011.555,1012.27606,64.66666666666667,60.833333333333336,46.0,46.5,19.333333333333332,23.5,0.0,0.0006697722833333333,0.3762889733333333,0.4163359416666667,4.058200033333333,4.957740616666666,202.06276666666668,179.17624833333332,9.8399995,11.879999416666665,0.0,0.0,0.0,0.0,22.256212666666666,22.721914666666663,293.3333333333333,305.0,0.0,0.0,0.0,0.0,0.0,0.0,0.0,0.0,0.0,0.0,0.0,0.0,0.0,0.0,0.0,0.0,0.0,0.0,0.0,0.0,0.0,0.0,0.0,0.0,1014.9333333333334,1015.6500000000001,0.0,0.0,7.0,5.5,0.9439837433578356,0.8951682068889268,-0.2529396817008401,0.11785113019775802,1.0,1.0,0.7818314824680298,0.7818314824680298,0.6234898018587336,0.6234898018587336,4.0,4.0,0.8660254037844387,0.8660254037844387,-0.4999999999999998,-0.4999999999999998
2025-04-15 09:00:00+00:00,23.368,21.451084,89.0,27.607315,1011.3164,99.0,50.0,12.0,0.0,0.31582713,2.6208394,195.94547,4.68,0.0,0.0,21.95533,285.0,0.0,0.0,0.0,0.0,0.0,0.0,0.0,0.0,0.0,0.0,0.0,0.0,1014.7,9,0.7071067811865476,-0.7071067811865475,1,0.7818314824680298,0.6234898018587336,4,0.8660254037844387,-0.4999999999999998,23.518,23.868,24.318,21.59893,21.571869,21.82468,89.0,87.0,86.0,27.768364,27.967812,28.406536,1011.41785,1011.22235,1012.0248,78.0,42.0,74.0,46.0,42.0,50.0,6.0,0.0,52.0,0.0,0.0,0.0,0.3186884,0.3846395,0.42553902,3.096837,4.0249224,5.0528407,215.53777,206.56499,184.08554,6.4799995,14.759999,8.28,0.0,0.0,0.0,0.0,0.0,0.0,22.102724,22.180206,22.485708,295.0,280.0,305.0,0.0,0.0,0.0,0.0,0.0,0.0,0.0,0.0,0.0,0.0,0.0,0.0,0.0,0.0,0.0,0.0,0.0,0.0,0.0,0.0,0.0,0.0,0.0,0.0,0.0,0.0,0.0,0.0,0.0,0.0,0.0,0.0,0.0,0.0,0.0,0.0,1014.8,1014.6,1015.4,0.0,0.0,0.0,8.0,7.0,6.0,0.8660254037844387,0.9659258262890683,1.0,-0.4999999999999998,-0.25881904510252063,6.123233995736766e-17,1.0,1.0,1.0,0.7818314824680298,0.7818314824680298,0.7818314824680298,0.6234898018587336,0.6234898018587336,0.6234898018587336,4.0,4.0,4.0,0.8660254037844387,0.8660254037844387,0.8660254037844387,-0.4999999999999998,-0.4999999999999998,-0.4999999999999998,23.584666666666667,24.13466683333333,21.540627666666666,21.862581000000002,88.33333333333333,87.16666666666667,27.781163666666668,28.349894833333327,1011.3188666666666,1011.9563766666666,73.0,69.16666666666667,46.0,48.333333333333336,6.0,20.333333333333332,0.0,0.00016604633333333334,0.3397183433333333,0.3873639916666667,3.2475329333333334,4.34497585,206.01607666666666,186.99444000000003,8.6399995,10.799999583333333,0.0,0.0,0.0,0.0,22.07942,22.461384666666664,286.6666666666667,299.1666666666667,0.0,0.0,0.0,0.0,0.0,0.0,0.0,0.0,0.0,0.0,0.0,0.0,0.0,0.0,0.0,0.0,0.0,0.0,0.0,0.0,0.0,0.0,0.0,0.0,1014.6999999999999,1015.3333333333334,0.0,0.0,8.0,6.5,0.8463526704200183,0.895168206888927,-0.4886419420963559,-0.11785113019775782,1.0,1.0,0.7818314824680298,0.7818314824680298,0.6234898018587336,0.6234898018587336,4.0,4.0,0.8660254037844387,0.8660254037844387,-0.4999999999999998,-0.4999999999999998
2025-04-15 10:00:00+00:00,23.118,21.386925,90.0,27.2325,1011.9115,100.0,39.0,0.0,0.0,0.2828207,3.2399998,180.0,5.3999996,0.0,0.0,21.840944,275.0,0.0,0.0,0.0,0.0,0.0,0.0,0.0,0.0,0.0,0.0,0.0,0.0,1015.3,10,0.49999999999999994,-0.8660254037844387,1,0.7818314824680298,0.6234898018587336,4,0.8660254037844387,-0.4999999999999998,23.368,23.518,23.868,21.451084,21.59893,21.571869,89.0,89.0,87.0,27.607315,27.768364,27.967812,1011.3164,1011.41785,1011.22235,99.0,78.0,42.0,50.0,46.0,42.0,12.0,6.0,0.0,0.0,0.0,0.0,0.31582713,0.3186884,0.3846395,2.6208394,3.096837,4.0249224,195.94547,215.53777,206.56499,4.68,6.4799995,14.759999,0.0,0.0,0.0,0.0,0.0,0.0,21.95533,22.102724,22.180206,285.0,295.0,280.0,0.0,0.0,0.0,0.0,0.0,0.0,0.0,0.0,0.0,0.0,0.0,0.0,0.0,0.0,0.0,0.0,0.0,0.0,0.0,0.0,0.0,0.0,0.0,0.0,0.0,0.0,0.0,0.0,0.0,0.0,0.0,0.0,0.0,0.0,0.0,0.0,1014.7,1014.8,1014.6,0.0,0.0,0.0,9.0,8.0,7.0,0.7071067811865476,0.8660254037844387,0.9659258262890683,-0.7071067811865475,-0.4999999999999998,-0.25881904510252063,1.0,1.0,1.0,0.7818314824680298,0.7818314824680298,0.7818314824680298,0.6234898018587336,0.6234898018587336,0.6234898018587336,4.0,4.0,4.0,0.8660254037844387,0.8660254037844387,0.8660254037844387,-0.4999999999999998,-0.4999999999999998,-0.4999999999999998,23.334666666666664,23.809666833333335,21.478979666666664,21.666945,89.33333333333333,87.83333333333333,27.53605966666667,27.985986999999998,1011.5485833333333,1011.7201,92.33333333333333,76.16666666666667,45.0,46.5,6.0,17.333333333333332,0.0,0.0,0.30577874333333327,0.3603382116666667,2.9858920666666666,3.8649758166666666,197.16108,191.67317166666666,5.5199997,9.239999683333332,0.0,0.0,0.0,0.0,21.966332666666663,22.232000833333334,285.0,292.5,0.0,0.0,0.0,0.0,0.0,0.0,0.0,0.0,0.0,0.0,0.0,0.0,0.0,0.0,0.0,0.0,0.0,0.0,0.0,0.0,0.0,0.0,0.0,0.0,1014.9333333333334,1015.1,0.0,0.0,9.0,7.5,0.6910440616569954,0.8341639729248538,-0.6910440616569953,-0.34552203082849764,1.0,1.0,0.7818314824680298,0.7818314824680298,0.6234898018587336,0.6234898018587336,4.0,4.0,0.8660254037844387,0.8660254037844387,-0.4999999999999998,-0.4999999999999998
2025-04-15 11:00:00+00:00,23.118,21.386925,90.0,27.118032,1011.8119,28.0,14.0,10.0,0.01723288,0.2828207,4.0249224,169.6952,6.8399997,1.0,0.0,21.840944,250.0,13.0,10.0,13.000001,29.672237,22.824799,16.068796,3.0,31.536438,70.041176,6.8474393,38.98097,159.86755,1015.2,11,0.258819045102521,-0.9659258262890682,1,0.7818314824680298,0.6234898018587336,4,0.8660254037844387,-0.4999999999999998,23.118,23.368,23.518,21.386925,21.451084,21.59893,90.0,89.0,89.0,27.2325,27.607315,27.768364,1011.9115,1011.3164,1011.41785,100.0,99.0,78.0,39.0,50.0,46.0,0.0,12.0,6.0,0.0,0.0,0.0,0.2828207,0.31582713,0.3186884,3.2399998,2.6208394,3.096837,180.0,195.94547,215.53777,5.3999996,4.68,6.4799995,0.0,0.0,0.0,0.0,0.0,0.0,21.840944,21.95533,22.102724,275.0,285.0,295.0,0.0,0.0,0.0,0.0,0.0,0.0,0.0,0.0,0.0,0.0,0.0,0.0,0.0,0.0,0.0,0.0,0.0,0.0,0.0,0.0,0.0,0.0,0.0,0.0,0.0,0.0,0.0,0.0,0.0,0.0,0.0,0.0,0.0,0.0,0.0,0.0,1015.3,1014.7,1014.8,0.0,0.0,0.0,10.0,9.0,8.0,0.49999999999999994,0.7071067811865476,0.8660254037844387,-0.8660254037844387,-0.7071067811865475,-0.4999999999999998,1.0,1.0,1.0,0.7818314824680298,0.7818314824680298,0.7818314824680298,0.6234898018587336,0.6234898018587336,0.6234898018587336,4.0,4.0,4.0,0.8660254037844387,0.8660254037844387,0.8660254037844387,-0.4999999999999998,-0.4999999999999998,-0.4999999999999998,23.201333333333334,23.551333333333332,21.408311333333334,21.536735500000002,89.66666666666667,88.5,27.319282333333334,27.6834265,1011.6799333333335,1011.6174666666666,75.66666666666667,70.16666666666667,34.333333333333336,40.166666666666664,7.333333333333333,13.333333333333334,0.005744293333333333,0.0028721466666666666,0.29382284333333336,0.3350559083333333,3.2952538666666666,3.6767269500000004,181.88022333333333,191.971495,5.639999766666667,7.7399996333333325,0.3333333333333333,0.16666666666666666,0.0,0.0,21.87907266666667,22.067642666666668,270.0,281.6666666666667,4.333333333333333,2.1666666666666665,3.3333333333333335,1.6666666666666667,4.333333666666666,2.166666833333333,9.890745666666666,4.945372833333333,7.608266333333333,3.8041331666666665,5.356265333333333,2.6781326666666665,1.0,0.5,10.512146,5.256073,23.347058666666666,11.673529333333333,2.2824797666666665,1.1412398833333333,12.993656666666666,6.496828333333333,53.289183333333334,26.644591666666667,1015.0666666666666,1015.0,0.0,0.0,10.0,8.5,0.4886419420963562,0.7163128427270959,-0.846352670420018,-0.5496461760604291,1.0,1.0,0.7818314824680298,0.7818314824680298,0.6234898018587336,0.6234898018587336,4.0,4.0,0.8660254037844387,0.8660254037844387,-0.4999999999999998,-0.4999999999999998
2025-04-15 12:00:00+00:00,25.668001,23.717962,89.0,31.067741,1012.73773,28.0,0.0,28.0,0.095518045,0.36225438,3.6179552,174.2895,7.92,1.0,3600.0,24.215382,310.0,152.0,68.0,152.0,227.62564,101.83253,227.62564,84.0,352.29312,324.17285,125.79312,527.572,485.46088,1016.1,12,1.2246467991473532e-16,-1.0,1,0.7818314824680298,0.6234898018587336,4,0.8660254037844387,-0.4999999999999998,23.118,23.118,23.368,21.386925,21.386925,21.451084,90.0,90.0,89.0,27.118032,27.2325,27.607315,1011.8119,1011.9115,1011.3164,28.0,100.0,99.0,14.0,39.0,50.0,10.0,0.0,12.0,0.01723288,0.0,0.0,0.2828207,0.2828207,0.31582713,4.0249224,3.2399998,2.6208394,169.6952,180.0,195.94547,6.8399997,5.3999996,4.68,1.0,0.0,0.0,0.0,0.0,0.0,21.840944,21.840944,21.95533,250.0,275.0,285.0,13.0,0.0,0.0,10.0,0.0,0.0,13.000001,0.0,0.0,29.672237,0.0,0.0,22.824799,0.0,0.0,16.068796,0.0,0.0,3.0,0.0,0.0,31.536438,0.0,0.0,70.041176,0.0,0.0,6.8474393,0.0,0.0,38.98097,0.0,0.0,159.86755,0.0,0.0,1015.2,1015.3,1014.7,0.0,0.0,0.0,11.0,10.0,9.0,0.258819045102521,0.49999999999999994,0.7071067811865476,-0.9659258262890682,-0.8660254037844387,-0.7071067811865475,1.0,1.0,1.0,0.7818314824680298,0.7818314824680298,0.7818314824680298,0.6234898018587336,0.6234898018587336,0.6234898018587336,4.0,4.0,4.0,0.8660254037844387,0.8660254037844387,0.8660254037844387,-0.4999999999999998,-0.4999999999999998,-0.4999999999999998,23.968000333333332,23.776333499999996,22.163937333333333,21.8522825,89.66666666666667,89.0,28.472757666666666,28.126960666666665,1012.15371,1011.7362883333334,52.0,62.5,17.666666666666668,31.833333333333332,12.666666666666666,9.333333333333334,0.03758364166666667,0.018791820833333334,0.3092985933333333,0.3245084683333333,3.6276258000000006,3.4375793666666667,174.66156666666666,190.33882166666663,6.719999766666667,7.679999633333334,0.6666666666666666,0.3333333333333333,1200.0,600.0,22.632423333333332,22.355921666666664,278.3333333333333,282.5,55.0,27.5,26.0,13.0,55.00000033333333,27.500000166666666,85.76595900000001,42.882979500000005,41.552443000000004,20.776221500000002,81.23147866666666,40.61573933333333,29.0,14.5,127.94318599999998,63.97159299999999,131.40467533333333,65.70233766666666,44.21351976666667,22.106759883333336,188.85099,94.425495,215.10947666666667,107.55473833333333,1015.5333333333334,1015.1166666666668,0.0,0.0,11.0,9.5,0.2529396817008404,0.5496461760604293,-0.9439837433578356,-0.7163128427270958,1.0,1.0,0.7818314824680298,0.7818314824680298,0.6234898018587336,0.6234898018587336,4.0,4.0,0.8660254037844387,0.8660254037844387,-0.4999999999999998,-0.4999999999999998
2025-04-15 13:00:00+00:00,28.168001,21.942684,69.0,32.205647,1013.3637,37.0,8.0,30.0,0.2603543,1.1823547,5.815978,158.19853,11.159999,1.0,3600.0,23.738108,495.0,358.0,110.0,358.0,439.68286,135.09808,439.68286,248.0,528.89734,637.4874,304.58478,649.57294,782.9394,1016.7,13,-0.2588190451025208,-0.9659258262890683,1,0.7818314824680298,0.6234898018587336,4,0.8660254037844387,-0.4999999999999998,25.668001,23.118,23.118,23.717962,21.386925,21.386925,89.0,90.0,90.0,31.067741,27.118032,27.2325,1012.73773,1011.8119,1011.9115,28.0,28.0,100.0,0.0,14.0,39.0,28.0,10.0,0.0,0.095518045,0.01723288,0.0,0.36225438,0.2828207,0.2828207,3.6179552,4.0249224,3.2399998,174.2895,169.6952,180.0,7.92,6.8399997,5.3999996,1.0,1.0,0.0,3600.0,0.0,0.0,24.215382,21.840944,21.840944,310.0,250.0,275.0,152.0,13.0,0.0,68.0,10.0,0.0,152.0,13.000001,0.0,227.62564,29.672237,0.0,101.83253,22.824799,0.0,227.62564,16.068796,0.0,84.0,3.0,0.0,352.29312,31.536438,0.0,324.17285,70.041176,0.0,125.79312,6.8474393,0.0,527.572,38.98097,0.0,485.46088,159.86755,0.0,1016.1,1015.2,1015.3,0.0,0.0,0.0,12.0,11.0,10.0,1.2246467991473532e-16,0.258819045102521,0.49999999999999994,-1.0,-0.9659258262890682,-0.8660254037844387,1.0,1.0,1.0,0.7818314824680298,0.7818314824680298,0.7818314824680298,0.6234898018587336,0.6234898018587336,0.6234898018587336,4.0,4.0,4.0,0.8660254037844387,0.8660254037844387,0.8660254037844387,-0.4999999999999998,-0.4999999999999998,-0.4999999999999998,25.651334000000002,24.49300033333333,22.349190333333336,21.914085,82.66666666666667,86.0,30.13047333333333,28.833266499999997,1012.6377766666666,1012.09318,31.0,61.666666666666664,7.333333333333333,26.166666666666668,22.666666666666668,14.333333333333334,0.12436840833333333,0.062184204166666666,0.6091432600000001,0.4574610016666667,4.4862852,3.7360886333333334,167.39441,182.27774499999998,8.639999566666665,7.079999633333333,1.0,0.5,2400.0,1200.0,23.264811333333338,22.615572,351.6666666666667,318.3333333333333,174.33333333333334,87.16666666666667,62.666666666666664,31.333333333333332,174.33333366666668,87.16666683333334,232.32691233333335,116.16345616666668,86.58513633333332,43.29256816666666,227.792432,113.896216,111.66666666666667,55.833333333333336,304.2422993333333,152.12114966666664,343.90047533333336,171.95023766666668,145.74177976666667,72.87088988333333,405.3753033333333,202.68765166666665,476.08927666666665,238.04463833333332,1016.0,1015.4666666666667,0.0,0.0,12.0,10.5,1.4802973661668753e-16,0.3455220308284978,-0.9772838841927122,-0.8341639729248538,1.0,1.0,0.7818314824680298,0.7818314824680298,0.6234898018587336,0.6234898018587336,4.0,4.0,0.8660254037844387,0.8660254037844387,-0.4999999999999998,-0.4999999999999998
2025-04-15 14:00:00+00:00,29.168001,21.66104,64.0,32.69143,1013.37476,36.0,26.0,19.0,0.42718223,1.4549339,9.387651,147.52882,17.28,1.0,3600.0,23.886198,610.0,578.0,156.0,578.0,653.83704,176.46812,653.83704,422.0,628.84,912.333,477.3689,711.3476,1032.0365,1016.7,14,-0.4999999999999997,-0.8660254037844388,1,0.7818314824680298,0.6234898018587336,4,0.8660254037844387,-0.4999999999999998,28.168001,25.668001,23.118,21.942684,23.717962,21.386925,69.0,89.0,90.0,32.205647,31.067741,27.118032,1013.3637,1012.73773,1011.8119,37.0,28.0,28.0,8.0,0.0,14.0,30.0,28.0,10.0,0.2603543,0.095518045,0.01723288,1.1823547,0.36225438,0.2828207,5.815978,3.6179552,4.0249224,158.19853,174.2895,169.6952,11.159999,7.92,6.8399997,1.0,1.0,1.0,3600.0,3600.0,0.0,23.738108,24.215382,21.840944,495.0,310.0,250.0,358.0,152.0,13.0,110.0,68.0,10.0,358.0,152.0,13.000001,439.68286,227.62564,29.672237,135.09808,101.83253,22.824799,439.68286,227.62564,16.068796,248.0,84.0,3.0,528.89734,352.29312,31.536438,637.4874,324.17285,70.041176,304.58478,125.79312,6.8474393,649.57294,527.572,38.98097,782.9394,485.46088,159.86755,1016.7,1016.1,1015.2,0.0,0.0,0.0,13.0,12.0,11.0,-0.2588190451025208,1.2246467991473532e-16,0.258819045102521,-0.9659258262890683,-1.0,-0.9659258262890682,1.0,1.0,1.0,0.7818314824680298,0.7818314824680298,0.7818314824680298,0.6234898018587336,0.6234898018587336,0.6234898018587336,4.0,4.0,4.0,0.8660254037844387,0.8660254037844387,0.8660254037844387,-0.4999999999999998,-0.4999999999999998,-0.4999999999999998,27.668001000000004,25.434667166666667,22.440562,21.924436666666665,74.0,81.83333333333333,31.988272666666663,29.6537775,1013.1587300000001,1012.4193316666666,33.666666666666664,54.666666666666664,11.333333333333334,22.833333333333332,25.666666666666668,16.5,0.2610181916666667,0.1333812425,0.99984766,0.6468352516666666,6.2738614,4.784557633333333,160.00561666666667,170.94292,12.119999666666667,8.879999716666667,1.0,0.6666666666666666,3600.0,1800.0,23.946562666666665,22.91281766666667,471.6666666666667,370.8333333333333,362.6666666666667,183.5,111.33333333333333,57.333333333333336,362.6666666666667,183.50000016666664,440.38184666666666,225.13629616666665,137.79957666666667,72.70392149999999,440.38184666666666,222.869056,251.33333333333334,126.16666666666667,503.34348666666665,256.92781633333334,624.6644166666666,324.0057376666667,302.58226666666667,152.43237321666666,629.4975133333334,321.245585,766.81226,410.0507216666667,1016.5,1015.7833333333333,0.0,0.0,13.0,11.5,-0.2529396817008401,0.117851130197758,-0.9439837433578356,-0.8951682068889268,1.0,1.0,0.7818314824680298,0.7818314824680298,0.6234898018587336,0.6234898018587336,4.0,4.0,0.8660254037844387,0.8660254037844387,-0.4999999999999998,-0.4999999999999998
2025-04-15 15:00:00+00:00,29.868,21.80203,62.0,33.726997,1013.2828,50.0,35.0,29.0,0.546572,1.5988495,13.493999,136.08084,24.119999,1.0,3600.0,24.202663,755.0,737.0,200.0,737.0,792.9601,215.1859,792.9601,537.0,646.0584,1129.9868,577.7742,695.11334,1215.7863,1016.6,15,-0.7071067811865471,-0.7071067811865479,1,0.7818314824680298,0.6234898018587336,4,0.8660254037844387,-0.4999999999999998,29.168001,28.168001,25.668001,21.66104,21.942684,23.717962,64.0,69.0,89.0,32.69143,32.205647,31.067741,1013.37476,1013.3637,1012.73773,36.0,37.0,28.0,26.0,8.0,0.0,19.0,30.0,28.0,0.42718223,0.2603543,0.095518045,1.4549339,1.1823547,0.36225438,9.387651,5.815978,3.6179552,147.52882,158.19853,174.2895,17.28,11.159999,7.92,1.0,1.0,1.0,3600.0,3600.0,3600.0,23.886198,23.738108,24.215382,610.0,495.0,310.0,578.0,358.0,152.0,156.0,110.0,68.0,578.0,358.0,152.0,653.83704,439.68286,227.62564,176.46812,135.09808,101.83253,653.83704,439.68286,227.62564,422.0,248.0,84.0,628.84,528.89734,352.29312,912.333,637.4874,324.17285,477.3689,304.58478,125.79312,711.3476,649.57294,527.572,1032.0365,782.9394,485.46088,1016.7,1016.7,1016.1,0.0,0.0,0.0,14.0,13.0,12.0,-0.4999999999999997,-0.2588190451025208,1.2246467991473532e-16,-0.8660254037844388,-0.9659258262890683,-1.0,1.0,1.0,1.0,0.7818314824680298,0.7818314824680298,0.7818314824680298,0.6234898018587336,0.6234898018587336,0.6234898018587336,4.0,4.0,4.0,0.8660254037844387,0.8660254037844387,0.8660254037844387,-0.4999999999999998,-0.4999999999999998,-0.4999999999999998,29.068000666666666,26.5180005,21.801918,21.98292766666667,65.0,77.33333333333333,32.87469133333333,30.673724500000002,1013.34042,1012.747065,41.0,46.5,23.0,20.333333333333332,26.0,19.333333333333332,0.41136950999999994,0.22447657583333333,1.4120460333333333,0.8606723133333333,9.565876000000001,6.5967509,147.26939666666667,160.96548166666665,17.519999333333335,12.119999549999998,1.0,0.8333333333333334,3600.0,2400.0,23.942323000000002,23.28737316666667,620.0,449.1666666666667,557.6666666666666,306.3333333333333,155.33333333333334,90.66666666666667,557.6666666666666,306.3333335,628.8266666666667,357.29631283333333,175.58403333333334,108.56823816666667,628.8266666666667,355.0290726666667,402.3333333333333,215.66666666666666,601.2652466666667,364.60421633333334,893.2690666666667,512.336871,453.24262666666664,248.72807321666664,685.3446266666666,437.0978083333334,1010.2540666666667,612.6817716666666,1016.6666666666666,1016.1,0.0,0.0,14.0,12.5,-0.48864194209635586,-0.11785113019775778,-0.8463526704200183,-0.895168206888927,1.0,1.0,0.7818314824680298,0.7818314824680298,0.6234898018587336,0.6234898018587336,4.0,4.0,0.8660254037844387,0.8660254037844387,-0.4999999999999998,-0.4999999999999998
2025-04-15 16:00:00+00:00,30.218,21.594471,60.0,33.71296,1012.9875,49.0,39.0,28.0,0.5764988,1.7171285,15.815435,138.69148,28.44,1.0,3600.0,24.191406,870.0,761.0,238.0,761.0,788.4725,246.59192,788.4725,523.0,557.36285,1275.6289,541.88055,577.48395,1321.6797,1016.3,16,-0.8660254037844385,-0.5000000000000004,1,0.7818314824680298,0.6234898018587336,4,0.8660254037844387,-0.4999999999999998,29.868,29.168001,28.168001,21.80203,21.66104,21.942684,62.0,64.0,69.0,33.726997,32.69143,32.205647,1013.2828,1013.37476,1013.3637,50.0,36.0,37.0,35.0,26.0,8.0,29.0,19.0,30.0,0.546572,0.42718223,0.2603543,1.5988495,1.4549339,1.1823547,13.493999,9.387651,5.815978,136.08084,147.52882,158.19853,24.119999,17.28,11.159999,1.0,1.0,1.0,3600.0,3600.0,3600.0,24.202663,23.886198,23.738108,755.0,610.0,495.0,737.0,578.0,358.0,200.0,156.0,110.0,737.0,578.0,358.0,792.9601,653.83704,439.68286,215.1859,176.46812,135.09808,792.9601,653.83704,439.68286,537.0,422.0,248.0,646.0584,628.84,528.89734,1129.9868,912.333,637.4874,577.7742,477.3689,304.58478,695.11334,711.3476,649.57294,1215.7863,1032.0365,782.9394,1016.6,1016.7,1016.7,0.0,0.0,0.0,15.0,14.0,13.0,-0.7071067811865471,-0.4999999999999997,-0.2588190451025208,-0.7071067811865479,-0.8660254037844388,-0.9659258262890683,1.0,1.0,1.0,0.7818314824680298,0.7818314824680298,0.7818314824680298,0.6234898018587336,0.6234898018587336,0.6234898018587336,4.0,4.0,4.0,0.8660254037844387,0.8660254037844387,0.8660254037844387,-0.4999999999999998,-0.4999999999999998,-0.4999999999999998,29.751333666666664,27.701333833333337,21.685846999999995,22.017518666666664,62.0,72.33333333333333,33.377129,31.753801166666666,1013.21502,1012.9263983333334,45.0,38.0,33.333333333333336,20.333333333333332,25.333333333333332,24.0,0.51675101,0.32055970916666665,1.5903039666666665,1.0997236133333332,12.899028333333334,8.692656766666667,140.76704666666666,154.08072833333333,23.27999966666667,15.959999616666666,1.0,1.0,3600.0,3000.0,24.093422333333336,23.679116833333335,745.0,548.3333333333334,692.0,433.1666666666667,198.0,130.33333333333334,692.0,433.1666668333333,745.08988,488.70839616666666,212.74864666666667,149.6668915,745.08988,486.44115600000003,494.0,302.8333333333333,610.75375,457.49802466666665,1105.9829,724.9416876666666,532.3412166666666,339.04149821666664,661.3149633333334,533.3451333333334,1189.8341666666665,832.9617216666666,1016.5333333333333,1016.2666666666668,0.0,0.0,15.0,13.5,-0.6910440616569952,-0.3455220308284975,-0.6910440616569957,-0.8341639729248541,1.0,1.0,0.7818314824680298,0.7818314824680298,0.6234898018587336,0.6234898018587336,4.0,4.0,0.8660254037844387,0.8660254037844387,-0.4999999999999998,-0.4999999999999998
2025-04-15 17:00:00+00:00,30.768,21.555025,58.0,34.27324,1011.9969,42.0,31.0,25.0,0.62790644,1.860527,17.566378,135.83023,31.319998,1.0,3600.0,24.349483,815.0,823.0,218.0,823.0,824.94727,218.51581,824.94727,605.0,614.0626,1339.3474,606.43146,615.51556,1342.5165,1015.3,17,-0.9659258262890683,-0.25881904510252063,1,0.7818314824680298,0.6234898018587336,4,0.8660254037844387,-0.4999999999999998,30.218,29.868,29.168001,21.594471,21.80203,21.66104,60.0,62.0,64.0,33.71296,33.726997,32.69143,1012.9875,1013.2828,1013.37476,49.0,50.0,36.0,39.0,35.0,26.0,28.0,29.0,19.0,0.5764988,0.546572,0.42718223,1.7171285,1.5988495,1.4549339,15.815435,13.493999,9.387651,138.69148,136.08084,147.52882,28.44,24.119999,17.28,1.0,1.0,1.0,3600.0,3600.0,3600.0,24.191406,24.202663,23.886198,870.0,755.0,610.0,761.0,737.0,578.0,238.0,200.0,156.0,761.0,737.0,578.0,788.4725,792.9601,653.83704,246.59192,215.1859,176.46812,788.4725,792.9601,653.83704,523.0,537.0,422.0,557.36285,646.0584,628.84,1275.6289,1129.9868,912.333,541.88055,577.7742,477.3689,577.48395,695.11334,711.3476,1321.6797,1215.7863,1032.0365,1016.3,1016.6,1016.7,0.0,0.0,0.0,16.0,15.0,14.0,-0.8660254037844385,-0.7071067811865471,-0.4999999999999997,-0.5000000000000004,-0.7071067811865479,-0.8660254037844388,1.0,1.0,1.0,0.7818314824680298,0.7818314824680298,0.7818314824680298,0.6234898018587336,0.6234898018587336,0.6234898018587336,4.0,4.0,4.0,0.8660254037844387,0.8660254037844387,0.8660254037844387,-0.4999999999999998,-0.4999999999999998,-0.4999999999999998,30.284666666666666,28.97633383333333,21.650508666666667,22.045535333333333,60.0,67.0,33.904399000000005,32.94633583333333,1012.7557333333333,1012.9572316666666,47.0,40.333333333333336,35.0,23.166666666666668,27.333333333333332,26.5,0.5836590799999999,0.42233863583333336,1.725501666666667,1.3626746633333333,15.625270666666667,10.949566033333333,136.8675166666667,148.43656666666666,27.959999,20.039999333333334,1.0,1.0,3600.0,3600.0,24.247850666666665,24.097206666666665,813.3333333333334,642.5,773.6666666666666,568.1666666666666,218.66666666666666,165.0,773.6666666666666,568.1666666666666,802.1266233333332,621.254235,226.76454333333334,182.28206,802.1266233333332,621.254235,555.0,403.1666666666667,605.8279499999999,554.5857183333333,1248.3210333333334,936.4927250000001,575.36207,438.9721683333334,629.37095,629.4342316666667,1293.3275,1030.06988,1016.0666666666666,1016.2833333333333,0.0,0.0,16.0,14.5,-0.846352670420018,-0.5496461760604291,-0.4886419420963563,-0.7163128427270959,1.0,1.0,0.7818314824680298,0.7818314824680298,0.6234898018587336,0.6234898018587336,4.0,4.0,0.8660254037844387,0.8660254037844387,-0.4999999999999998,-0.4999999999999998
2025-04-15 18:00:00+00:00,30.568,21.368248,58.0,33.16896,1011.99457,47.0,26.0,35.0,0.6360768,1.8394549,22.932877,137.54485,33.839996,1.0,3600.0,24.171219,750.0,841.0,279.0,841.0,815.50287,270.54138,815.50287,562.0,580.1642,1316.818,544.9615,562.575,1276.8951,1015.3,18,-1.0,-1.8369701987210297e-16,1,0.7818314824680298,0.6234898018587336,4,0.8660254037844387,-0.4999999999999998,30.768,30.218,29.868,21.555025,21.594471,21.80203,58.0,60.0,62.0,34.27324,33.71296,33.726997,1011.9969,1012.9875,1013.2828,42.0,49.0,50.0,31.0,39.0,35.0,25.0,28.0,29.0,0.62790644,0.5764988,0.546572,1.860527,1.7171285,1.5988495,17.566378,15.815435,13.493999,135.83023,138.69148,136.08084,31.319998,28.44,24.119999,1.0,1.0,1.0,3600.0,3600.0,3600.0,24.349483,24.191406,24.202663,815.0,870.0,755.0,823.0,761.0,737.0,218.0,238.0,200.0,823.0,761.0,737.0,824.94727,788.4725,792.9601,218.51581,246.59192,215.1859,824.94727,788.4725,792.9601,605.0,523.0,537.0,614.0626,557.36285,646.0584,1339.3474,1275.6289,1129.9868,606.43146,541.88055,577.7742,615.51556,577.48395,695.11334,1342.5165,1321.6797,1215.7863,1015.3,1016.3,1016.6,0.0,0.0,0.0,17.0,16.0,15.0,-0.9659258262890683,-0.8660254037844385,-0.7071067811865471,-0.25881904510252063,-0.5000000000000004,-0.7071067811865479,1.0,1.0,1.0,0.7818314824680298,0.7818314824680298,0.7818314824680298,0.6234898018587336,0.6234898018587336,0.6234898018587336,4.0,4.0,4.0,0.8660254037844387,0.8660254037844387,0.8660254037844387,-0.4999999999999998,-0.4999999999999998,-0.4999999999999998,30.518,29.793000333333335,21.505914666666666,21.65391633333333,58.666666666666664,61.833333333333336,33.71838666666667,33.296538999999996,1012.3263233333333,1012.8333716666666,46.0,43.5,32.0,27.5,29.333333333333332,27.666666666666668,0.6134940133333333,0.5124317616666666,1.8057034666666667,1.60887475,18.771563333333333,14.168719666666668,137.35551999999998,142.31245833333332,31.199998000000004,24.359998666666666,1.0,1.0,3600.0,3600.0,24.237369333333334,24.089846166666664,811.6666666666666,715.8333333333334,808.3333333333334,683.0,245.0,200.16666666666666,808.3333333333334,683.0,809.6408799999999,719.2337733333334,245.21636999999998,210.40020166666667,809.6408799999999,719.2337733333334,563.3333333333334,482.8333333333333,583.8632166666666,592.5642316666666,1310.5981000000002,1101.9335833333334,564.4245033333333,508.83356499999996,585.1915033333335,635.2680650000001,1313.6971,1161.9755833333334,1015.6333333333333,1016.15,0.0,0.0,17.0,15.5,-0.9439837433578356,-0.7163128427270958,-0.2529396817008404,-0.5496461760604293,1.0,1.0,0.7818314824680298,0.7818314824680298,0.6234898018587336,0.6234898018587336,4.0,4.0,0.8660254037844387,0.8660254037844387,-0.4999999999999998,-0.4999999999999998
2025-04-15 19:00:00+00:00,30.318,20.851732,57.0,32.10356,1010.8953,48.0,19.0,36.0,0.5669902,1.8566277,22.725668,139.49724,39.96,1.0,3600.0,23.780373,725.0,720.0,256.0,720.0,672.20966,239.00787,672.20966,464.0,521.44446,1209.5952,433.20178,486.8333,1129.3077,1014.2,19,-0.9659258262890684,0.2588190451025203,1,0.7818314824680298,0.6234898018587336,4,0.8660254037844387,-0.4999999999999998,30.568,30.768,30.218,21.368248,21.555025,21.594471,58.0,58.0,60.0,33.16896,34.27324,33.71296,1011.99457,1011.9969,1012.9875,47.0,42.0,49.0,26.0,31.0,39.0,35.0,25.0,28.0,0.6360768,0.62790644,0.5764988,1.8394549,1.860527,1.7171285,22.932877,17.566378,15.815435,137.54485,135.83023,138.69148,33.839996,31.319998,28.44,1.0,1.0,1.0,3600.0,3600.0,3600.0,24.171219,24.349483,24.191406,750.0,815.0,870.0,841.0,823.0,761.0,279.0,218.0,238.0,841.0,823.0,761.0,815.50287,824.94727,788.4725,270.54138,218.51581,246.59192,815.50287,824.94727,788.4725,562.0,605.0,523.0,580.1642,614.0626,557.36285,1316.818,1339.3474,1275.6289,544.9615,606.43146,541.88055,562.575,615.51556,577.48395,1276.8951,1342.5165,1321.6797,1015.3,1015.3,1016.3,0.0,0.0,0.0,18.0,17.0,16.0,-1.0,-0.9659258262890683,-0.8660254037844385,-1.8369701987210297e-16,-0.25881904510252063,-0.5000000000000004,1.0,1.0,1.0,0.7818314824680298,0.7818314824680298,0.7818314824680298,0.6234898018587336,0.6234898018587336,0.6234898018587336,4.0,4.0,4.0,0.8660254037844387,0.8660254037844387,0.8660254037844387,-0.4999999999999998,-0.4999999999999998,-0.4999999999999998,30.551333333333332,30.151333500000003,21.258335,21.472090999999995,57.666666666666664,59.833333333333336,33.18192,33.2795245,1011.6289233333333,1012.4219716666666,45.666666666666664,45.333333333333336,25.333333333333332,29.333333333333332,32.0,28.666666666666668,0.61032448,0.563537745,1.8522032,1.7212535833333336,21.074974333333333,16.987001333333335,137.62410666666668,139.19557666666665,35.039998000000004,29.159998833333333,1.0,1.0,3600.0,3600.0,24.100358333333332,24.096890333333334,763.3333333333334,754.1666666666666,794.6666666666666,743.3333333333334,251.0,224.5,794.6666666666666,743.3333333333334,770.8866000000002,757.98824,242.68835333333334,227.71849999999998,770.8866000000002,757.98824,543.6666666666666,518.8333333333334,571.8904200000001,591.322085,1288.5868666666668,1197.2848833333335,528.1982466666667,530.2697316666666,554.97462,608.1447916666667,1249.5730999999998,1219.7036333333333,1014.9333333333333,1015.7333333333332,0.0,0.0,18.0,16.5,-0.9772838841927122,-0.8341639729248538,-1.295260195396016e-16,-0.3455220308284979,1.0,1.0,0.7818314824680298,0.7818314824680298,0.6234898018587336,0.6234898018587336,4.0,4.0,0.8660254037844387,0.8660254037844387,-0.4999999999999998,-0.4999999999999998
2025-04-15 20:00:00+00:00,29.768,19.761974,55.0,30.560608,1010.3909,100.0,13.0,44.0,0.45285007,1.88288,20.188908,140.06367,39.239998,1.0,3600.0,22.95694,675.0,527.0,280.0,527.0,467.78424,248.53812,467.78424,247.0,327.55923,1025.0073,219.24612,290.75342,909.83356,1013.7,20,-0.8660254037844386,0.5000000000000001,1,0.7818314824680298,0.6234898018587336,4,0.8660254037844387,-0.4999999999999998,30.318,30.568,30.768,20.851732,21.368248,21.555025,57.0,58.0,58.0,32.10356,33.16896,34.27324,1010.8953,1011.99457,1011.9969,48.0,47.0,42.0,19.0,26.0,31.0,36.0,35.0,25.0,0.5669902,0.6360768,0.62790644,1.8566277,1.8394549,1.860527,22.725668,22.932877,17.566378,139.49724,137.54485,135.83023,39.96,33.839996,31.319998,1.0,1.0,1.0,3600.0,3600.0,3600.0,23.780373,24.171219,24.349483,725.0,750.0,815.0,720.0,841.0,823.0,256.0,279.0,218.0,720.0,841.0,823.0,672.20966,815.50287,824.94727,239.00787,270.54138,218.51581,672.20966,815.50287,824.94727,464.0,562.0,605.0,521.44446,580.1642,614.0626,1209.5952,1316.818,1339.3474,433.20178,544.9615,606.43146,486.8333,562.575,615.51556,1129.3077,1276.8951,1342.5165,1014.2,1015.3,1015.3,0.0,0.0,0.0,19.0,18.0,17.0,-0.9659258262890684,-1.0,-0.9659258262890683,0.2588190451025203,-1.8369701987210297e-16,-0.25881904510252063,1.0,1.0,1.0,0.7818314824680298,0.7818314824680298,0.7818314824680298,0.6234898018587336,0.6234898018587336,0.6234898018587336,4.0,4.0,4.0,0.8660254037844387,0.8660254037844387,0.8660254037844387,-0.4999999999999998,-0.4999999999999998,-0.4999999999999998,30.218,30.251333333333335,20.660651333333334,21.155579999999997,56.666666666666664,58.333333333333336,31.944376000000002,32.9243875,1011.09359,1011.9246616666666,65.0,56.0,19.333333333333332,27.166666666666668,38.333333333333336,32.833333333333336,0.5519723566666667,0.5678157183333333,1.8596541999999998,1.7925779333333336,21.949151,18.787210833333333,139.03525333333334,137.951385,37.679998000000005,32.819998500000004,1.0,1.0,3600.0,3600.0,23.636177333333336,23.942014,716.6666666666666,765.0,696.0,734.8333333333334,271.6666666666667,245.16666666666666,696.0,734.8333333333334,651.8322566666667,726.97944,252.69579,239.7301666666667,651.8322566666667,726.9794400000001,424.3333333333333,489.6666666666667,476.38929666666667,541.1086233333333,1183.8068333333333,1216.0639333333331,399.13646666666665,487.2492683333333,446.72057333333333,538.0457616666667,1105.3454533333334,1199.3364766666666,1014.4000000000001,1015.2333333333335,0.0,0.0,19.0,17.5,-0.9439837433578356,-0.8951682068889268,0.2529396817008401,-0.11785113019775813,1.0,1.0,0.7818314824680298,0.7818314824680298,0.6234898018587336,0.6234898018587336,4.0,4.0,0.8660254037844387,0.8660254037844387,-0.4999999999999998,-0.4999999999999998
2025-04-15 21:00:00+00:00,29.218,20.107304,58.0,30.564892,1010.08594,100.0,0.0,43.0,0.323587,1.7025607,17.57744,145.0079,34.92,1.0,3457.3032,22.967945,620.0,342.0,242.0,342.0,279.29944,197.63295,279.29944,100.0,175.24344,775.65375,81.666504,143.11519,633.44934,1013.4,21,-0.7071067811865477,0.7071067811865474,1,0.7818314824680298,0.6234898018587336,4,0.8660254037844387,-0.4999999999999998,29.768,30.318,30.568,19.761974,20.851732,21.368248,55.0,57.0,58.0,30.560608,32.10356,33.16896,1010.3909,1010.8953,1011.99457,100.0,48.0,47.0,13.0,19.0,26.0,44.0,36.0,35.0,0.45285007,0.5669902,0.6360768,1.88288,1.8566277,1.8394549,20.188908,22.725668,22.932877,140.06367,139.49724,137.54485,39.239998,39.96,33.839996,1.0,1.0,1.0,3600.0,3600.0,3600.0,22.95694,23.780373,24.171219,675.0,725.0,750.0,527.0,720.0,841.0,280.0,256.0,279.0,527.0,720.0,841.0,467.78424,672.20966,815.50287,248.53812,239.00787,270.54138,467.78424,672.20966,815.50287,247.0,464.0,562.0,327.55923,521.44446,580.1642,1025.0073,1209.5952,1316.818,219.24612,433.20178,544.9615,290.75342,486.8333,562.575,909.83356,1129.3077,1276.8951,1013.7,1014.2,1015.3,0.0,0.0,0.0,20.0,19.0,18.0,-0.8660254037844386,-0.9659258262890684,-1.0,0.5000000000000001,0.2588190451025203,-1.8369701987210297e-16,1.0,1.0,1.0,0.7818314824680298,0.7818314824680298,0.7818314824680298,0.6234898018587336,0.6234898018587336,0.6234898018587336,4.0,4.0,4.0,0.8660254037844387,0.8660254037844387,0.8660254037844387,-0.4999999999999998,-0.4999999999999998,-0.4999999999999998,29.768,30.143,20.240336666666664,20.873125666666667,56.666666666666664,57.666666666666664,31.076353333333333,32.39737,1010.45738,1011.3918516666668,82.66666666666667,64.33333333333333,10.666666666666666,21.333333333333332,41.0,35.166666666666664,0.44780909,0.5306515516666667,1.8140228,1.8098631333333335,20.164005333333332,19.46778433333333,141.52293666666668,139.43922833333332,38.039999333333334,34.61999866666667,1.0,1.0,3552.4344,3576.2171999999996,23.235086,23.736227666666668,673.3333333333334,742.5,529.6666666666666,669.0,259.3333333333333,252.16666666666666,529.6666666666666,669.0,473.09778,641.36933,228.39298,236.804675,473.09778,641.36933,270.3333333333333,416.8333333333333,341.41571,462.63946333333337,1003.4187499999998,1157.008425,244.7048013333333,404.5646523333333,306.9006366666667,446.04607000000004,890.8635333333333,1102.2803166666667,1013.7666666666668,1014.6999999999999,0.0,0.0,20.0,18.5,-0.8463526704200183,-0.895168206888927,0.488641942096356,0.11785113019775774,1.0,1.0,0.7818314824680298,0.7818314824680298,0.6234898018587336,0.6234898018587336,4.0,4.0,0.8660254037844387,0.8660254037844387,-0.4999999999999998,-0.4999999999999998
2025-04-15 22:00:00+00:00,28.568,20.8374,63.0,30.523754,1010.378,38.0,0.0,33.0,0.21469331,1.4444807,15.986593,144.16226,29.88,1.0,3600.0,23.182486,545.0,203.0,116.0,203.0,135.32416,77.32809,135.32416,87.0,247.11098,478.54938,57.996067,164.72948,319.0113,1013.7,22,-0.5000000000000004,0.8660254037844384,1,0.7818314824680298,0.6234898018587336,4,0.8660254037844387,-0.4999999999999998,29.218,29.768,30.318,20.107304,19.761974,20.851732,58.0,55.0,57.0,30.564892,30.560608,32.10356,1010.08594,1010.3909,1010.8953,100.0,100.0,48.0,0.0,13.0,19.0,43.0,44.0,36.0,0.323587,0.45285007,0.5669902,1.7025607,1.88288,1.8566277,17.57744,20.188908,22.725668,145.0079,140.06367,139.49724,34.92,39.239998,39.96,1.0,1.0,1.0,3457.3032,3600.0,3600.0,22.967945,22.95694,23.780373,620.0,675.0,725.0,342.0,527.0,720.0,242.0,280.0,256.0,342.0,527.0,720.0,279.29944,467.78424,672.20966,197.63295,248.53812,239.00787,279.29944,467.78424,672.20966,100.0,247.0,464.0,175.24344,327.55923,521.44446,775.65375,1025.0073,1209.5952,81.666504,219.24612,433.20178,143.11519,290.75342,486.8333,633.44934,909.83356,1129.3077,1013.4,1013.7,1014.2,0.0,0.0,0.0,21.0,20.0,19.0,-0.7071067811865477,-0.8660254037844386,-0.9659258262890684,0.7071067811865474,0.5000000000000001,0.2588190451025203,1.0,1.0,1.0,0.7818314824680298,0.7818314824680298,0.7818314824680298,0.6234898018587336,0.6234898018587336,0.6234898018587336,4.0,4.0,4.0,0.8660254037844387,0.8660254037844387,0.8660254037844387,-0.4999999999999998,-0.4999999999999998,-0.4999999999999998,29.18466666666667,29.868,20.23555933333333,20.74694716666667,58.666666666666664,58.166666666666664,30.549751333333333,31.865835666666666,1010.2849466666667,1010.956935,79.33333333333333,62.5,4.333333333333333,14.833333333333334,40.0,36.0,0.3303767933333333,0.4703506366666667,1.6766404666666668,1.7644218333333335,17.917647,19.496310666666666,143.07794333333334,140.35102500000002,34.679999333333335,34.85999866666666,1.0,1.0,3552.4344,3576.2171999999996,23.035790333333335,23.568074333333332,613.3333333333334,688.3333333333334,357.3333333333333,576.0,212.66666666666666,231.83333333333334,357.3333333333333,576.0,294.1359466666667,532.5112733333334,174.49972,208.59403666666665,294.1359466666667,532.5112733333333,144.66666666666666,344.1666666666667,249.97121666666666,410.9308183333333,759.73681,1024.1618383333334,119.63623033333333,323.9172385,199.53269666666665,377.25365833333336,620.7647333333333,935.1689166666669,1013.6,1014.2666666666665,0.0,0.0,21.0,19.5,-0.6910440616569956,-0.8341639729248539,0.6910440616569954,0.3455220308284976,1.0,1.0,0.7818314824680298,0.7818314824680298,0.6234898018587336,0.6234898018587336,4.0,4.0,0.8660254037844387,0.8660254037844387,-0.4999999999999998,-0.4999999999999998
2025-04-15 23:00:00+00:00,27.118,21.634426,72.0,29.998158,1010.5611,91.0,0.0,29.0,0.08675563,1.004508,12.594856,149.03632,27.359999,1.0,1788.3152,23.204863,425.0,56.0,33.0,56.000008,0.0,0.0,0.0,23.0,149.40343,153.95941,0.0,0.0,0.0,1013.9,23,-0.25881904510252157,0.9659258262890681,1,0.7818314824680298,0.6234898018587336,4,0.8660254037844387,-0.4999999999999998,28.568,29.218,29.768,20.8374,20.107304,19.761974,63.0,58.0,55.0,30.523754,30.564892,30.560608,1010.378,1010.08594,1010.3909,38.0,100.0,100.0,0.0,0.0,13.0,33.0,43.0,44.0,0.21469331,0.323587,0.45285007,1.4444807,1.7025607,1.88288,15.986593,17.57744,20.188908,144.16226,145.0079,140.06367,29.88,34.92,39.239998,1.0,1.0,1.0,3600.0,3457.3032,3600.0,23.182486,22.967945,22.95694,545.0,620.0,675.0,203.0,342.0,527.0,116.0,242.0,280.0,203.0,342.0,527.0,135.32416,279.29944,467.78424,77.32809,197.63295,248.53812,135.32416,279.29944,467.78424,87.0,100.0,247.0,247.11098,175.24344,327.55923,478.54938,775.65375,1025.0073,57.996067,81.666504,219.24612,164.72948,143.11519,290.75342,319.0113,633.44934,909.83356,1013.7,1013.4,1013.7,0.0,0.0,0.0,22.0,21.0,20.0,-0.5000000000000004,-0.7071067811865477,-0.8660254037844386,0.8660254037844384,0.7071067811865474,0.5000000000000001,1.0,1.0,1.0,0.7818314824680298,0.7818314824680298,0.7818314824680298,0.6234898018587336,0.6234898018587336,0.6234898018587336,4.0,4.0,4.0,0.8660254037844387,0.8660254037844387,0.8660254037844387,-0.4999999999999998,-0.4999999999999998,-0.4999999999999998,28.301333333333332,29.259666666666664,20.859710000000003,20.760180666666667,64.33333333333333,60.5,30.362268,31.153322000000003,1010.34168,1010.717635,76.33333333333333,70.66666666666667,0.0,9.666666666666666,35.0,36.666666666666664,0.20834531333333337,0.380158835,1.3838498000000001,1.6217519999999999,15.386296333333334,18.667723666666667,146.06882666666667,142.55204,30.71999966666667,34.19999883333333,1.0,1.0,2948.5394666666666,3274.269733333333,23.118431333333334,23.37730433333333,530.0,623.3333333333334,200.33333333333334,448.1666666666667,130.33333333333334,201.0,200.333336,448.166668,138.20786666666666,395.02006166666666,91.65368000000001,172.17473499999997,138.20786666666666,395.0200616666666,70.0,247.16666666666666,190.58594999999994,333.4876233333334,469.3875133333333,826.5971733333332,46.55419033333334,222.84532850000002,102.61489,274.66773166666667,317.48688,711.4161666666665,1013.6666666666666,1014.0333333333334,0.0,0.0,22.0,20.5,-0.4886419420963566,-0.716312842727096,0.846352670420018,0.5496461760604291,1.0,1.0,0.7818314824680298,0.7818314824680298,0.6234898018587336,0.6234898018587336,4.0,4.0,0.8660254037844387,0.8660254037844387,-0.4999999999999998,-0.4999999999999998
2025-04-16 00:00:00+00:00,26.268,20.591406,71.0,28.551529,1011.349,5.0,0.0,5.0,0.052355904,0.98979545,12.879752,153.43501,21.24,0.0,0.0,22.263762,410.0,0.0,0.0,0.0,0.0,0.0,0.0,0.0,0.0,0.0,0.0,0.0,0.0,1014.7,0,0.0,1.0,2,0.9749279121818236,-0.22252093395631434,4,0.8660254037844387,-0.4999999999999998,27.118,28.568,29.218,21.634426,20.8374,20.107304,72.0,63.0,58.0,29.998158,30.523754,30.564892,1010.5611,1010.378,1010.08594,91.0,38.0,100.0,0.0,0.0,0.0,29.0,33.0,43.0,0.08675563,0.21469331,0.323587,1.004508,1.4444807,1.7025607,12.594856,15.986593,17.57744,149.03632,144.16226,145.0079,27.359999,29.88,34.92,1.0,1.0,1.0,1788.3152,3600.0,3457.3032,23.204863,23.182486,22.967945,425.0,545.0,620.0,56.0,203.0,342.0,33.0,116.0,242.0,56.000008,203.0,342.0,0.0,135.32416,279.29944,0.0,77.32809,197.63295,0.0,135.32416,279.29944,23.0,87.0,100.0,149.40343,247.11098,175.24344,153.95941,478.54938,775.65375,0.0,57.996067,81.666504,0.0,164.72948,143.11519,0.0,319.0113,633.44934,1013.9,1013.7,1013.4,0.0,0.0,0.0,23.0,22.0,21.0,-0.25881904510252157,-0.5000000000000004,-0.7071067811865477,0.9659258262890681,0.8660254037844384,0.7071067811865474,1.0,1.0,1.0,0.7818314824680298,0.7818314824680298,0.7818314824680298,0.6234898018587336,0.6234898018587336,0.6234898018587336,4.0,4.0,4.0,0.8660254037844387,0.8660254037844387,0.8660254037844387,-0.4999999999999998,-0.4999999999999998,-0.4999999999999998,27.317999999999998,28.543000000000003,21.021077333333334,20.630706999999997,68.66666666666667,62.666666666666664,29.691147,30.38375016666667,1010.7627000000001,1010.61004,44.666666666666664,63.666666666666664,0.0,5.333333333333333,22.333333333333332,31.666666666666668,0.117934948,0.282872019,1.1462613833333333,1.4801420916666668,13.820400333333334,16.992202833333334,148.87786333333335,145.2004,26.159999666666668,32.0999995,0.6666666666666666,0.8333333333333334,1796.1050666666663,2674.269733333333,22.883703666666666,23.059394833333332,460.0,566.6666666666666,86.33333333333333,308.0,49.666666666666664,154.5,86.33333599999999,308.0000013333334,45.10805333333334,259.10291666666666,25.776030000000002,127.084505,45.10805333333334,259.10291666666666,36.666666666666664,153.5,132.17146999999997,236.79359,210.83626333333333,607.1275066666666,19.33202233333333,132.01841183333332,54.90982666666667,180.9052316666667,106.3371,498.6003166666667,1014.1,1013.9333333333334,0.0,0.0,15.0,17.5,-0.2529396817008407,-0.5496461760604295,0.9439837433578355,0.7163128427270956,1.3333333333333333,1.1666666666666667,0.8461969590392945,0.8140142207536621,0.34148622325371764,0.4824880125562256,4.0,4.0,0.8660254037844387,0.8660254037844387,-0.4999999999999998,-0.4999999999999998
2025-04-16 01:00:00+00:00,25.418001,20.663572,75.0,28.279858,1011.8378,0.0,0.0,0.0,0.027221302,0.81143785,9.178235,168.69011,21.24,0.0,0.0,22.03349,435.0,0.0,0.0,0.0,0.0,0.0,0.0,0.0,0.0,0.0,0.0,0.0,0.0,1015.2,1,0.25881904510252074,0.9659258262890683,2,0.9749279121818236,-0.22252093395631434,4,0.8660254037844387,-0.4999999999999998,26.268,27.118,28.568,20.591406,21.634426,20.8374,71.0,72.0,63.0,28.551529,29.998158,30.523754,1011.349,1010.5611,1010.378,5.0,91.0,38.0,0.0,0.0,0.0,5.0,29.0,33.0,0.052355904,0.08675563,0.21469331,0.98979545,1.004508,1.4444807,12.879752,12.594856,15.986593,153.43501,149.03632,144.16226,21.24,27.359999,29.88,0.0,1.0,1.0,0.0,1788.3152,3600.0,22.263762,23.204863,23.182486,410.0,425.0,545.0,0.0,56.0,203.0,0.0,33.0,116.0,0.0,56.000008,203.0,0.0,0.0,135.32416,0.0,0.0,77.32809,0.0,0.0,135.32416,0.0,23.0,87.0,0.0,149.40343,247.11098,0.0,153.95941,478.54938,0.0,0.0,57.996067,0.0,0.0,164.72948,0.0,0.0,319.0113,1014.7,1013.9,1013.7,0.0,0.0,0.0,0.0,23.0,22.0,0.0,-0.25881904510252157,-0.5000000000000004,1.0,0.9659258262890681,0.8660254037844384,2.0,1.0,1.0,0.9749279121818236,0.7818314824680298,0.7818314824680298,-0.22252093395631434,0.6234898018587336,0.6234898018587336,4.0,4.0,4.0,0.8660254037844387,0.8660254037844387,0.8660254037844387,-0.4999999999999998,-0.4999999999999998,-0.4999999999999998,26.268000333333333,27.7263335,20.963134666666665,20.599346999999998,72.66666666666667,65.66666666666667,28.943181666666664,29.746466499999997,1011.2493000000001,1010.7671233333334,32.0,55.666666666666664,0.0,2.1666666666666665,11.333333333333334,25.666666666666668,0.05544427866666667,0.192910536,0.9352471000000001,1.3059437833333334,11.550947666666668,14.734297333333332,157.05381333333332,150.06587833333333,23.27999966666667,28.9799995,0.3333333333333333,0.6666666666666666,596.1050666666666,2074.269733333333,22.500705,22.768247666666667,423.3333333333333,518.3333333333334,18.666666666666668,188.0,11.0,111.83333333333333,18.666669333333335,188.00000133333333,0.0,147.06797333333336,0.0,87.24986,0.0,147.06797333333336,7.666666666666667,76.16666666666667,49.80114333333329,149.88618,51.31980333333333,405.5283066666666,0.0,59.818115166666665,0.0,99.76634833333333,0.0,310.38236666666666,1014.6,1014.1,0.0,0.0,8.0,14.5,-2.7755575615628914e-16,-0.3455220308284979,0.9772838841927122,0.8341639729248537,1.6666666666666667,1.3333333333333333,0.9105624356105589,0.8461969590392943,0.05948264464870164,0.34148622325371764,4.0,4.0,0.8660254037844387,0.8660254037844387,-0.4999999999999998,-0.4999999999999998
2025-04-16 02:00:00+00:00,24.668001,21.188301,81.0,28.143291,1012.627,11.0,0.0,7.0,0.008876509,0.58975387,6.87779,173.99109,15.119999,0.0,0.0,22.147366,385.0,0.0,0.0,0.0,0.0,0.0,0.0,0.0,0.0,0.0,0.0,0.0,0.0,1016.0,2,0.49999999999999994,0.8660254037844387,2,0.9749279121818236,-0.22252093395631434,4,0.8660254037844387,-0.4999999999999998,25.418001,26.268,27.118,20.663572,20.591406,21.634426,75.0,71.0,72.0,28.279858,28.551529,29.998158,1011.8378,1011.349,1010.5611,0.0,5.0,91.0,0.0,0.0,0.0,0.0,5.0,29.0,0.027221302,0.052355904,0.08675563,0.81143785,0.98979545,1.004508,9.178235,12.879752,12.594856,168.69011,153.43501,149.03632,21.24,21.24,27.359999,0.0,0.0,1.0,0.0,0.0,1788.3152,22.03349,22.263762,23.204863,435.0,410.0,425.0,0.0,0.0,56.0,0.0,0.0,33.0,0.0,0.0,56.000008,0.0,0.0,0.0,0.0,0.0,0.0,0.0,0.0,0.0,0.0,0.0,23.0,0.0,0.0,149.40343,0.0,0.0,153.95941,0.0,0.0,0.0,0.0,0.0,0.0,0.0,0.0,0.0,1015.2,1014.7,1013.9,0.0,0.0,0.0,1.0,0.0,23.0,0.25881904510252074,0.0,-0.25881904510252157,0.9659258262890683,1.0,0.9659258262890681,2.0,2.0,1.0,0.9749279121818236,0.9749279121818236,0.7818314824680298,-0.22252093395631434,-0.22252093395631434,0.6234898018587336,4.0,4.0,4.0,0.8660254037844387,0.8660254037844387,0.8660254037844387,-0.4999999999999998,-0.4999999999999998,-0.4999999999999998,25.451334000000003,26.876333666666667,20.81442633333333,20.837068166666665,75.66666666666667,70.0,28.324892666666667,29.343580333333332,1011.9379333333333,1011.1398066666666,5.333333333333333,40.833333333333336,0.0,0.0,4.0,19.5,0.029484571666666667,0.11891494250000001,0.7969957233333332,1.0904227616666666,9.645259000000001,12.515777666666667,165.37207,155.72044833333334,19.199999666666667,24.959999666666665,0.0,0.5,0.0,1474.2697333333333,22.148206,22.633318666666668,410.0,470.0,0.0,100.16666666666667,0.0,65.16666666666667,0.0,100.166668,0.0,69.10393333333333,0.0,45.826840000000004,0.0,69.10393333333333,0.0,35.0,0.0,95.292975,0.0,234.69375666666664,0.0,23.27709516666667,0.0,51.307445,0.0,158.74344,1015.3000000000001,1014.4833333333332,0.0,0.0,1.0,11.5,0.25293968170084025,-0.11785113019775821,0.9439837433578356,0.8951682068889267,2.0,1.5,0.9749279121818236,0.8783796973249266,-0.22252093395631434,0.20048443395120963,4.0,4.0,0.8660254037844387,0.8660254037844387,-0.4999999999999998,-0.4999999999999998
2025-04-16 03:00:00+00:00,24.068,21.57932,86.0,27.916985,1013.3177,93.0,24.0,24.0,0.0,0.41922545,5.771239,176.42374,11.879999,0.0,0.0,22.241863,450.0,0.0,0.0,0.0,0.0,0.0,0.0,0.0,0.0,0.0,0.0,0.0,0.0,1016.7,3,0.7071067811865476,0.7071067811865476,2,0.9749279121818236,-0.22252093395631434,4,0.8660254037844387,-0.4999999999999998,24.668001,25.418001,26.268,21.188301,20.663572,20.591406,81.0,75.0,71.0,28.143291,28.279858,28.551529,1012.627,1011.8378,1011.349,11.0,0.0,5.0,0.0,0.0,0.0,7.0,0.0,5.0,0.008876509,0.027221302,0.052355904,0.58975387,0.81143785,0.98979545,6.87779,9.178235,12.879752,173.99109,168.69011,153.43501,15.119999,21.24,21.24,0.0,0.0,0.0,0.0,0.0,0.0,22.147366,22.03349,22.263762,385.0,435.0,410.0,0.0,0.0,0.0,0.0,0.0,0.0,0.0,0.0,0.0,0.0,0.0,0.0,0.0,0.0,0.0,0.0,0.0,0.0,0.0,0.0,0.0,0.0,0.0,0.0,0.0,0.0,0.0,0.0,0.0,0.0,0.0,0.0,0.0,0.0,0.0,0.0,1016.0,1015.2,1014.7,0.0,0.0,0.0,2.0,1.0,0.0,0.49999999999999994,0.25881904510252074,0.0,0.8660254037844387,0.9659258262890683,1.0,2.0,2.0,2.0,0.9749279121818236,0.9749279121818236,0.9749279121818236,-0.22252093395631434,-0.22252093395631434,-0.22252093395631434,4.0,4.0,4.0,0.8660254037844387,0.8660254037844387,0.8660254037844387,-0.4999999999999998,-0.4999999999999998,-0.4999999999999998,24.71800066666667,26.018000333333333,21.143731,21.082404166666667,80.66666666666667,74.66666666666667,28.113378,28.902262500000003,1012.5941666666666,1011.6784333333334,34.666666666666664,39.666666666666664,8.0,4.0,10.333333333333334,16.333333333333332,0.012032603666666667,0.06498377583333333,0.6068057233333334,0.8765335533333333,7.275754666666667,10.5480775,173.03498,160.95642166666667,16.079999333333333,21.119999500000002,0.0,0.3333333333333333,0.0,898.0525333333331,22.140906333333334,22.512305,423.3333333333333,441.6666666666667,0.0,43.166666666666664,0.0,24.833333333333332,0.0,43.166667999999994,0.0,22.55402666666667,0.0,12.888015000000001,0.0,22.55402666666667,0.0,18.333333333333332,0.0,66.085735,0.0,105.41813166666667,0.0,9.666011166666665,0.0,27.454913333333334,0.0,53.16855,1015.9666666666667,1015.0333333333333,0.0,0.0,2.0,8.5,0.4886419420963561,0.11785113019775768,0.8463526704200183,0.8951682068889268,2.0,1.6666666666666667,0.9749279121818236,0.9105624356105592,-0.22252093395631434,0.05948264464870164,4.0,4.0,0.8660254037844387,0.8660254037844387,-0.4999999999999998,-0.4999999999999998
2025-04-16 04:00:00+00:00,23.718,21.97914,90.0,28.050186,1013.1145,52.0,24.0,36.0,0.0,0.29321098,3.9763298,185.19434,9.36,0.0,0.0,22.431936,355.0,0.0,0.0,0.0,0.0,0.0,0.0,0.0,0.0,0.0,0.0,0.0,0.0,1016.5,4,0.8660254037844386,0.5000000000000001,2,0.9749279121818236,-0.22252093395631434,4,0.8660254037844387,-0.4999999999999998,24.068,24.668001,25.418001,21.57932,21.188301,20.663572,86.0,81.0,75.0,27.916985,28.143291,28.279858,1013.3177,1012.627,1011.8378,93.0,11.0,0.0,24.0,0.0,0.0,24.0,7.0,0.0,0.0,0.008876509,0.027221302,0.41922545,0.58975387,0.81143785,5.771239,6.87779,9.178235,176.42374,173.99109,168.69011,11.879999,15.119999,21.24,0.0,0.0,0.0,0.0,0.0,0.0,22.241863,22.147366,22.03349,450.0,385.0,435.0,0.0,0.0,0.0,0.0,0.0,0.0,0.0,0.0,0.0,0.0,0.0,0.0,0.0,0.0,0.0,0.0,0.0,0.0,0.0,0.0,0.0,0.0,0.0,0.0,0.0,0.0,0.0,0.0,0.0,0.0,0.0,0.0,0.0,0.0,0.0,0.0,1016.7,1016.0,1015.2,0.0,0.0,0.0,3.0,2.0,1.0,0.7071067811865476,0.49999999999999994,0.25881904510252074,0.7071067811865476,0.8660254037844387,0.9659258262890683,2.0,2.0,2.0,0.9749279121818236,0.9749279121818236,0.9749279121818236,-0.22252093395631434,-0.22252093395631434,-0.22252093395631434,4.0,4.0,4.0,0.8660254037844387,0.8660254037844387,0.8660254037844387,-0.4999999999999998,-0.4999999999999998,-0.4999999999999998,24.15133366666667,25.209667,21.582253666666663,21.272694166666668,85.66666666666667,79.16666666666667,28.036820666666667,28.49000116666667,1013.0197333333332,1012.1345166666666,52.0,42.0,16.0,8.0,22.333333333333332,16.833333333333332,0.002958836333333333,0.0292015575,0.4340634333333333,0.6846552666666668,5.541786266666667,8.546366966666668,178.53638999999998,167.79510166666668,12.119999333333334,17.6999995,0.0,0.16666666666666666,0.0,298.0525333333333,22.273721666666663,22.38721333333333,396.6666666666667,410.0,0.0,9.333333333333334,0.0,5.5,0.0,9.333334666666667,0.0,0.0,0.0,0.0,0.0,0.0,0.0,3.8333333333333335,0.0,24.900571666666664,0.0,25.659901666666666,0.0,0.0,0.0,0.0,0.0,0.0,1016.4,1015.5,0.0,0.0,3.0,5.5,0.6910440616569954,0.3455220308284976,0.6910440616569956,0.8341639729248538,2.0,1.8333333333333333,0.9749279121818236,0.9427451738961913,-0.22252093395631434,-0.08151914465380634,4.0,4.0,0.8660254037844387,0.8660254037844387,-0.4999999999999998,-0.4999999999999998
2025-04-16 05:00:00+00:00,23.468,22.092577,92.0,28.072708,1012.5136,100.0,22.0,36.0,0.0,0.23106575,2.5455842,171.86998,6.4799995,0.0,0.0,22.449604,290.0,0.0,0.0,0.0,0.0,0.0,0.0,0.0,0.0,0.0,0.0,0.0,0.0,1015.9,5,0.9659258262890683,0.25881904510252074,2,0.9749279121818236,-0.22252093395631434,4,0.8660254037844387,-0.4999999999999998,23.718,24.068,24.668001,21.97914,21.57932,21.188301,90.0,86.0,81.0,28.050186,27.916985,28.143291,1013.1145,1013.3177,1012.627,52.0,93.0,11.0,24.0,24.0,0.0,36.0,24.0,7.0,0.0,0.0,0.008876509,0.29321098,0.41922545,0.58975387,3.9763298,5.771239,6.87779,185.19434,176.42374,173.99109,9.36,11.879999,15.119999,0.0,0.0,0.0,0.0,0.0,0.0,22.431936,22.241863,22.147366,355.0,450.0,385.0,0.0,0.0,0.0,0.0,0.0,0.0,0.0,0.0,0.0,0.0,0.0,0.0,0.0,0.0,0.0,0.0,0.0,0.0,0.0,0.0,0.0,0.0,0.0,0.0,0.0,0.0,0.0,0.0,0.0,0.0,0.0,0.0,0.0,0.0,0.0,0.0,1016.5,1016.7,1016.0,0.0,0.0,0.0,4.0,3.0,2.0,0.8660254037844386,0.7071067811865476,0.49999999999999994,0.5000000000000001,0.7071067811865476,0.8660254037844387,2.0,2.0,2.0,0.9749279121818236,0.9749279121818236,0.9749279121818236,-0.22252093395631434,-0.22252093395631434,-0.22252093395631434,4.0,4.0,4.0,0.8660254037844387,0.8660254037844387,0.8660254037844387,-0.4999999999999998,-0.4999999999999998,-0.4999999999999998,23.75133333333333,24.601333666666665,21.883679,21.349052666666665,89.33333333333333,82.5,28.013293,28.169092833333334,1012.9819333333334,1012.4599333333334,81.66666666666667,43.5,23.333333333333332,11.666666666666666,32.0,18.0,0.0,0.014742285833333334,0.3145007266666667,0.555748225,4.097717666666666,6.871488333333333,177.82935333333333,171.60071166666668,9.239999500000001,14.219999583333333,0.0,0.0,0.0,0.0,22.374467666666664,22.261336833333335,365.0,387.5,0.0,0.0,0.0,0.0,0.0,0.0,0.0,0.0,0.0,0.0,0.0,0.0,0.0,0.0,0.0,0.0,0.0,0.0,0.0,0.0,0.0,0.0,0.0,0.0,1016.3666666666667,1015.8333333333334,0.0,0.0,4.0,2.5,0.8463526704200182,0.5496461760604292,0.4886419420963562,0.7163128427270959,2.0,2.0,0.9749279121818236,0.9749279121818236,-0.22252093395631434,-0.22252093395631434,4.0,4.0,0.8660254037844387,0.8660254037844387,-0.4999999999999998,-0.4999999999999998
2025-04-16 06:00:00+00:00,23.368,22.346737,94.0,28.172924,1011.6154,93.0,26.0,8.0,0.0,0.17225409,2.16,180.0,5.04,0.0,0.0,22.613787,245.0,0.0,0.0,0.0,0.0,0.0,0.0,0.0,0.0,0.0,0.0,0.0,0.0,1015.0,6,1.0,6.123233995736766e-17,2,0.9749279121818236,-0.22252093395631434,4,0.8660254037844387,-0.4999999999999998,23.468,23.718,24.068,22.092577,21.97914,21.57932,92.0,90.0,86.0,28.072708,28.050186,27.916985,1012.5136,1013.1145,1013.3177,100.0,52.0,93.0,22.0,24.0,24.0,36.0,36.0,24.0,0.0,0.0,0.0,0.23106575,0.29321098,0.41922545,2.5455842,3.9763298,5.771239,171.86998,185.19434,176.42374,6.4799995,9.36,11.879999,0.0,0.0,0.0,0.0,0.0,0.0,22.449604,22.431936,22.241863,290.0,355.0,450.0,0.0,0.0,0.0,0.0,0.0,0.0,0.0,0.0,0.0,0.0,0.0,0.0,0.0,0.0,0.0,0.0,0.0,0.0,0.0,0.0,0.0,0.0,0.0,0.0,0.0,0.0,0.0,0.0,0.0,0.0,0.0,0.0,0.0,0.0,0.0,0.0,1015.9,1016.5,1016.7,0.0,0.0,0.0,5.0,4.0,3.0,0.9659258262890683,0.8660254037844386,0.7071067811865476,0.25881904510252074,0.5000000000000001,0.7071067811865476,2.0,2.0,2.0,0.9749279121818236,0.9749279121818236,0.9749279121818236,-0.22252093395631434,-0.22252093395631434,-0.22252093395631434,4.0,4.0,4.0,0.8660254037844387,0.8660254037844387,0.8660254037844387,-0.4999999999999998,-0.4999999999999998,-0.4999999999999998,23.518,24.11800033333333,22.139484666666664,21.641607833333335,92.0,86.33333333333333,28.098606,28.105992,1012.4145,1012.5043333333333,81.66666666666667,58.166666666666664,24.0,16.0,26.666666666666668,18.5,0.0,0.006016301833333334,0.23217694,0.41949133166666663,2.893971333333333,5.0848629999999995,179.02143999999998,176.02821000000003,6.9599998333333355,11.519999583333332,0.0,0.0,0.0,0.0,22.498442333333333,22.319674333333335,296.6666666666667,360.0,0.0,0.0,0.0,0.0,0.0,0.0,0.0,0.0,0.0,0.0,0.0,0.0,0.0,0.0,0.0,0.0,0.0,0.0,0.0,0.0,0.0,0.0,0.0,0.0,1015.8000000000001,1015.8833333333333,0.0,0.0,5.0,3.5,0.9439837433578356,0.7163128427270958,0.25293968170084036,0.5496461760604292,2.0,2.0,0.9749279121818236,0.9749279121818236,-0.22252093395631434,-0.22252093395631434,4.0,4.0,0.8660254037844387,0.8660254037844387,-0.4999999999999998,-0.4999999999999998
2025-04-16 07:00:00+00:00,23.268,22.247498,94.0,27.898708,1011.0165,100.0,27.0,6.0,0.0,0.17122197,2.968636,165.96373,5.04,0.0,0.0,22.514372,290.0,0.0,0.0,0.0,0.0,0.0,0.0,0.0,0.0,0.0,0.0,0.0,0.0,1014.4,7,0.9659258262890683,-0.25881904510252063,2,0.9749279121818236,-0.22252093395631434,4,0.8660254037844387,-0.4999999999999998,23.368,23.468,23.718,22.346737,22.092577,21.97914,94.0,92.0,90.0,28.172924,28.072708,28.050186,1011.6154,1012.5136,1013.1145,93.0,100.0,52.0,26.0,22.0,24.0,8.0,36.0,36.0,0.0,0.0,0.0,0.17225409,0.23106575,0.29321098,2.16,2.5455842,3.9763298,180.0,171.86998,185.19434,5.04,6.4799995,9.36,0.0,0.0,0.0,0.0,0.0,0.0,22.613787,22.449604,22.431936,245.0,290.0,355.0,0.0,0.0,0.0,0.0,0.0,0.0,0.0,0.0,0.0,0.0,0.0,0.0,0.0,0.0,0.0,0.0,0.0,0.0,0.0,0.0,0.0,0.0,0.0,0.0,0.0,0.0,0.0,0.0,0.0,0.0,0.0,0.0,0.0,0.0,0.0,0.0,1015.0,1015.9,1016.5,0.0,0.0,0.0,6.0,5.0,4.0,1.0,0.9659258262890683,0.8660254037844386,6.123233995736766e-17,0.25881904510252074,0.5000000000000001,2.0,2.0,2.0,0.9749279121818236,0.9749279121818236,0.9749279121818236,-0.22252093395631434,-0.22252093395631434,-0.22252093395631434,4.0,4.0,4.0,0.8660254037844387,0.8660254037844387,0.8660254037844387,-0.4999999999999998,-0.4999999999999998,-0.4999999999999998,23.368,23.75966683333333,22.228937333333334,21.9055955,93.33333333333333,89.5,28.048113333333333,28.042467000000002,1011.7151666666667,1012.3674499999998,97.66666666666667,74.83333333333333,25.0,20.5,16.666666666666668,19.5,0.0,0.0014794181666666665,0.19151393666666663,0.312788685,2.5580734,4.049929833333334,172.61123666666666,175.57381333333333,5.519999833333336,8.819999583333333,0.0,0.0,0.0,0.0,22.525921,22.399821333333335,275.0,335.8333333333333,0.0,0.0,0.0,0.0,0.0,0.0,0.0,0.0,0.0,0.0,0.0,0.0,0.0,0.0,0.0,0.0,0.0,0.0,0.0,0.0,0.0,0.0,0.0,0.0,1015.1,1015.75,0.0,0.0,6.0,4.5,0.9772838841927122,0.8341639729248538,9.251858538542972e-17,0.3455220308284978,2.0,2.0,0.9749279121818236,0.9749279121818236,-0.22252093395631434,-0.22252093395631434,4.0,4.0,0.8660254037844387,0.8660254037844387,-0.4999999999999998,-0.4999999999999998
2025-04-16 08:00:00+00:00,23.168001,22.148266,94.0,27.700235,1010.7161,100.0,6.0,6.0,0.0,0.17019343,3.2599385,173.6599,5.04,0.0,0.0,22.41496,285.0,0.0,0.0,0.0,0.0,0.0,0.0,0.0,0.0,0.0,0.0,0.0,0.0,1014.1,8,0.8660254037844387,-0.4999999999999998,2,0.9749279121818236,-0.22252093395631434,4,0.8660254037844387,-0.4999999999999998,23.268,23.368,23.468,22.247498,22.346737,22.092577,94.0,94.0,92.0,27.898708,28.172924,28.072708,1011.0165,1011.6154,1012.5136,100.0,93.0,100.0,27.0,26.0,22.0,6.0,8.0,36.0,0.0,0.0,0.0,0.17122197,0.17225409,0.23106575,2.968636,2.16,2.5455842,165.96373,180.0,171.86998,5.04,5.04,6.4799995,0.0,0.0,0.0,0.0,0.0,0.0,22.514372,22.613787,22.449604,290.0,245.0,290.0,0.0,0.0,0.0,0.0,0.0,0.0,0.0,0.0,0.0,0.0,0.0,0.0,0.0,0.0,0.0,0.0,0.0,0.0,0.0,0.0,0.0,0.0,0.0,0.0,0.0,0.0,0.0,0.0,0.0,0.0,0.0,0.0,0.0,0.0,0.0,0.0,1014.4,1015.0,1015.9,0.0,0.0,0.0,7.0,6.0,5.0,0.9659258262890683,1.0,0.9659258262890683,-0.25881904510252063,6.123233995736766e-17,0.25881904510252074,2.0,2.0,2.0,0.9749279121818236,0.9749279121818236,0.9749279121818236,-0.22252093395631434,-0.22252093395631434,-0.22252093395631434,4.0,4.0,4.0,0.8660254037844387,0.8660254037844387,0.8660254037844387,-0.4999999999999998,-0.4999999999999998,-0.4999999999999998,23.268000333333333,23.50966683333333,22.247500333333335,22.065589666666668,94.0,91.66666666666667,27.923955666666668,27.968624333333334,1011.116,1012.0489666666667,97.66666666666667,89.66666666666667,19.666666666666668,21.5,6.666666666666667,19.333333333333332,0.0,0.0,0.17122316333333334,0.242861945,2.7961915000000004,3.446954583333333,173.2078766666667,175.51861500000004,5.04,7.13999975,0.0,0.0,0.0,0.0,22.514373000000003,22.44442033333333,273.3333333333333,319.1666666666667,0.0,0.0,0.0,0.0,0.0,0.0,0.0,0.0,0.0,0.0,0.0,0.0,0.0,0.0,0.0,0.0,0.0,0.0,0.0,0.0,0.0,0.0,0.0,0.0,1014.5,1015.4333333333334,0.0,0.0,7.0,5.5,0.9439837433578356,0.8951682068889268,-0.2529396817008401,0.11785113019775799,2.0,2.0,0.9749279121818236,0.9749279121818236,-0.22252093395631434,-0.22252093395631434,4.0,4.0,0.8660254037844387,0.8660254037844387,-0.4999999999999998,-0.4999999999999998
2025-04-16 09:00:00+00:00,23.118,22.098648,94.0,27.66483,1010.7155,100.0,8.0,10.0,0.0,0.16968107,2.968636,165.96373,5.04,0.0,0.0,22.365252,310.0,0.0,0.0,0.0,0.0,0.0,0.0,0.0,0.0,0.0,0.0,0.0,0.0,1014.1,9,0.7071067811865476,-0.7071067811865475,2,0.9749279121818236,-0.22252093395631434,4,0.8660254037844387,-0.4999999999999998,23.168001,23.268,23.368,22.148266,22.247498,22.346737,94.0,94.0,94.0,27.700235,27.898708,28.172924,1010.7161,1011.0165,1011.6154,100.0,100.0,93.0,6.0,27.0,26.0,6.0,6.0,8.0,0.0,0.0,0.0,0.17019343,0.17122197,0.17225409,3.2599385,2.968636,2.16,173.6599,165.96373,180.0,5.04,5.04,5.04,0.0,0.0,0.0,0.0,0.0,0.0,22.41496,22.514372,22.613787,285.0,290.0,245.0,0.0,0.0,0.0,0.0,0.0,0.0,0.0,0.0,0.0,0.0,0.0,0.0,0.0,0.0,0.0,0.0,0.0,0.0,0.0,0.0,0.0,0.0,0.0,0.0,0.0,0.0,0.0,0.0,0.0,0.0,0.0,0.0,0.0,0.0,0.0,0.0,1014.1,1014.4,1015.0,0.0,0.0,0.0,8.0,7.0,6.0,0.8660254037844387,0.9659258262890683,1.0,-0.4999999999999998,-0.25881904510252063,6.123233995736766e-17,2.0,2.0,2.0,0.9749279121818236,0.9749279121818236,0.9749279121818236,-0.22252093395631434,-0.22252093395631434,-0.22252093395631434,4.0,4.0,4.0,0.8660254037844387,0.8660254037844387,0.8660254037844387,-0.4999999999999998,-0.4999999999999998,-0.4999999999999998,23.184667,23.3513335,22.164804,22.152144333333336,94.0,93.0,27.754591,27.926598499999997,1010.8160333333332,1011.6152666666667,100.0,90.83333333333333,13.666666666666666,18.833333333333332,7.333333333333333,17.0,0.0,0.0,0.17036549,0.20127121499999998,3.0657368333333337,2.979854083333333,168.52912,173.77527999999998,5.04,5.999999916666667,0.0,0.0,0.0,0.0,22.431528,22.46498516666667,295.0,295.8333333333333,0.0,0.0,0.0,0.0,0.0,0.0,0.0,0.0,0.0,0.0,0.0,0.0,0.0,0.0,0.0,0.0,0.0,0.0,0.0,0.0,0.0,0.0,0.0,0.0,1014.1999999999999,1015.0,0.0,0.0,8.0,6.5,0.8463526704200183,0.8951682068889268,-0.4886419420963559,-0.11785113019775785,2.0,2.0,0.9749279121818236,0.9749279121818236,-0.22252093395631434,-0.22252093395631434,4.0,4.0,0.8660254037844387,0.8660254037844387,-0.4999999999999998,-0.4999999999999998
2025-04-16 10:00:00+00:00,23.068,21.873692,93.0,27.394432,1010.8148,100.0,16.0,13.0,0.0,0.1973691,3.6179552,174.2895,5.7599998,0.0,0.0,22.184683,295.0,0.0,0.0,0.0,0.0,0.0,0.0,0.0,0.0,0.0,0.0,0.0,0.0,1014.2,10,0.49999999999999994,-0.8660254037844387,2,0.9749279121818236,-0.22252093395631434,4,0.8660254037844387,-0.4999999999999998,23.118,23.168001,23.268,22.098648,22.148266,22.247498,94.0,94.0,94.0,27.66483,27.700235,27.898708,1010.7155,1010.7161,1011.0165,100.0,100.0,100.0,8.0,6.0,27.0,10.0,6.0,6.0,0.0,0.0,0.0,0.16968107,0.17019343,0.17122197,2.968636,3.2599385,2.968636,165.96373,173.6599,165.96373,5.04,5.04,5.04,0.0,0.0,0.0,0.0,0.0,0.0,22.365252,22.41496,22.514372,310.0,285.0,290.0,0.0,0.0,0.0,0.0,0.0,0.0,0.0,0.0,0.0,0.0,0.0,0.0,0.0,0.0,0.0,0.0,0.0,0.0,0.0,0.0,0.0,0.0,0.0,0.0,0.0,0.0,0.0,0.0,0.0,0.0,0.0,0.0,0.0,0.0,0.0,0.0,1014.1,1014.1,1014.4,0.0,0.0,0.0,9.0,8.0,7.0,0.7071067811865476,0.8660254037844387,0.9659258262890683,-0.7071067811865475,-0.4999999999999998,-0.25881904510252063,2.0,2.0,2.0,0.9749279121818236,0.9749279121818236,0.9749279121818236,-0.22252093395631434,-0.22252093395631434,-0.22252093395631434,4.0,4.0,4.0,0.8660254037844387,0.8660254037844387,0.8660254037844387,-0.4999999999999998,-0.4999999999999998,-0.4999999999999998,23.118000333333338,23.243000166666665,22.040202000000004,22.134569666666668,93.66666666666667,93.5,27.586499,27.817306166666665,1010.7488,1011.2319833333332,100.0,98.83333333333333,10.0,17.5,9.666666666666666,13.166666666666666,0.0,0.0,0.17908120000000002,0.18529756833333333,3.2821765666666667,2.920124983333334,171.30437666666668,171.95780666666667,5.279999933333336,5.399999883333334,0.0,0.0,0.0,0.0,22.321631666666665,22.423776333333333,296.6666666666667,285.8333333333333,0.0,0.0,0.0,0.0,0.0,0.0,0.0,0.0,0.0,0.0,0.0,0.0,0.0,0.0,0.0,0.0,0.0,0.0,0.0,0.0,0.0,0.0,0.0,0.0,1014.1333333333333,1014.6166666666668,0.0,0.0,9.0,7.5,0.6910440616569954,0.8341639729248538,-0.6910440616569953,-0.34552203082849764,2.0,2.0,0.9749279121818236,0.9749279121818236,-0.22252093395631434,-0.22252093395631434,4.0,4.0,0.8660254037844387,0.8660254037844387,-0.4999999999999998,-0.4999999999999998
2025-04-16 11:00:00+00:00,23.118,21.923244,93.0,27.527065,1011.31354,100.0,20.0,29.0,0.015248489,0.19796419,3.2399998,180.0,6.12,1.0,0.0,22.234276,210.0,11.0,11.0,11.0,25.027252,25.027252,13.715573,0.0,0.0,71.85875,0.0,0.0,163.49336,1014.7,11,0.258819045102521,-0.9659258262890682,2,0.9749279121818236,-0.22252093395631434,4,0.8660254037844387,-0.4999999999999998,23.068,23.118,23.168001,21.873692,22.098648,22.148266,93.0,94.0,94.0,27.394432,27.66483,27.700235,1010.8148,1010.7155,1010.7161,100.0,100.0,100.0,16.0,8.0,6.0,13.0,10.0,6.0,0.0,0.0,0.0,0.1973691,0.16968107,0.17019343,3.6179552,2.968636,3.2599385,174.2895,165.96373,173.6599,5.7599998,5.04,5.04,0.0,0.0,0.0,0.0,0.0,0.0,22.184683,22.365252,22.41496,295.0,310.0,285.0,0.0,0.0,0.0,0.0,0.0,0.0,0.0,0.0,0.0,0.0,0.0,0.0,0.0,0.0,0.0,0.0,0.0,0.0,0.0,0.0,0.0,0.0,0.0,0.0,0.0,0.0,0.0,0.0,0.0,0.0,0.0,0.0,0.0,0.0,0.0,0.0,1014.2,1014.1,1014.1,0.0,0.0,0.0,10.0,9.0,8.0,0.49999999999999994,0.7071067811865476,0.8660254037844387,-0.8660254037844387,-0.7071067811865475,-0.4999999999999998,2.0,2.0,2.0,0.9749279121818236,0.9749279121818236,0.9749279121818236,-0.22252093395631434,-0.22252093395631434,-0.22252093395631434,4.0,4.0,4.0,0.8660254037844387,0.8660254037844387,0.8660254037844387,-0.4999999999999998,-0.4999999999999998,-0.4999999999999998,23.101333333333333,23.184666833333335,21.965194666666665,22.1063475,93.33333333333333,93.66666666666667,27.528775666666665,27.726365666666666,1010.9479466666667,1011.0319733333332,100.0,98.83333333333333,14.666666666666666,17.166666666666668,17.333333333333332,12.0,0.005082829666666667,0.0025414148333333334,0.18833812000000003,0.17978064166666666,3.2755303333333337,3.035860916666667,173.41774333333333,173.31281,5.6399999333333355,5.339999966666667,0.3333333333333333,0.16666666666666666,0.0,0.0,22.261403666666666,22.387888333333336,271.6666666666667,272.5,3.6666666666666665,1.8333333333333333,3.6666666666666665,1.8333333333333333,3.6666666666666665,1.8333333333333333,8.342417333333334,4.171208666666667,8.342417333333334,4.171208666666667,4.571857666666666,2.285928833333333,0.0,0.0,0.0,0.0,23.952916666666667,11.976458333333333,0.0,0.0,0.0,0.0,54.49778666666666,27.24889333333333,1014.3333333333334,1014.4166666666666,0.0,0.0,10.0,8.5,0.4886419420963562,0.7163128427270959,-0.846352670420018,-0.5496461760604291,2.0,2.0,0.9749279121818236,0.9749279121818236,-0.22252093395631434,-0.22252093395631434,4.0,4.0,0.8660254037844387,0.8660254037844387,-0.4999999999999998,-0.4999999999999998
2025-04-16 12:00:00+00:00,25.268,23.323744,89.0,30.487328,1011.9359,100.0,26.0,45.0,0.084568836,0.35377693,3.219938,153.43501,5.3999996,1.0,1436.2568,23.822329,225.0,131.0,105.0,131.0,195.39288,156.61263,195.39288,26.0,107.87523,327.4979,38.78027,160.90117,488.47906,1015.3,12,1.2246467991473532e-16,-1.0,2,0.9749279121818236,-0.22252093395631434,4,0.8660254037844387,-0.4999999999999998,23.118,23.068,23.118,21.923244,21.873692,22.098648,93.0,93.0,94.0,27.527065,27.394432,27.66483,1011.31354,1010.8148,1010.7155,100.0,100.0,100.0,20.0,16.0,8.0,29.0,13.0,10.0,0.015248489,0.0,0.0,0.19796419,0.1973691,0.16968107,3.2399998,3.6179552,2.968636,180.0,174.2895,165.96373,6.12,5.7599998,5.04,1.0,0.0,0.0,0.0,0.0,0.0,22.234276,22.184683,22.365252,210.0,295.0,310.0,11.0,0.0,0.0,11.0,0.0,0.0,11.0,0.0,0.0,25.027252,0.0,0.0,25.027252,0.0,0.0,13.715573,0.0,0.0,0.0,0.0,0.0,0.0,0.0,0.0,71.85875,0.0,0.0,0.0,0.0,0.0,0.0,0.0,0.0,163.49336,0.0,0.0,1014.7,1014.2,1014.1,0.0,0.0,0.0,11.0,10.0,9.0,0.258819045102521,0.49999999999999994,0.7071067811865476,-0.9659258262890682,-0.8660254037844387,-0.7071067811865475,2.0,2.0,2.0,0.9749279121818236,0.9749279121818236,0.9749279121818236,-0.22252093395631434,-0.22252093395631434,-0.22252093395631434,4.0,4.0,4.0,0.8660254037844387,0.8660254037844387,0.8660254037844387,-0.4999999999999998,-0.4999999999999998,-0.4999999999999998,23.818,23.5013335,22.373559999999998,22.269182,91.66666666666667,92.83333333333333,28.469608333333337,28.112099666666666,1011.3547466666665,1011.0853900000001,100.0,100.0,20.666666666666668,17.166666666666668,29.0,18.166666666666668,0.033272441666666666,0.016636220833333333,0.24970340666666668,0.21003444833333332,3.3592976666666665,3.21251725,169.24150333333333,168.88531166666667,5.759999800000003,5.3999999,0.6666666666666666,0.3333333333333333,478.7522666666667,239.37613333333334,22.747096,22.589312000000003,243.33333333333334,269.1666666666667,47.333333333333336,23.666666666666668,38.666666666666664,19.333333333333332,47.333333333333336,23.666666666666668,73.47337733333333,36.736688666666666,60.54662733333333,30.273313666666667,69.70281766666666,34.85140883333333,8.666666666666666,4.333333333333333,35.958409999999965,17.979205,133.11888333333334,66.55944166666667,12.926756666666668,6.463378333333334,53.633723333333336,26.816861666666668,217.32414000000003,108.66207000000001,1014.7333333333335,1014.4666666666667,0.0,0.0,11.0,9.5,0.2529396817008404,0.5496461760604293,-0.9439837433578356,-0.7163128427270958,2.0,2.0,0.9749279121818236,0.9749279121818236,-0.22252093395631434,-0.22252093395631434,4.0,4.0,0.8660254037844387,0.8660254037844387,-0.4999999999999998,-0.4999999999999998
2025-04-16 13:00:00+00:00,26.918001,22.543413,77.0,31.69429,1012.55237,100.0,27.0,50.0,0.20427525,0.815444,3.096837,125.537766,7.2,1.0,3600.0,23.741215,280.0,289.0,200.0,289.0,354.51746,245.3408,354.51746,89.0,188.90009,640.18365,109.17666,231.72449,785.31586,1015.9,13,-0.2588190451025208,-0.9659258262890683,2,0.9749279121818236,-0.22252093395631434,4,0.8660254037844387,-0.4999999999999998,25.268,23.118,23.068,23.323744,21.923244,21.873692,89.0,93.0,93.0,30.487328,27.527065,27.394432,1011.9359,1011.31354,1010.8148,100.0,100.0,100.0,26.0,20.0,16.0,45.0,29.0,13.0,0.084568836,0.015248489,0.0,0.35377693,0.19796419,0.1973691,3.219938,3.2399998,3.6179552,153.43501,180.0,174.2895,5.3999996,6.12,5.7599998,1.0,1.0,0.0,1436.2568,0.0,0.0,23.822329,22.234276,22.184683,225.0,210.0,295.0,131.0,11.0,0.0,105.0,11.0,0.0,131.0,11.0,0.0,195.39288,25.027252,0.0,156.61263,25.027252,0.0,195.39288,13.715573,0.0,26.0,0.0,0.0,107.87523,0.0,0.0,327.4979,71.85875,0.0,38.78027,0.0,0.0,160.90117,0.0,0.0,488.47906,163.49336,0.0,1015.3,1014.7,1014.2,0.0,0.0,0.0,12.0,11.0,10.0,1.2246467991473532e-16,0.258819045102521,0.49999999999999994,-1.0,-0.9659258262890682,-0.8660254037844387,2.0,2.0,2.0,0.9749279121818236,0.9749279121818236,0.9749279121818236,-0.22252093395631434,-0.22252093395631434,-0.22252093395631434,4.0,4.0,4.0,0.8660254037844387,0.8660254037844387,0.8660254037844387,-0.4999999999999998,-0.4999999999999998,-0.4999999999999998,25.101333666666665,24.109667,22.596800333333334,22.318501166666668,86.33333333333333,90.0,29.902894333333336,28.744696666666666,1011.9339366666667,1011.3413683333333,100.0,100.0,24.333333333333332,17.166666666666668,41.333333333333336,25.5,0.10136419166666666,0.05068209583333333,0.45572837333333327,0.31740478666666666,3.1855916,3.2338840833333333,152.99092533333337,162.147651,6.239999866666669,5.7599999,1.0,0.5,1678.7522666666666,839.3761333333333,23.26594,22.79378583333333,238.33333333333334,267.5,143.66666666666666,71.83333333333333,105.33333333333333,52.666666666666664,143.66666666666666,71.83333333333333,191.645864,95.822932,142.326894,71.163447,187.87530433333336,93.93765216666668,38.333333333333336,19.166666666666668,98.92510666666664,49.46255333333334,346.5134333333333,173.25671666666665,49.318976666666664,24.659488333333332,130.87522,65.43761,479.09609333333333,239.54804666666666,1015.2999999999998,1014.7166666666667,0.0,0.0,12.0,10.5,1.4802973661668753e-16,0.3455220308284978,-0.9772838841927122,-0.8341639729248538,2.0,2.0,0.9749279121818236,0.9749279121818236,-0.22252093395631434,-0.22252093395631434,4.0,4.0,0.8660254037844387,0.8660254037844387,-0.4999999999999998,-0.4999999999999998
2025-04-16 14:00:00+00:00,27.968,22.22028,71.0,32.163437,1013.0625,99.0,48.0,45.0,0.33781224,1.093255,5.8048253,119.74479,15.119999,1.0,3600.0,23.85255,420.0,464.0,263.0,464.0,524.58484,297.34012,524.58484,201.0,298.67697,914.3888,227.24472,337.67545,1033.7812,1016.4,14,-0.4999999999999997,-0.8660254037844388,2,0.9749279121818236,-0.22252093395631434,4,0.8660254037844387,-0.4999999999999998,26.918001,25.268,23.118,22.543413,23.323744,21.923244,77.0,89.0,93.0,31.69429,30.487328,27.527065,1012.55237,1011.9359,1011.31354,100.0,100.0,100.0,27.0,26.0,20.0,50.0,45.0,29.0,0.20427525,0.084568836,0.015248489,0.815444,0.35377693,0.19796419,3.096837,3.219938,3.2399998,125.537766,153.43501,180.0,7.2,5.3999996,6.12,1.0,1.0,1.0,3600.0,1436.2568,0.0,23.741215,23.822329,22.234276,280.0,225.0,210.0,289.0,131.0,11.0,200.0,105.0,11.0,289.0,131.0,11.0,354.51746,195.39288,25.027252,245.3408,156.61263,25.027252,354.51746,195.39288,13.715573,89.0,26.0,0.0,188.90009,107.87523,0.0,640.18365,327.4979,71.85875,109.17666,38.78027,0.0,231.72449,160.90117,0.0,785.31586,488.47906,163.49336,1015.9,1015.3,1014.7,0.0,0.0,0.0,13.0,12.0,11.0,-0.2588190451025208,1.2246467991473532e-16,0.258819045102521,-0.9659258262890683,-1.0,-0.9659258262890682,2.0,2.0,2.0,0.9749279121818236,0.9749279121818236,0.9749279121818236,-0.22252093395631434,-0.22252093395631434,-0.22252093395631434,4.0,4.0,4.0,0.8660254037844387,0.8660254037844387,0.8660254037844387,-0.4999999999999998,-0.4999999999999998,-0.4999999999999998,26.718000333333336,24.909666833333333,22.695812333333336,22.330503500000003,79.0,86.16666666666667,31.448351666666667,29.488563666666664,1012.5169233333332,1011.7324349999999,99.66666666666667,99.83333333333333,33.666666666666664,24.166666666666668,46.666666666666664,32.0,0.208885442,0.10698413583333333,0.7541586433333333,0.47124838166666666,4.040533433333334,3.658031883333333,132.90585533333334,153.16179933333333,9.239999533333336,7.439999733333333,1.0,0.6666666666666666,2878.7522666666664,1439.3761333333332,23.805364666666666,23.033384166666668,308.3333333333333,290.0,294.6666666666667,149.16666666666666,189.33333333333334,96.5,294.6666666666667,149.16666666666666,358.16506,183.25373866666666,233.09785000000002,120.72013366666665,358.16506000000004,181.36845883333334,105.33333333333333,52.666666666666664,198.48409666666666,99.24204833333333,627.3567833333333,325.65484999999995,125.06721666666665,62.533608333333326,243.43370333333334,121.71685166666667,769.1920399999999,411.84491333333335,1015.8666666666667,1015.0999999999999,0.0,0.0,13.0,11.5,-0.2529396817008401,0.117851130197758,-0.9439837433578356,-0.8951682068889268,2.0,2.0,0.9749279121818236,0.9749279121818236,-0.22252093395631434,-0.22252093395631434,4.0,4.0,0.8660254037844387,0.8660254037844387,-0.4999999999999998,-0.4999999999999998
2025-04-16 15:00:00+00:00,28.418001,22.181332,69.0,32.17511,1012.7685,97.0,53.0,39.0,0.38178787,1.1996138,8.654986,106.9276,15.84,1.0,3600.0,23.970224,560.0,509.0,307.0,509.0,547.4722,330.20425,547.4722,202.0,242.57626,1131.4344,217.26796,260.91113,1216.9526,1016.1,15,-0.7071067811865471,-0.7071067811865479,2,0.9749279121818236,-0.22252093395631434,4,0.8660254037844387,-0.4999999999999998,27.968,26.918001,25.268,22.22028,22.543413,23.323744,71.0,77.0,89.0,32.163437,31.69429,30.487328,1013.0625,1012.55237,1011.9359,99.0,100.0,100.0,48.0,27.0,26.0,45.0,50.0,45.0,0.33781224,0.20427525,0.084568836,1.093255,0.815444,0.35377693,5.8048253,3.096837,3.219938,119.74479,125.537766,153.43501,15.119999,7.2,5.3999996,1.0,1.0,1.0,3600.0,3600.0,1436.2568,23.85255,23.741215,23.822329,420.0,280.0,225.0,464.0,289.0,131.0,263.0,200.0,105.0,464.0,289.0,131.0,524.58484,354.51746,195.39288,297.34012,245.3408,156.61263,524.58484,354.51746,195.39288,201.0,89.0,26.0,298.67697,188.90009,107.87523,914.3888,640.18365,327.4979,227.24472,109.17666,38.78027,337.67545,231.72449,160.90117,1033.7812,785.31586,488.47906,1016.4,1015.9,1015.3,0.0,0.0,0.0,14.0,13.0,12.0,-0.4999999999999997,-0.2588190451025208,1.2246467991473532e-16,-0.8660254037844388,-0.9659258262890683,-1.0,2.0,2.0,2.0,0.9749279121818236,0.9749279121818236,0.9749279121818236,-0.22252093395631434,-0.22252093395631434,-0.22252093395631434,4.0,4.0,4.0,0.8660254037844387,0.8660254037844387,0.8660254037844387,-0.4999999999999998,-0.4999999999999998,-0.4999999999999998,27.768000666666666,25.793000333333335,22.315008333333335,22.344284166666668,72.33333333333333,82.0,32.010945666666665,30.240277000000003,1012.7944566666666,1012.0746016666666,98.66666666666667,99.33333333333333,42.666666666666664,31.666666666666668,44.666666666666664,36.833333333333336,0.3079584533333333,0.1706154475,1.0361042666666667,0.6429038366666667,5.8522161,4.605756883333333,117.40338533333333,143.32244433333335,12.719999666666668,9.239999733333333,1.0,0.8333333333333334,3600.0,2039.3761333333332,23.854663000000002,23.300879500000004,420.0,331.6666666666667,420.6666666666667,234.0,256.6666666666667,147.66666666666666,420.6666666666667,234.0,475.5248333333334,274.4991053333333,290.96172333333334,175.75417533333334,475.5248333333334,272.6138255,164.0,86.33333333333333,243.38443999999996,139.671425,895.3356166666666,514.22725,184.56311333333335,98.744935,276.77035666666666,165.20204,1012.0165533333333,614.6703466666667,1016.1333333333332,1015.4333333333334,0.0,0.0,14.0,12.5,-0.48864194209635586,-0.11785113019775778,-0.8463526704200183,-0.895168206888927,2.0,2.0,0.9749279121818236,0.9749279121818236,-0.22252093395631434,-0.22252093395631434,4.0,4.0,0.8660254037844387,0.8660254037844387,-0.4999999999999998,-0.4999999999999998
2025-04-16 16:00:00+00:00,28.818,22.322945,68.0,32.645058,1012.3743,84.0,42.0,38.0,0.47291833,1.2673159,12.24,118.072395,21.24,1.0,3600.0,24.188023,690.0,642.0,329.0,642.0,665.0435,340.8089,665.0435,313.0,333.13916,1276.5414,324.23462,345.09665,1322.3607,1015.7,16,-0.8660254037844385,-0.5000000000000004,2,0.9749279121818236,-0.22252093395631434,4,0.8660254037844387,-0.4999999999999998,28.418001,27.968,26.918001,22.181332,22.22028,22.543413,69.0,71.0,77.0,32.17511,32.163437,31.69429,1012.7685,1013.0625,1012.55237,97.0,99.0,100.0,53.0,48.0,27.0,39.0,45.0,50.0,0.38178787,0.33781224,0.20427525,1.1996138,1.093255,0.815444,8.654986,5.8048253,3.096837,106.9276,119.74479,125.537766,15.84,15.119999,7.2,1.0,1.0,1.0,3600.0,3600.0,3600.0,23.970224,23.85255,23.741215,560.0,420.0,280.0,509.0,464.0,289.0,307.0,263.0,200.0,509.0,464.0,289.0,547.4722,524.58484,354.51746,330.20425,297.34012,245.3408,547.4722,524.58484,354.51746,202.0,201.0,89.0,242.57626,298.67697,188.90009,1131.4344,914.3888,640.18365,217.26796,227.24472,109.17666,260.91113,337.67545,231.72449,1216.9526,1033.7812,785.31586,1016.1,1016.4,1015.9,0.0,0.0,0.0,15.0,14.0,13.0,-0.7071067811865471,-0.4999999999999997,-0.2588190451025208,-0.7071067811865479,-0.8660254037844388,-0.9659258262890683,2.0,2.0,2.0,0.9749279121818236,0.9749279121818236,0.9749279121818236,-0.22252093395631434,-0.22252093395631434,-0.22252093395631434,4.0,4.0,4.0,0.8660254037844387,0.8660254037844387,0.8660254037844387,-0.4999999999999998,-0.4999999999999998,-0.4999999999999998,28.40133366666667,26.751333666666667,22.241519,22.41915966666667,69.33333333333333,77.83333333333333,32.327868333333335,31.115381333333335,1012.7351,1012.3345183333334,93.33333333333333,96.66666666666667,47.666666666666664,36.0,40.666666666666664,41.0,0.39750614666666667,0.24943516916666666,1.1867282333333333,0.8212283033333333,8.8999371,6.04276435,114.91492833333332,133.95292683333332,17.39999966666667,11.819999766666667,1.0,1.0,3600.0,2639.376133333333,24.003599000000005,23.6347695,556.6666666666666,397.5,538.3333333333334,341.0,299.6666666666667,202.5,538.3333333333334,341.0,579.0335133333333,385.3396886666667,322.78442333333334,232.55565866666666,579.0335133333333,383.4544088333334,238.66666666666666,138.5,291.4641299999999,195.19461833333332,1107.4548666666667,726.9841499999999,256.2491,152.78403833333334,314.5610766666667,222.71814833333335,1191.0315,835.0637966666667,1016.0666666666666,1015.6833333333333,0.0,0.0,15.0,13.5,-0.6910440616569952,-0.3455220308284975,-0.6910440616569957,-0.8341639729248541,2.0,2.0,0.9749279121818236,0.9749279121818236,-0.22252093395631434,-0.22252093395631434,4.0,4.0,0.8660254037844387,0.8660254037844387,-0.4999999999999998,-0.4999999999999998
2025-04-16 17:00:00+00:00,29.568,22.29384,65.0,33.69838,1011.2858,100.0,54.0,39.0,0.57120675,1.4473972,15.0038395,120.256355,26.28,1.0,3600.0,24.409998,670.0,782.0,266.0,782.0,783.75256,266.59613,783.75256,516.0,523.24414,1339.8351,517.15643,524.4168,1342.8379,1014.6,17,-0.9659258262890683,-0.25881904510252063,2,0.9749279121818236,-0.22252093395631434,4,0.8660254037844387,-0.4999999999999998,28.818,28.418001,27.968,22.322945,22.181332,22.22028,68.0,69.0,71.0,32.645058,32.17511,32.163437,1012.3743,1012.7685,1013.0625,84.0,97.0,99.0,42.0,53.0,48.0,38.0,39.0,45.0,0.47291833,0.38178787,0.33781224,1.2673159,1.1996138,1.093255,12.24,8.654986,5.8048253,118.072395,106.9276,119.74479,21.24,15.84,15.119999,1.0,1.0,1.0,3600.0,3600.0,3600.0,24.188023,23.970224,23.85255,690.0,560.0,420.0,642.0,509.0,464.0,329.0,307.0,263.0,642.0,509.0,464.0,665.0435,547.4722,524.58484,340.8089,330.20425,297.34012,665.0435,547.4722,524.58484,313.0,202.0,201.0,333.13916,242.57626,298.67697,1276.5414,1131.4344,914.3888,324.23462,217.26796,227.24472,345.09665,260.91113,337.67545,1322.3607,1216.9526,1033.7812,1015.7,1016.1,1016.4,0.0,0.0,0.0,16.0,15.0,14.0,-0.8660254037844385,-0.7071067811865471,-0.4999999999999997,-0.5000000000000004,-0.7071067811865479,-0.8660254037844388,2.0,2.0,2.0,0.9749279121818236,0.9749279121818236,0.9749279121818236,-0.22252093395631434,-0.22252093395631434,-0.22252093395631434,4.0,4.0,4.0,0.8660254037844387,0.8660254037844387,0.8660254037844387,-0.4999999999999998,-0.4999999999999998,-0.4999999999999998,28.934667,27.826333666666667,22.266038999999996,22.480925666666668,67.33333333333333,73.16666666666667,32.839516,32.14393383333333,1012.1428666666667,1012.329895,93.66666666666667,96.66666666666667,49.666666666666664,41.666666666666664,38.666666666666664,42.666666666666664,0.4753043166666666,0.3420948793333333,1.3047756333333334,1.0294671383333334,11.966275166666668,8.0034043,115.08545,123.99565266666666,21.12,15.179999766666668,1.0,1.0,3600.0,3239.376133333333,24.189415,23.997389833333333,640.0,474.1666666666667,644.3333333333334,469.5,300.6666666666667,245.0,644.3333333333334,469.5,665.4227533333334,511.7939066666667,312.5364266666666,272.81713833333333,665.4227533333334,511.7939066666667,343.6666666666667,224.5,366.31985333333324,282.401975,1249.2703000000001,938.3135416666665,352.88633666666664,238.97677666666667,376.8081933333333,310.12094833333333,1294.0503999999999,1031.62122,1015.4666666666667,1015.6666666666666,0.0,0.0,16.0,14.5,-0.846352670420018,-0.5496461760604291,-0.4886419420963563,-0.716312842727096,2.0,2.0,0.9749279121818236,0.9749279121818236,-0.22252093395631434,-0.22252093395631434,4.0,4.0,0.8660254037844387,0.8660254037844387,-0.4999999999999998,-0.4999999999999998
2025-04-16 18:00:00+00:00,28.968,22.222277,67.0,32.421093,1010.6814,100.0,40.0,43.0,0.5349291,1.3183119,17.727943,119.16752,30.239998,1.0,3600.0,24.172106,625.0,745.0,358.0,745.0,722.3659,347.12347,722.3659,387.0,399.22183,1317.0208,375.24243,387.09296,1277.0078,1014.0,18,-1.0,-1.8369701987210297e-16,2,0.9749279121818236,-0.22252093395631434,4,0.8660254037844387,-0.4999999999999998,29.568,28.818,28.418001,22.29384,22.322945,22.181332,65.0,68.0,69.0,33.69838,32.645058,32.17511,1011.2858,1012.3743,1012.7685,100.0,84.0,97.0,54.0,42.0,53.0,39.0,38.0,39.0,0.57120675,0.47291833,0.38178787,1.4473972,1.2673159,1.1996138,15.0038395,12.24,8.654986,120.256355,118.072395,106.9276,26.28,21.24,15.84,1.0,1.0,1.0,3600.0,3600.0,3600.0,24.409998,24.188023,23.970224,670.0,690.0,560.0,782.0,642.0,509.0,266.0,329.0,307.0,782.0,642.0,509.0,783.75256,665.0435,547.4722,266.59613,340.8089,330.20425,783.75256,665.0435,547.4722,516.0,313.0,202.0,523.24414,333.13916,242.57626,1339.8351,1276.5414,1131.4344,517.15643,324.23462,217.26796,524.4168,345.09665,260.91113,1342.8379,1322.3607,1216.9526,1014.6,1015.7,1016.1,0.0,0.0,0.0,17.0,16.0,15.0,-0.9659258262890683,-0.8660254037844385,-0.7071067811865471,-0.25881904510252063,-0.5000000000000004,-0.7071067811865479,2.0,2.0,2.0,0.9749279121818236,0.9749279121818236,0.9749279121818236,-0.22252093395631434,-0.22252093395631434,-0.22252093395631434,4.0,4.0,4.0,0.8660254037844387,0.8660254037844387,0.8660254037844387,-0.4999999999999998,-0.4999999999999998,-0.4999999999999998,29.118,28.443000333333334,22.27968733333333,22.297347833333333,66.66666666666667,69.5,32.92151033333334,32.466228,1011.4471666666667,1012.1208116666667,94.66666666666667,96.66666666666667,45.333333333333336,44.0,40.0,42.333333333333336,0.5263513933333334,0.4171549233333333,1.3443416666666668,1.1902229666666668,14.990594166666668,10.421405133333332,119.16542333333332,118.28440433333334,25.919999333333337,19.3199995,1.0,1.0,3600.0,3600.0,24.256709,24.055686000000005,661.6666666666666,540.8333333333334,723.0,571.8333333333334,317.6666666666667,287.1666666666667,723.0,571.8333333333334,723.7206533333334,599.6227433333333,318.17616666666663,304.56894500000004,723.7206533333334,599.6227433333333,405.3333333333333,284.6666666666667,418.5350433333333,330.9597416666666,1311.1324333333334,1103.234025,405.5444933333333,295.05380333333335,418.86880333333335,347.81958000000003,1314.0688,1163.0426766666667,1014.7666666666668,1015.4499999999999,0.0,0.0,17.0,15.5,-0.9439837433578356,-0.7163128427270958,-0.2529396817008404,-0.5496461760604293,2.0,2.0,0.9749279121818236,0.9749279121818236,-0.22252093395631434,-0.22252093395631434,4.0,4.0,0.8660254037844387,0.8660254037844387,-0.4999999999999998,-0.4999999999999998
2025-04-16 19:00:00+00:00,28.318,21.84653,68.0,30.538822,1010.0761,100.0,36.0,63.0,0.39570048,1.2311852,17.906157,120.17343,31.319998,1.0,2411.625,23.72535,605.0,516.0,391.0,516.0,481.74942,365.04654,481.74942,125.0,140.3875,1209.671,116.702866,131.06898,1129.3765,1013.4,19,-0.9659258262890684,0.2588190451025203,2,0.9749279121818236,-0.22252093395631434,4,0.8660254037844387,-0.4999999999999998,28.968,29.568,28.818,22.222277,22.29384,22.322945,67.0,65.0,68.0,32.421093,33.69838,32.645058,1010.6814,1011.2858,1012.3743,100.0,100.0,84.0,40.0,54.0,42.0,43.0,39.0,38.0,0.5349291,0.57120675,0.47291833,1.3183119,1.4473972,1.2673159,17.727943,15.0038395,12.24,119.16752,120.256355,118.072395,30.239998,26.28,21.24,1.0,1.0,1.0,3600.0,3600.0,3600.0,24.172106,24.409998,24.188023,625.0,670.0,690.0,745.0,782.0,642.0,358.0,266.0,329.0,745.0,782.0,642.0,722.3659,783.75256,665.0435,347.12347,266.59613,340.8089,722.3659,783.75256,665.0435,387.0,516.0,313.0,399.22183,523.24414,333.13916,1317.0208,1339.8351,1276.5414,375.24243,517.15643,324.23462,387.09296,524.4168,345.09665,1277.0078,1342.8379,1322.3607,1014.0,1014.6,1015.7,0.0,0.0,0.0,18.0,17.0,16.0,-1.0,-0.9659258262890683,-0.8660254037844385,-1.8369701987210297e-16,-0.25881904510252063,-0.5000000000000004,2.0,2.0,2.0,0.9749279121818236,0.9749279121818236,0.9749279121818236,-0.22252093395631434,-0.22252093395631434,-0.22252093395631434,4.0,4.0,4.0,0.8660254037844387,0.8660254037844387,0.8660254037844387,-0.4999999999999998,-0.4999999999999998,-0.4999999999999998,28.951333333333338,28.6763335,22.12088233333333,22.18120066666667,66.66666666666667,68.0,32.21943166666667,32.273649999999996,1010.6811000000001,1011.7081000000002,100.0,96.66666666666667,43.333333333333336,45.5,48.333333333333336,44.5,0.5006121099999999,0.4490591283333334,1.3322981,1.2595131666666666,16.879313166666666,12.889625133333332,119.86576833333334,117.39034833333334,29.27999866666667,23.33999916666667,1.0,1.0,3203.875,3401.9375,24.102484666666665,24.053041833333335,633.3333333333334,595.0,681.0,609.6666666666666,338.3333333333333,319.0,681.0,609.6666666666666,662.6226266666666,620.8280699999999,326.25538,324.5199016666666,662.6226266666666,620.82807,342.6666666666667,290.6666666666667,354.28449,322.87431,1288.8423,1198.1485833333334,336.367242,296.308171,347.5262466666666,331.04366166666665,1249.7407333333333,1220.3861166666668,1014.0,1015.0333333333333,0.0,0.0,18.0,16.5,-0.9772838841927122,-0.8341639729248538,-1.295260195396016e-16,-0.3455220308284979,2.0,2.0,0.9749279121818236,0.9749279121818236,-0.22252093395631434,-0.22252093395631434,4.0,4.0,0.8660254037844387,0.8660254037844387,-0.4999999999999998,-0.4999999999999998
2025-04-16 20:00:00+00:00,27.668001,21.93286,71.0,30.081013,1009.7701,100.0,32.0,64.0,0.2905412,1.074341,16.923828,119.29127,30.960001,1.0,0.0,23.572178,630.0,357.0,314.0,357.0,316.91702,278.74493,316.91702,43.0,56.985905,1025.1244,38.172077,50.58769,910.0263,1013.1,20,-0.8660254037844386,0.5000000000000001,2,0.9749279121818236,-0.22252093395631434,4,0.8660254037844387,-0.4999999999999998,28.318,28.968,29.568,21.84653,22.222277,22.29384,68.0,67.0,65.0,30.538822,32.421093,33.69838,1010.0761,1010.6814,1011.2858,100.0,100.0,100.0,36.0,40.0,54.0,63.0,43.0,39.0,0.39570048,0.5349291,0.57120675,1.2311852,1.3183119,1.4473972,17.906157,17.727943,15.0038395,120.17343,119.16752,120.256355,31.319998,30.239998,26.28,1.0,1.0,1.0,2411.625,3600.0,3600.0,23.72535,24.172106,24.409998,605.0,625.0,670.0,516.0,745.0,782.0,391.0,358.0,266.0,516.0,745.0,782.0,481.74942,722.3659,783.75256,365.04654,347.12347,266.59613,481.74942,722.3659,783.75256,125.0,387.0,516.0,140.3875,399.22183,523.24414,1209.671,1317.0208,1339.8351,116.702866,375.24243,517.15643,131.06898,387.09296,524.4168,1129.3765,1277.0078,1342.8379,1013.4,1014.0,1014.6,0.0,0.0,0.0,19.0,18.0,17.0,-0.9659258262890684,-1.0,-0.9659258262890683,0.2588190451025203,-1.8369701987210297e-16,-0.25881904510252063,2.0,2.0,2.0,0.9749279121818236,0.9749279121818236,0.9749279121818236,-0.22252093395631434,-0.22252093395631434,-0.22252093395631434,4.0,4.0,4.0,0.8660254037844387,0.8660254037844387,0.8660254037844387,-0.4999999999999998,-0.4999999999999998,-0.4999999999999998,28.318000333333334,28.626333666666667,22.000555666666667,22.133297333333335,68.66666666666667,68.0,31.01364266666667,31.926579333333333,1010.1758666666666,1011.1593666666668,100.0,96.83333333333333,36.0,42.833333333333336,56.666666666666664,47.666666666666664,0.40705692666666665,0.4411806216666667,1.2079460333333334,1.2563608333333334,17.519309333333336,14.742792249999999,119.54407333333332,117.31476166666666,30.839999000000002,25.9799995,1.0,1.0,2003.875,2801.9375,23.823211333333333,24.00631316666667,620.0,630.0,539.3333333333334,591.8333333333334,354.3333333333333,327.5,539.3333333333334,591.8333333333334,507.01078,586.2167666666666,330.30498000000006,321.42070333333334,507.01078,586.2167666666666,185.0,264.3333333333333,198.8650783333333,282.59246583333334,1183.9387333333334,1216.6045166666668,176.705791,264.79606383333333,189.58321,283.19570166666665,1105.4702,1199.7603,1013.5,1014.4833333333335,0.0,0.0,19.0,17.5,-0.9439837433578356,-0.8951682068889268,0.2529396817008401,-0.11785113019775813,2.0,2.0,0.9749279121818236,0.9749279121818236,-0.22252093395631434,-0.22252093395631434,4.0,4.0,0.8660254037844387,0.8660254037844387,-0.4999999999999998,-0.4999999999999998
2025-04-16 21:00:00+00:00,27.368,21.874376,72.0,30.21783,1009.5673,100.0,32.0,51.0,0.23001842,1.0192883,13.70839,119.93143,29.519999,1.0,405.90933,23.439257,640.0,275.0,233.0,275.0,224.65831,190.34686,224.65831,42.0,73.53031,775.976,34.31145,60.069798,633.9253,1012.9,21,-0.7071067811865477,0.7071067811865474,2,0.9749279121818236,-0.22252093395631434,4,0.8660254037844387,-0.4999999999999998,27.668001,28.318,28.968,21.93286,21.84653,22.222277,71.0,68.0,67.0,30.081013,30.538822,32.421093,1009.7701,1010.0761,1010.6814,100.0,100.0,100.0,32.0,36.0,40.0,64.0,63.0,43.0,0.2905412,0.39570048,0.5349291,1.074341,1.2311852,1.3183119,16.923828,17.906157,17.727943,119.29127,120.17343,119.16752,30.960001,31.319998,30.239998,1.0,1.0,1.0,0.0,2411.625,3600.0,23.572178,23.72535,24.172106,630.0,605.0,625.0,357.0,516.0,745.0,314.0,391.0,358.0,357.0,516.0,745.0,316.91702,481.74942,722.3659,278.74493,365.04654,347.12347,316.91702,481.74942,722.3659,43.0,125.0,387.0,56.985905,140.3875,399.22183,1025.1244,1209.671,1317.0208,38.172077,116.702866,375.24243,50.58769,131.06898,387.09296,910.0263,1129.3765,1277.0078,1013.1,1013.4,1014.0,0.0,0.0,0.0,20.0,19.0,18.0,-0.8660254037844386,-0.9659258262890684,-1.0,0.5000000000000001,0.2588190451025203,-1.8369701987210297e-16,2.0,2.0,2.0,0.9749279121818236,0.9749279121818236,0.9749279121818236,-0.22252093395631434,-0.22252093395631434,-0.22252093395631434,4.0,4.0,4.0,0.8660254037844387,0.8660254037844387,0.8660254037844387,-0.4999999999999998,-0.4999999999999998,-0.4999999999999998,27.784667,28.4513335,21.88458866666667,22.082138,70.33333333333333,68.5,30.27922166666667,31.600365999999998,1009.8045000000001,1010.6258333333334,100.0,97.33333333333333,33.333333333333336,39.333333333333336,59.333333333333336,49.666666666666664,0.30542003333333334,0.41588571333333335,1.1082715,1.2263065833333333,16.179458333333333,15.58502625,119.79870999999999,119.48206666666665,30.599999333333333,28.25999933333333,1.0,1.0,939.17811,2269.589055,23.578928333333334,23.917818666666665,625.0,643.3333333333334,382.6666666666667,552.8333333333334,312.6666666666667,315.1666666666667,382.6666666666667,552.8333333333334,341.10825,532.4144516666667,278.04611,298.1111383333334,341.10825,532.4144516666667,70.0,237.66666666666666,90.30123833333329,254.41814083333335,1003.5904666666665,1157.3614499999999,63.062131,234.3033121666667,80.57548933333334,249.7221463333333,891.1093666666667,1102.5890833333335,1013.1333333333333,1013.9499999999999,0.0,0.0,20.0,18.5,-0.8463526704200183,-0.895168206888927,0.488641942096356,0.11785113019775773,2.0,2.0,0.9749279121818236,0.9749279121818236,-0.22252093395631434,-0.22252093395631434,4.0,4.0,0.8660254037844387,0.8660254037844387,-0.4999999999999998,-0.4999999999999998
2025-04-16 22:00:00+00:00,26.918001,21.890644,74.0,30.297298,1009.76154,100.0,19.0,37.0,0.13908248,0.92186475,10.144082,117.47435,23.759998,1.0,0.0,23.308174,525.0,151.0,136.0,151.0,100.800575,90.78728,100.800575,15.0,42.52121,479.22662,10.013302,28.385181,319.9094,1013.1,22,-0.5000000000000004,0.8660254037844384,2,0.9749279121818236,-0.22252093395631434,4,0.8660254037844387,-0.4999999999999998,27.368,27.668001,28.318,21.874376,21.93286,21.84653,72.0,71.0,68.0,30.21783,30.081013,30.538822,1009.5673,1009.7701,1010.0761,100.0,100.0,100.0,32.0,32.0,36.0,51.0,64.0,63.0,0.23001842,0.2905412,0.39570048,1.0192883,1.074341,1.2311852,13.70839,16.923828,17.906157,119.93143,119.29127,120.17343,29.519999,30.960001,31.319998,1.0,1.0,1.0,405.90933,0.0,2411.625,23.439257,23.572178,23.72535,640.0,630.0,605.0,275.0,357.0,516.0,233.0,314.0,391.0,275.0,357.0,516.0,224.65831,316.91702,481.74942,190.34686,278.74493,365.04654,224.65831,316.91702,481.74942,42.0,43.0,125.0,73.53031,56.985905,140.3875,775.976,1025.1244,1209.671,34.31145,38.172077,116.702866,60.069798,50.58769,131.06898,633.9253,910.0263,1129.3765,1012.9,1013.1,1013.4,0.0,0.0,0.0,21.0,20.0,19.0,-0.7071067811865477,-0.8660254037844386,-0.9659258262890684,0.7071067811865474,0.5000000000000001,0.2588190451025203,2.0,2.0,2.0,0.9749279121818236,0.9749279121818236,0.9749279121818236,-0.22252093395631434,-0.22252093395631434,-0.22252093395631434,4.0,4.0,4.0,0.8660254037844387,0.8660254037844387,0.8660254037844387,-0.4999999999999998,-0.4999999999999998,-0.4999999999999998,27.318000666666666,28.134666999999997,21.899293333333333,22.010087833333333,72.33333333333333,69.5,30.198713666666674,31.209072666666668,1009.6996466666666,1010.1903733333334,100.0,100.0,27.666666666666668,35.5,50.666666666666664,49.5,0.2198807,0.360246405,1.0051646833333334,1.1687313916666666,13.5921,15.235706583333334,118.89901666666667,119.3823925,28.079999333333333,28.679999,1.0,1.0,135.30311,1669.5890549999997,23.43986966666667,23.77117716666667,598.3333333333334,615.8333333333334,261.0,471.0,227.66666666666666,283.0,261.0,471.0,214.12530166666667,438.3739641666666,186.62635666666665,256.44086833333336,214.12530166666667,438.3739641666666,33.333333333333336,188.0,57.67914166666663,205.98181583333334,760.1090066666666,1024.4756533333334,27.498943,181.93309250000001,46.34755633333333,196.9369015,621.2869999999999,935.5138666666667,1013.0333333333333,1013.5166666666668,0.0,0.0,21.0,19.5,-0.6910440616569956,-0.8341639729248539,0.6910440616569954,0.3455220308284976,2.0,2.0,0.9749279121818236,0.9749279121818236,-0.22252093395631434,-0.22252093395631434,4.0,4.0,0.8660254037844387,0.8660254037844387,-0.4999999999999998,-0.4999999999999998
2025-04-16 23:00:00+00:00,26.168001,22.028969,78.0,30.041813,1010.25165,100.0,0.0,30.0,0.051878944,0.7463639,7.289445,122.90524,17.64,1.0,0.0,23.168797,335.0,33.0,33.0,33.0,0.0,0.0,0.0,0.0,0.0,155.11537,0.0,0.0,0.0,1013.6,23,-0.25881904510252157,0.9659258262890681,2,0.9749279121818236,-0.22252093395631434,4,0.8660254037844387,-0.4999999999999998,26.918001,27.368,27.668001,21.890644,21.874376,21.93286,74.0,72.0,71.0,30.297298,30.21783,30.081013,1009.76154,1009.5673,1009.7701,100.0,100.0,100.0,19.0,32.0,32.0,37.0,51.0,64.0,0.13908248,0.23001842,0.2905412,0.92186475,1.0192883,1.074341,10.144082,13.70839,16.923828,117.47435,119.93143,119.29127,23.759998,29.519999,30.960001,1.0,1.0,1.0,0.0,405.90933,0.0,23.308174,23.439257,23.572178,525.0,640.0,630.0,151.0,275.0,357.0,136.0,233.0,314.0,151.0,275.0,357.0,100.800575,224.65831,316.91702,90.78728,190.34686,278.74493,100.800575,224.65831,316.91702,15.0,42.0,43.0,42.52121,73.53031,56.985905,479.22662,775.976,1025.1244,10.013302,34.31145,38.172077,28.385181,60.069798,50.58769,319.9094,633.9253,910.0263,1013.1,1012.9,1013.1,0.0,0.0,0.0,22.0,21.0,20.0,-0.5000000000000004,-0.7071067811865477,-0.8660254037844386,0.8660254037844384,0.7071067811865474,0.5000000000000001,2.0,2.0,2.0,0.9749279121818236,0.9749279121818236,0.9749279121818236,-0.22252093395631434,-0.22252093395631434,-0.22252093395631434,4.0,4.0,4.0,0.8660254037844387,0.8660254037844387,0.8660254037844387,-0.4999999999999998,-0.4999999999999998,-0.4999999999999998,26.818000666666666,27.5680005,21.931329666666667,21.965942666666667,74.66666666666667,71.66666666666667,30.185647000000003,30.599644833333333,1009.8601633333334,1010.018015,100.0,100.0,17.0,26.5,39.333333333333336,48.0,0.14032661466666665,0.27369177066666667,0.8958389833333333,1.0518925083333335,10.380639,13.949974166666669,120.10367333333333,119.82387333333334,23.639999000000003,27.239999,1.0,1.0,135.30311,1069.5890550000001,23.305409333333333,23.564310333333335,500.0,560.0,153.0,346.1666666666667,134.0,244.16666666666666,153.0,346.1666666666667,108.486295,307.7485375,93.71138,212.00818,108.486295,307.7485375,19.0,102.0,38.68383999999997,118.77445916666666,470.10599666666667,827.0223650000001,14.774917333333335,95.74035416666668,29.484993,109.5341015,317.9449,711.7075500000001,1013.2000000000002,1013.35,0.0,0.0,22.0,20.5,-0.4886419420963566,-0.716312842727096,0.846352670420018,0.549646176060429,2.0,2.0,0.9749279121818236,0.9749279121818236,-0.22252093395631434,-0.22252093395631434,4.0,4.0,0.8660254037844387,0.8660254037844387,-0.4999999999999998,-0.4999999999999998
2025-04-17 00:00:00+00:00,25.268,22.369501,84.0,29.799946,1010.9392,100.0,0.0,29.0,0.0,0.51463366,4.1046314,127.875046,12.599999,0.0,0.0,23.138046,220.0,0.0,0.0,0.0,0.0,0.0,0.0,0.0,0.0,0.0,0.0,0.0,0.0,1014.3,0,0.0,1.0,3,0.43388373911755823,-0.900968867902419,4,0.8660254037844387,-0.4999999999999998,26.168001,26.918001,27.368,22.028969,21.890644,21.874376,78.0,74.0,72.0,30.041813,30.297298,30.21783,1010.25165,1009.76154,1009.5673,100.0,100.0,100.0,0.0,19.0,32.0,30.0,37.0,51.0,0.051878944,0.13908248,0.23001842,0.7463639,0.92186475,1.0192883,7.289445,10.144082,13.70839,122.90524,117.47435,119.93143,17.64,23.759998,29.519999,1.0,1.0,1.0,0.0,0.0,405.90933,23.168797,23.308174,23.439257,335.0,525.0,640.0,33.0,151.0,275.0,33.0,136.0,233.0,33.0,151.0,275.0,0.0,100.800575,224.65831,0.0,90.78728,190.34686,0.0,100.800575,224.65831,0.0,15.0,42.0,0.0,42.52121,73.53031,155.11537,479.22662,775.976,0.0,10.013302,34.31145,0.0,28.385181,60.069798,0.0,319.9094,633.9253,1013.6,1013.1,1012.9,0.0,0.0,0.0,23.0,22.0,21.0,-0.25881904510252157,-0.5000000000000004,-0.7071067811865477,0.9659258262890681,0.8660254037844384,0.7071067811865474,2.0,2.0,2.0,0.9749279121818236,0.9749279121818236,0.9749279121818236,-0.22252093395631434,-0.22252093395631434,-0.22252093395631434,4.0,4.0,4.0,0.8660254037844387,0.8660254037844387,0.8660254037844387,-0.4999999999999998,-0.4999999999999998,-0.4999999999999998,26.11800066666667,26.951333833333333,22.096371333333334,21.99048,78.66666666666667,74.5,30.046352333333335,30.162787000000005,1010.3174633333333,1010.0609816666666,100.0,100.0,6.333333333333333,19.833333333333332,32.0,45.666666666666664,0.063653808,0.18453692066666663,0.72762077,0.9179461349999999,7.179386133333332,11.679422233333332,122.75154533333334,121.27512766666666,17.999999000000003,24.299999166666666,0.6666666666666666,0.8333333333333334,0.0,469.589055,23.205005666666665,23.391967000000005,360.0,492.5,61.333333333333336,222.0,56.333333333333336,184.5,61.333333333333336,222.0,33.60019166666667,187.35422083333333,30.262426666666666,154.1542683333333,33.60019166666667,187.35422083333333,5.0,37.5,14.17373666666663,52.23748749999999,211.44733,607.5188983333334,3.3377673333333333,33.19994916666666,9.461727,45.01860816666667,106.63646666666666,498.8729166666667,1013.6666666666666,1013.4,0.0,0.0,15.0,17.5,-0.2529396817008407,-0.5496461760604295,0.9439837433578355,0.7163128427270956,2.3333333333333335,2.1666666666666665,0.7945798544937351,0.8847538833377794,-0.4486702452716826,-0.33559558961399844,4.0,4.0,0.8660254037844387,0.8660254037844387,-0.4999999999999998,-0.4999999999999998
2025-04-17 01:00:00+00:00,24.518,22.768724,90.0,29.344296,1011.429,100.0,0.0,40.0,0.0,0.30758286,3.671294,168.69011,7.2,0.0,0.0,23.219927,200.0,0.0,0.0,0.0,0.0,0.0,0.0,0.0,0.0,0.0,0.0,0.0,0.0,1014.8,1,0.25881904510252074,0.9659258262890683,3,0.43388373911755823,-0.900968867902419,4,0.8660254037844387,-0.4999999999999998,25.268,26.168001,26.918001,22.369501,22.028969,21.890644,84.0,78.0,74.0,29.799946,30.041813,30.297298,1010.9392,1010.25165,1009.76154,100.0,100.0,100.0,0.0,0.0,19.0,29.0,30.0,37.0,0.0,0.051878944,0.13908248,0.51463366,0.7463639,0.92186475,4.1046314,7.289445,10.144082,127.875046,122.90524,117.47435,12.599999,17.64,23.759998,0.0,1.0,1.0,0.0,0.0,0.0,23.138046,23.168797,23.308174,220.0,335.0,525.0,0.0,33.0,151.0,0.0,33.0,136.0,0.0,33.0,151.0,0.0,0.0,100.800575,0.0,0.0,90.78728,0.0,0.0,100.800575,0.0,0.0,15.0,0.0,0.0,42.52121,0.0,155.11537,479.22662,0.0,0.0,10.013302,0.0,0.0,28.385181,0.0,0.0,319.9094,1014.3,1013.6,1013.1,0.0,0.0,0.0,0.0,23.0,22.0,0.0,-0.25881904510252157,-0.5000000000000004,1.0,0.9659258262890681,0.8660254037844384,3.0,2.0,2.0,0.43388373911755823,0.9749279121818236,0.9749279121818236,-0.900968867902419,-0.22252093395631434,-0.22252093395631434,4.0,4.0,4.0,0.8660254037844387,0.8660254037844387,0.8660254037844387,-0.4999999999999998,-0.4999999999999998,-0.4999999999999998,25.318000333333334,26.3180005,22.389064666666666,22.144179000000005,84.0,78.16666666666667,29.728685000000002,29.963699333333334,1010.8732833333333,1010.2864650000001,100.0,100.0,0.0,13.833333333333334,33.0,41.833333333333336,0.017292981333333336,0.11858684066666668,0.52286014,0.7640124116666666,5.021790133333333,9.306945066666668,139.82346533333333,129.361241,12.47999966666667,20.2799995,0.3333333333333333,0.6666666666666666,0.0,67.651555,23.17559,23.307729833333337,251.66666666666666,425.0,11.0,136.0,11.0,119.33333333333333,11.0,136.0,0.0,107.06265083333334,0.0,93.31317833333333,0.0,107.06265083333334,0.0,16.666666666666668,0.0,28.839570833333337,51.70512333333334,405.90706500000005,0.0,13.7494715,0.0,23.173778166666665,0.0,310.64349999999996,1014.2333333333332,1013.6333333333333,0.0,0.0,8.0,14.5,-2.7755575615628914e-16,-0.3455220308284979,0.9772838841927122,0.8341639729248538,2.6666666666666665,2.3333333333333335,0.6142317968056467,0.794579854493735,-0.6748195565870508,-0.4486702452716826,4.0,4.0,0.8660254037844387,0.8660254037844387,-0.4999999999999998,-0.4999999999999998
2025-04-17 02:00:00+00:00,24.018,22.815166,93.0,28.758041,1011.8223,58.0,6.0,53.0,0.0,0.20896077,4.452954,194.03627,6.8399997,0.0,0.0,23.126974,200.0,0.0,0.0,0.0,0.0,0.0,0.0,0.0,0.0,0.0,0.0,0.0,0.0,1015.2,2,0.49999999999999994,0.8660254037844387,3,0.43388373911755823,-0.900968867902419,4,0.8660254037844387,-0.4999999999999998,24.518,25.268,26.168001,22.768724,22.369501,22.028969,90.0,84.0,78.0,29.344296,29.799946,30.041813,1011.429,1010.9392,1010.25165,100.0,100.0,100.0,0.0,0.0,0.0,40.0,29.0,30.0,0.0,0.0,0.051878944,0.30758286,0.51463366,0.7463639,3.671294,4.1046314,7.289445,168.69011,127.875046,122.90524,7.2,12.599999,17.64,0.0,0.0,1.0,0.0,0.0,0.0,23.219927,23.138046,23.168797,200.0,220.0,335.0,0.0,0.0,33.0,0.0,0.0,33.0,0.0,0.0,33.0,0.0,0.0,0.0,0.0,0.0,0.0,0.0,0.0,0.0,0.0,0.0,0.0,0.0,0.0,0.0,0.0,0.0,155.11537,0.0,0.0,0.0,0.0,0.0,0.0,0.0,0.0,0.0,1014.8,1014.3,1013.6,0.0,0.0,0.0,1.0,0.0,23.0,0.25881904510252074,0.0,-0.25881904510252157,0.9659258262890683,1.0,0.9659258262890681,3.0,3.0,2.0,0.43388373911755823,0.43388373911755823,0.9749279121818236,-0.900968867902419,-0.900968867902419,-0.22252093395631434,4.0,4.0,4.0,0.8660254037844387,0.8660254037844387,0.8660254037844387,-0.4999999999999998,-0.4999999999999998,-0.4999999999999998,24.601333333333333,25.709667,22.65113033333333,22.291230000000002,89.0,81.83333333333333,29.300760999999998,29.743203999999995,1011.3968333333333,1010.6284983333334,86.0,93.0,2.0,9.5,40.666666666666664,40.0,0.0,0.07016330733333333,0.3437257633333333,0.6197823733333333,4.076293133333333,7.228466066666666,163.53380866666666,141.81874100000002,8.879999566666669,16.259999283333332,0.0,0.5,0.0,67.651555,23.161649,23.233529166666667,206.66666666666666,353.3333333333333,0.0,76.5,0.0,67.0,0.0,76.5,0.0,54.2431475,0.0,46.85569,0.0,54.2431475,0.0,9.5,0.0,19.341920000000002,0.0,235.05299833333333,0.0,7.387458666666667,0.0,14.7424965,0.0,158.97245,1014.7666666666668,1013.9833333333332,0.0,0.0,1.0,11.5,0.25293968170084025,-0.11785113019775821,0.9439837433578356,0.8951682068889268,3.0,2.5,0.43388373911755823,0.7044058256496909,-0.900968867902419,-0.5617449009293667,4.0,4.0,0.8660254037844387,0.8660254037844387,-0.4999999999999998,-0.4999999999999998
2025-04-17 03:00:00+00:00,23.618,22.769253,95.0,28.36663,1011.8175,72.0,32.0,56.0,0.0,0.14571571,4.2136917,199.9832,7.2,0.0,0.0,22.99435,255.0,0.0,0.0,0.0,0.0,0.0,0.0,0.0,0.0,0.0,0.0,0.0,0.0,1015.2,3,0.7071067811865476,0.7071067811865476,3,0.43388373911755823,-0.900968867902419,4,0.8660254037844387,-0.4999999999999998,24.018,24.518,25.268,22.815166,22.768724,22.369501,93.0,90.0,84.0,28.758041,29.344296,29.799946,1011.8223,1011.429,1010.9392,58.0,100.0,100.0,6.0,0.0,0.0,53.0,40.0,29.0,0.0,0.0,0.0,0.20896077,0.30758286,0.51463366,4.452954,3.671294,4.1046314,194.03627,168.69011,127.875046,6.8399997,7.2,12.599999,0.0,0.0,0.0,0.0,0.0,0.0,23.126974,23.219927,23.138046,200.0,200.0,220.0,0.0,0.0,0.0,0.0,0.0,0.0,0.0,0.0,0.0,0.0,0.0,0.0,0.0,0.0,0.0,0.0,0.0,0.0,0.0,0.0,0.0,0.0,0.0,0.0,0.0,0.0,0.0,0.0,0.0,0.0,0.0,0.0,0.0,0.0,0.0,0.0,1015.2,1014.8,1014.3,0.0,0.0,0.0,2.0,1.0,0.0,0.49999999999999994,0.25881904510252074,0.0,0.8660254037844387,0.9659258262890683,1.0,3.0,3.0,3.0,0.43388373911755823,0.43388373911755823,0.43388373911755823,-0.900968867902419,-0.900968867902419,-0.900968867902419,4.0,4.0,4.0,0.8660254037844387,0.8660254037844387,0.8660254037844387,-0.4999999999999998,-0.4999999999999998,-0.4999999999999998,24.051333333333332,25.084667,22.784380999999996,22.440376166666667,92.66666666666667,85.66666666666667,28.822989000000003,29.434670666666666,1011.6896,1011.0035316666667,76.66666666666667,88.33333333333333,12.666666666666666,9.5,49.666666666666664,40.833333333333336,0.0,0.031826904,0.22075311333333333,0.47418694166666664,4.112646566666666,5.64601635,187.56985999999998,155.16070266666668,7.079999900000002,12.539999450000002,0.0,0.3333333333333333,0.0,0.0,23.113750333333332,23.159378000000004,218.33333333333334,289.1666666666667,0.0,30.666666666666668,0.0,28.166666666666668,0.0,30.666666666666668,0.0,16.800095833333334,0.0,15.131213333333333,0.0,16.800095833333334,0.0,2.5,0.0,7.086868333333334,0.0,105.723665,0.0,1.6688836666666667,0.0,4.7308635,0.0,53.31823333333333,1015.0666666666666,1014.3666666666668,0.0,0.0,2.0,8.5,0.4886419420963561,0.11785113019775768,0.8463526704200183,0.8951682068889268,3.0,2.6666666666666665,0.43388373911755823,0.6142317968056467,-0.900968867902419,-0.6748195565870508,4.0,4.0,0.8660254037844387,0.8660254037844387,-0.4999999999999998,-0.4999999999999998
2025-04-17 04:00:00+00:00,23.368,22.171003,93.0,27.852844,1011.715,46.0,0.0,46.0,0.0,0.20096684,3.671294,168.69011,6.8399997,0.0,0.0,22.482248,320.0,0.0,0.0,0.0,0.0,0.0,0.0,0.0,0.0,0.0,0.0,0.0,0.0,1015.1,4,0.8660254037844386,0.5000000000000001,3,0.43388373911755823,-0.900968867902419,4,0.8660254037844387,-0.4999999999999998,23.618,24.018,24.518,22.769253,22.815166,22.768724,95.0,93.0,90.0,28.36663,28.758041,29.344296,1011.8175,1011.8223,1011.429,72.0,58.0,100.0,32.0,6.0,0.0,56.0,53.0,40.0,0.0,0.0,0.0,0.14571571,0.20896077,0.30758286,4.2136917,4.452954,3.671294,199.9832,194.03627,168.69011,7.2,6.8399997,7.2,0.0,0.0,0.0,0.0,0.0,0.0,22.99435,23.126974,23.219927,255.0,200.0,200.0,0.0,0.0,0.0,0.0,0.0,0.0,0.0,0.0,0.0,0.0,0.0,0.0,0.0,0.0,0.0,0.0,0.0,0.0,0.0,0.0,0.0,0.0,0.0,0.0,0.0,0.0,0.0,0.0,0.0,0.0,0.0,0.0,0.0,0.0,0.0,0.0,1015.2,1015.2,1014.8,0.0,0.0,0.0,3.0,2.0,1.0,0.7071067811865476,0.49999999999999994,0.25881904510252074,0.7071067811865476,0.8660254037844387,0.9659258262890683,3.0,3.0,3.0,0.43388373911755823,0.43388373911755823,0.43388373911755823,-0.900968867902419,-0.900968867902419,-0.900968867902419,4.0,4.0,4.0,0.8660254037844387,0.8660254037844387,0.8660254037844387,-0.4999999999999998,-0.4999999999999998,-0.4999999999999998,23.667999999999996,24.493000166666665,22.58514066666667,22.48710266666667,93.66666666666667,88.83333333333333,28.325838333333337,29.027261666666664,1011.7849333333334,1011.3291083333334,58.666666666666664,79.33333333333333,12.666666666666666,6.333333333333333,51.666666666666664,42.333333333333336,0.0,0.008646490666666668,0.18521443999999998,0.35403728999999995,4.112646566666666,4.56721835,187.56985999999998,163.6966626666667,6.959999800000003,9.719999733333333,0.0,0.16666666666666666,0.0,0.0,22.867857333333333,23.021723666666663,258.3333333333333,255.0,0.0,5.5,0.0,5.5,0.0,5.5,0.0,0.0,0.0,0.0,0.0,0.0,0.0,0.0,0.0,0.0,0.0,25.85256166666667,0.0,0.0,0.0,0.0,0.0,0.0,1015.1666666666666,1014.6999999999999,0.0,0.0,3.0,5.5,0.6910440616569954,0.3455220308284976,0.6910440616569956,0.8341639729248538,3.0,2.8333333333333335,0.43388373911755823,0.5240577679616024,-0.900968867902419,-0.7878942122447349,4.0,4.0,0.8660254037844387,0.8660254037844387,-0.4999999999999998,-0.4999999999999998
2025-04-17 05:00:00+00:00,23.068,21.696692,92.0,27.391232,1011.2135,35.0,0.0,35.0,0.0,0.22556853,2.968636,165.96373,5.7599998,0.0,0.0,22.053757,400.0,0.0,0.0,0.0,0.0,0.0,0.0,0.0,0.0,0.0,0.0,0.0,0.0,1014.6,5,0.9659258262890683,0.25881904510252074,3,0.43388373911755823,-0.900968867902419,4,0.8660254037844387,-0.4999999999999998,23.368,23.618,24.018,22.171003,22.769253,22.815166,93.0,95.0,93.0,27.852844,28.36663,28.758041,1011.715,1011.8175,1011.8223,46.0,72.0,58.0,0.0,32.0,6.0,46.0,56.0,53.0,0.0,0.0,0.0,0.20096684,0.14571571,0.20896077,3.671294,4.2136917,4.452954,168.69011,199.9832,194.03627,6.8399997,7.2,6.8399997,0.0,0.0,0.0,0.0,0.0,0.0,22.482248,22.99435,23.126974,320.0,255.0,200.0,0.0,0.0,0.0,0.0,0.0,0.0,0.0,0.0,0.0,0.0,0.0,0.0,0.0,0.0,0.0,0.0,0.0,0.0,0.0,0.0,0.0,0.0,0.0,0.0,0.0,0.0,0.0,0.0,0.0,0.0,0.0,0.0,0.0,0.0,0.0,0.0,1015.1,1015.2,1015.2,0.0,0.0,0.0,4.0,3.0,2.0,0.8660254037844386,0.7071067811865476,0.49999999999999994,0.5000000000000001,0.7071067811865476,0.8660254037844387,3.0,3.0,3.0,0.43388373911755823,0.43388373911755823,0.43388373911755823,-0.900968867902419,-0.900968867902419,-0.900968867902419,4.0,4.0,4.0,0.8660254037844387,0.8660254037844387,0.8660254037844387,-0.4999999999999998,-0.4999999999999998,-0.4999999999999998,23.351333333333333,23.976333333333333,22.212315999999998,22.431723166666668,93.33333333333333,91.16666666666667,27.870235333333337,28.585498166666667,1011.582,1011.4894166666667,51.0,68.5,10.666666666666666,6.333333333333333,45.666666666666664,43.166666666666664,0.0,0.0,0.19075036,0.2672380616666666,3.6178738999999998,3.8470835166666664,178.2123466666667,170.87307766666666,6.599999833333336,7.739999699999999,0.0,0.0,0.0,0.0,22.510118333333335,22.835883666666664,325.0,265.8333333333333,0.0,0.0,0.0,0.0,0.0,0.0,0.0,0.0,0.0,0.0,0.0,0.0,0.0,0.0,0.0,0.0,0.0,0.0,0.0,0.0,0.0,0.0,0.0,0.0,1014.9666666666667,1014.8666666666668,0.0,0.0,4.0,2.5,0.8463526704200182,0.5496461760604292,0.4886419420963562,0.7163128427270959,3.0,3.0,0.43388373911755823,0.43388373911755823,-0.900968867902419,-0.900968867902419,4.0,4.0,0.8660254037844387,0.8660254037844387,-0.4999999999999998,-0.4999999999999998
2025-04-17 06:00:00+00:00,22.718,21.526823,93.0,26.906046,1010.9104,29.0,0.0,29.0,0.0,0.19324207,3.2599385,173.6599,5.3999996,0.0,0.0,21.83752,420.0,0.0,0.0,0.0,0.0,0.0,0.0,0.0,0.0,0.0,0.0,0.0,0.0,1014.3,6,1.0,6.123233995736766e-17,3,0.43388373911755823,-0.900968867902419,4,0.8660254037844387,-0.4999999999999998,23.068,23.368,23.618,21.696692,22.171003,22.769253,92.0,93.0,95.0,27.391232,27.852844,28.36663,1011.2135,1011.715,1011.8175,35.0,46.0,72.0,0.0,0.0,32.0,35.0,46.0,56.0,0.0,0.0,0.0,0.22556853,0.20096684,0.14571571,2.968636,3.671294,4.2136917,165.96373,168.69011,199.9832,5.7599998,6.8399997,7.2,0.0,0.0,0.0,0.0,0.0,0.0,22.053757,22.482248,22.99435,400.0,320.0,255.0,0.0,0.0,0.0,0.0,0.0,0.0,0.0,0.0,0.0,0.0,0.0,0.0,0.0,0.0,0.0,0.0,0.0,0.0,0.0,0.0,0.0,0.0,0.0,0.0,0.0,0.0,0.0,0.0,0.0,0.0,0.0,0.0,0.0,0.0,0.0,0.0,1014.6,1015.1,1015.2,0.0,0.0,0.0,5.0,4.0,3.0,0.9659258262890683,0.8660254037844386,0.7071067811865476,0.25881904510252074,0.5000000000000001,0.7071067811865476,3.0,3.0,3.0,0.43388373911755823,0.43388373911755823,0.43388373911755823,-0.900968867902419,-0.900968867902419,-0.900968867902419,4.0,4.0,4.0,0.8660254037844387,0.8660254037844387,0.8660254037844387,-0.4999999999999998,-0.4999999999999998,-0.4999999999999998,23.051333333333332,23.551333333333332,21.79817266666667,22.29127683333333,92.66666666666667,92.66666666666667,27.383374000000003,28.103181499999994,1011.2796333333332,1011.4846166666666,36.666666666666664,56.666666666666664,0.0,6.333333333333333,36.666666666666664,43.166666666666664,0.0,0.0,0.20659248,0.21367279666666664,3.2999561666666666,3.7063013666666667,169.43791333333334,178.50388666666666,5.999999700000003,6.5399997999999995,0.0,0.0,0.0,0.0,22.124508333333335,22.619129333333333,380.0,299.1666666666667,0.0,0.0,0.0,0.0,0.0,0.0,0.0,0.0,0.0,0.0,0.0,0.0,0.0,0.0,0.0,0.0,0.0,0.0,0.0,0.0,0.0,0.0,0.0,0.0,1014.6666666666666,1014.8666666666668,0.0,0.0,5.0,3.5,0.9439837433578356,0.7163128427270958,0.25293968170084036,0.5496461760604293,3.0,3.0,0.43388373911755823,0.43388373911755823,-0.900968867902419,-0.900968867902419,4.0,4.0,0.8660254037844387,0.8660254037844387,-0.4999999999999998,-0.4999999999999998
2025-04-17 07:00:00+00:00,22.468,21.279058,93.0,26.513432,1010.4092,19.0,0.0,19.0,0.0,0.190341,3.319036,167.4712,5.7599998,0.0,0.0,21.589548,395.0,0.0,0.0,0.0,0.0,0.0,0.0,0.0,0.0,0.0,0.0,0.0,0.0,1013.8,7,0.9659258262890683,-0.25881904510252063,3,0.43388373911755823,-0.900968867902419,4,0.8660254037844387,-0.4999999999999998,22.718,23.068,23.368,21.526823,21.696692,22.171003,93.0,92.0,93.0,26.906046,27.391232,27.852844,1010.9104,1011.2135,1011.715,29.0,35.0,46.0,0.0,0.0,0.0,29.0,35.0,46.0,0.0,0.0,0.0,0.19324207,0.22556853,0.20096684,3.2599385,2.968636,3.671294,173.6599,165.96373,168.69011,5.3999996,5.7599998,6.8399997,0.0,0.0,0.0,0.0,0.0,0.0,21.83752,22.053757,22.482248,420.0,400.0,320.0,0.0,0.0,0.0,0.0,0.0,0.0,0.0,0.0,0.0,0.0,0.0,0.0,0.0,0.0,0.0,0.0,0.0,0.0,0.0,0.0,0.0,0.0,0.0,0.0,0.0,0.0,0.0,0.0,0.0,0.0,0.0,0.0,0.0,0.0,0.0,0.0,1014.3,1014.6,1015.1,0.0,0.0,0.0,6.0,5.0,4.0,1.0,0.9659258262890683,0.8660254037844386,6.123233995736766e-17,0.25881904510252074,0.5000000000000001,3.0,3.0,3.0,0.43388373911755823,0.43388373911755823,0.43388373911755823,-0.900968867902419,-0.900968867902419,-0.900968867902419,4.0,4.0,4.0,0.8660254037844387,0.8660254037844387,0.8660254037844387,-0.4999999999999998,-0.4999999999999998,-0.4999999999999998,22.751333333333335,23.209666666666667,21.500857666666665,22.042999166666664,92.66666666666667,93.16666666666667,26.936903333333333,27.631370833333335,1010.8443666666666,1011.3146499999999,27.666666666666668,43.166666666666664,0.0,6.333333333333333,27.666666666666668,39.666666666666664,0.0,0.0,0.20305053333333334,0.19413248666666663,3.1825368333333333,3.6475917,169.03161,178.300735,5.639999733333336,6.299999766666667,0.0,0.0,0.0,0.0,21.82694166666667,22.347399499999998,405.0,331.6666666666667,0.0,0.0,0.0,0.0,0.0,0.0,0.0,0.0,0.0,0.0,0.0,0.0,0.0,0.0,0.0,0.0,0.0,0.0,0.0,0.0,0.0,0.0,0.0,0.0,1014.2333333333332,1014.6999999999999,0.0,0.0,6.0,4.5,0.9772838841927122,0.8341639729248538,9.251858538542972e-17,0.3455220308284977,3.0,3.0,0.43388373911755823,0.43388373911755823,-0.900968867902419,-0.900968867902419,4.0,4.0,0.8660254037844387,0.8660254037844387,-0.4999999999999998,-0.4999999999999998
2025-04-17 08:00:00+00:00,22.318,21.130398,93.0,26.21979,1010.50696,14.0,10.0,4.0,0.0,0.18861794,3.7585104,163.30067,6.12,0.0,0.0,21.440765,345.0,0.0,0.0,0.0,0.0,0.0,0.0,0.0,0.0,0.0,0.0,0.0,0.0,1013.9,8,0.8660254037844387,-0.4999999999999998,3,0.43388373911755823,-0.900968867902419,4,0.8660254037844387,-0.4999999999999998,22.468,22.718,23.068,21.279058,21.526823,21.696692,93.0,93.0,92.0,26.513432,26.906046,27.391232,1010.4092,1010.9104,1011.2135,19.0,29.0,35.0,0.0,0.0,0.0,19.0,29.0,35.0,0.0,0.0,0.0,0.190341,0.19324207,0.22556853,3.319036,3.2599385,2.968636,167.4712,173.6599,165.96373,5.7599998,5.3999996,5.7599998,0.0,0.0,0.0,0.0,0.0,0.0,21.589548,21.83752,22.053757,395.0,420.0,400.0,0.0,0.0,0.0,0.0,0.0,0.0,0.0,0.0,0.0,0.0,0.0,0.0,0.0,0.0,0.0,0.0,0.0,0.0,0.0,0.0,0.0,0.0,0.0,0.0,0.0,0.0,0.0,0.0,0.0,0.0,0.0,0.0,0.0,0.0,0.0,0.0,1013.8,1014.3,1014.6,0.0,0.0,0.0,7.0,6.0,5.0,0.9659258262890683,1.0,0.9659258262890683,-0.25881904510252063,6.123233995736766e-17,0.25881904510252074,3.0,3.0,3.0,0.43388373911755823,0.43388373911755823,0.43388373911755823,-0.900968867902419,-0.900968867902419,-0.900968867902419,4.0,4.0,4.0,0.8660254037844387,0.8660254037844387,0.8660254037844387,-0.4999999999999998,-0.4999999999999998,-0.4999999999999998,22.501333333333335,22.926333333333332,21.312093,21.7622045,93.0,93.16666666666667,26.54642266666667,27.208329000000003,1010.6088533333333,1011.0954266666666,20.666666666666668,35.833333333333336,3.3333333333333335,7.0,17.333333333333332,31.5,0.0,0.0,0.19073367,0.19074201499999996,3.4458283,3.5318510999999995,168.14392333333333,173.178135,5.759999800000003,6.179999816666666,0.0,0.0,0.0,0.0,21.622610999999996,22.06636466666667,386.6666666666667,355.8333333333333,0.0,0.0,0.0,0.0,0.0,0.0,0.0,0.0,0.0,0.0,0.0,0.0,0.0,0.0,0.0,0.0,0.0,0.0,0.0,0.0,0.0,0.0,0.0,0.0,1014.0,1014.4833333333335,0.0,0.0,7.0,5.5,0.9439837433578356,0.8951682068889268,-0.2529396817008401,0.11785113019775799,3.0,3.0,0.43388373911755823,0.43388373911755823,-0.900968867902419,-0.900968867902419,4.0,4.0,0.8660254037844387,0.8660254037844387,-0.4999999999999998,-0.4999999999999998
2025-04-17 09:00:00+00:00,22.168001,20.981737,93.0,25.856485,1010.8044,14.0,14.0,0.0,0.0,0.1869092,4.6800003,157.3801,7.5599995,0.0,0.0,21.291983,325.0,0.0,0.0,0.0,0.0,0.0,0.0,0.0,0.0,0.0,0.0,0.0,0.0,1014.2,9,0.7071067811865476,-0.7071067811865475,3,0.43388373911755823,-0.900968867902419,4,0.8660254037844387,-0.4999999999999998,22.318,22.468,22.718,21.130398,21.279058,21.526823,93.0,93.0,93.0,26.21979,26.513432,26.906046,1010.50696,1010.4092,1010.9104,14.0,19.0,29.0,10.0,0.0,0.0,4.0,19.0,29.0,0.0,0.0,0.0,0.18861794,0.190341,0.19324207,3.7585104,3.319036,3.2599385,163.30067,167.4712,173.6599,6.12,5.7599998,5.3999996,0.0,0.0,0.0,0.0,0.0,0.0,21.440765,21.589548,21.83752,345.0,395.0,420.0,0.0,0.0,0.0,0.0,0.0,0.0,0.0,0.0,0.0,0.0,0.0,0.0,0.0,0.0,0.0,0.0,0.0,0.0,0.0,0.0,0.0,0.0,0.0,0.0,0.0,0.0,0.0,0.0,0.0,0.0,0.0,0.0,0.0,0.0,0.0,0.0,1013.9,1013.8,1014.3,0.0,0.0,0.0,8.0,7.0,6.0,0.8660254037844387,0.9659258262890683,1.0,-0.4999999999999998,-0.25881904510252063,6.123233995736766e-17,3.0,3.0,3.0,0.43388373911755823,0.43388373911755823,0.43388373911755823,-0.900968867902419,-0.900968867902419,-0.900968867902419,4.0,4.0,4.0,0.8660254037844387,0.8660254037844387,0.8660254037844387,-0.4999999999999998,-0.4999999999999998,-0.4999999999999998,22.318000333333334,22.684666833333335,21.130397666666667,21.464285166666667,93.0,92.83333333333333,26.196569,26.789971499999996,1010.57352,1010.9265766666666,15.666666666666666,26.166666666666668,8.0,4.0,7.666666666666667,22.166666666666668,0.0,0.0,0.18862271333333336,0.19760759666666664,3.919182233333333,3.6095691999999997,162.71732333333333,166.07761833333333,6.479999766666669,6.239999733333334,0.0,0.0,0.0,0.0,21.44076533333333,21.78263683333333,355.0,367.5,0.0,0.0,0.0,0.0,0.0,0.0,0.0,0.0,0.0,0.0,0.0,0.0,0.0,0.0,0.0,0.0,0.0,0.0,0.0,0.0,0.0,0.0,0.0,0.0,1013.9666666666667,1014.3166666666667,0.0,0.0,8.0,6.5,0.8463526704200183,0.8951682068889268,-0.4886419420963559,-0.11785113019775785,3.0,3.0,0.43388373911755823,0.43388373911755823,-0.900968867902419,-0.900968867902419,4.0,4.0,0.8660254037844387,0.8660254037844387,-0.4999999999999998,-0.4999999999999998
2025-04-17 10:00:00+00:00,22.168001,21.155897,94.0,25.967606,1011.40234,23.0,23.0,0.0,0.0,0.16020536,4.5536795,161.56496,7.5599995,0.0,0.0,21.420826,365.0,0.0,0.0,0.0,0.0,0.0,0.0,0.0,0.0,0.0,0.0,0.0,0.0,1014.8,10,0.49999999999999994,-0.8660254037844387,3,0.43388373911755823,-0.900968867902419,4,0.8660254037844387,-0.4999999999999998,22.168001,22.318,22.468,20.981737,21.130398,21.279058,93.0,93.0,93.0,25.856485,26.21979,26.513432,1010.8044,1010.50696,1010.4092,14.0,14.0,19.0,14.0,10.0,0.0,0.0,4.0,19.0,0.0,0.0,0.0,0.1869092,0.18861794,0.190341,4.6800003,3.7585104,3.319036,157.3801,163.30067,167.4712,7.5599995,6.12,5.7599998,0.0,0.0,0.0,0.0,0.0,0.0,21.291983,21.440765,21.589548,325.0,345.0,395.0,0.0,0.0,0.0,0.0,0.0,0.0,0.0,0.0,0.0,0.0,0.0,0.0,0.0,0.0,0.0,0.0,0.0,0.0,0.0,0.0,0.0,0.0,0.0,0.0,0.0,0.0,0.0,0.0,0.0,0.0,0.0,0.0,0.0,0.0,0.0,0.0,1014.2,1013.9,1013.8,0.0,0.0,0.0,9.0,8.0,7.0,0.7071067811865476,0.8660254037844387,0.9659258262890683,-0.7071067811865475,-0.4999999999999998,-0.25881904510252063,3.0,3.0,3.0,0.43388373911755823,0.43388373911755823,0.43388373911755823,-0.900968867902419,-0.900968867902419,-0.900968867902419,4.0,4.0,4.0,0.8660254037844387,0.8660254037844387,0.8660254037844387,-0.4999999999999998,-0.4999999999999998,-0.4999999999999998,22.218000666666665,22.484667,21.089344,21.295100833333333,93.33333333333333,93.0,26.014627,26.475765166666665,1010.9045666666667,1010.8744666666666,17.0,22.333333333333332,15.666666666666666,7.833333333333333,1.3333333333333333,14.5,0.0,0.0,0.17857750000000003,0.19081401666666664,4.330730066666667,3.7566334500000003,160.74857666666665,164.89009333333334,7.079999666666669,6.3599996999999995,0.0,0.0,0.0,0.0,21.384524666666664,21.605733166666667,345.0,375.0,0.0,0.0,0.0,0.0,0.0,0.0,0.0,0.0,0.0,0.0,0.0,0.0,0.0,0.0,0.0,0.0,0.0,0.0,0.0,0.0,0.0,0.0,0.0,0.0,1014.3000000000001,1014.2666666666668,0.0,0.0,9.0,7.5,0.6910440616569954,0.8341639729248538,-0.6910440616569953,-0.34552203082849764,3.0,3.0,0.43388373911755823,0.43388373911755823,-0.900968867902419,-0.900968867902419,4.0,4.0,0.8660254037844387,0.8660254037844387,-0.4999999999999998,-0.4999999999999998
2025-04-17 11:00:00+00:00,22.268,21.255136,94.0,26.257175,1012.0017,32.0,32.0,0.0,0.013868987,0.16118097,3.6179552,174.2895,7.5599995,1.0,0.0,21.520239,405.0,14.0,11.0,14.000001,31.759192,24.953651,17.599459,3.0,30.665583,73.62464,6.805541,38.54983,167.0185,1015.4,11,0.258819045102521,-0.9659258262890682,3,0.43388373911755823,-0.900968867902419,4,0.8660254037844387,-0.4999999999999998,22.168001,22.168001,22.318,21.155897,20.981737,21.130398,94.0,93.0,93.0,25.967606,25.856485,26.21979,1011.40234,1010.8044,1010.50696,23.0,14.0,14.0,23.0,14.0,10.0,0.0,0.0,4.0,0.0,0.0,0.0,0.16020536,0.1869092,0.18861794,4.5536795,4.6800003,3.7585104,161.56496,157.3801,163.30067,7.5599995,7.5599995,6.12,0.0,0.0,0.0,0.0,0.0,0.0,21.420826,21.291983,21.440765,365.0,325.0,345.0,0.0,0.0,0.0,0.0,0.0,0.0,0.0,0.0,0.0,0.0,0.0,0.0,0.0,0.0,0.0,0.0,0.0,0.0,0.0,0.0,0.0,0.0,0.0,0.0,0.0,0.0,0.0,0.0,0.0,0.0,0.0,0.0,0.0,0.0,0.0,0.0,1014.8,1014.2,1013.9,0.0,0.0,0.0,10.0,9.0,8.0,0.49999999999999994,0.7071067811865476,0.8660254037844387,-0.8660254037844387,-0.7071067811865475,-0.4999999999999998,3.0,3.0,3.0,0.43388373911755823,0.43388373911755823,0.43388373911755823,-0.900968867902419,-0.900968867902419,-0.900968867902419,4.0,4.0,4.0,0.8660254037844387,0.8660254037844387,0.8660254037844387,-0.4999999999999998,-0.4999999999999998,-0.4999999999999998,22.201334000000003,22.351333666666665,21.13092333333333,21.221508166666666,93.66666666666667,93.33333333333333,26.027088666666668,26.286755666666664,1011.4028133333333,1011.0058333333333,23.0,21.833333333333332,23.0,13.166666666666666,0.0,8.666666666666666,0.004622995666666667,0.0023114978333333334,0.16943184333333336,0.18008275666666662,4.283878333333333,3.8648533166666668,164.41152000000002,166.27772166666668,7.5599995,6.6599996500000005,0.3333333333333333,0.16666666666666666,0.0,0.0,21.411016,21.516813499999998,365.0,375.8333333333333,4.666666666666667,2.3333333333333335,3.6666666666666665,1.8333333333333333,4.6666669999999995,2.3333334999999997,10.586397333333332,5.293198666666666,8.317883666666667,4.1589418333333334,5.8664863333333335,2.9332431666666667,1.0,0.5,10.221860999999963,5.1109305,24.541546666666665,12.270773333333333,2.2685136666666668,1.1342568333333334,12.849943333333334,6.424971666666667,55.67283333333333,27.836416666666665,1014.7999999999998,1014.4,0.0,0.0,10.0,8.5,0.4886419420963562,0.7163128427270959,-0.846352670420018,-0.5496461760604291,3.0,3.0,0.43388373911755823,0.43388373911755823,-0.900968867902419,-0.900968867902419,4.0,4.0,0.8660254037844387,0.8660254037844387,-0.4999999999999998,-0.4999999999999998
2025-04-17 12:00:00+00:00,24.668001,22.732397,89.0,29.725632,1012.52734,34.0,34.0,0.0,0.09213917,0.3413856,1.9386592,158.19853,5.7599998,1.0,3600.0,23.232752,490.0,151.0,75.0,151.00002,224.36024,111.43721,224.36028,76.0,312.0798,330.7205,112.92304,463.6974,491.39423,1015.9,12,1.2246467991473532e-16,-1.0,3,0.43388373911755823,-0.900968867902419,4,0.8660254037844387,-0.4999999999999998,22.268,22.168001,22.168001,21.255136,21.155897,20.981737,94.0,94.0,93.0,26.257175,25.967606,25.856485,1012.0017,1011.40234,1010.8044,32.0,23.0,14.0,32.0,23.0,14.0,0.0,0.0,0.0,0.013868987,0.0,0.0,0.16118097,0.16020536,0.1869092,3.6179552,4.5536795,4.6800003,174.2895,161.56496,157.3801,7.5599995,7.5599995,7.5599995,1.0,0.0,0.0,0.0,0.0,0.0,21.520239,21.420826,21.291983,405.0,365.0,325.0,14.0,0.0,0.0,11.0,0.0,0.0,14.000001,0.0,0.0,31.759192,0.0,0.0,24.953651,0.0,0.0,17.599459,0.0,0.0,3.0,0.0,0.0,30.665583,0.0,0.0,73.62464,0.0,0.0,6.805541,0.0,0.0,38.54983,0.0,0.0,167.0185,0.0,0.0,1015.4,1014.8,1014.2,0.0,0.0,0.0,11.0,10.0,9.0,0.258819045102521,0.49999999999999994,0.7071067811865476,-0.9659258262890682,-0.8660254037844387,-0.7071067811865475,3.0,3.0,3.0,0.43388373911755823,0.43388373911755823,0.43388373911755823,-0.900968867902419,-0.900968867902419,-0.900968867902419,4.0,4.0,4.0,0.8660254037844387,0.8660254037844387,0.8660254037844387,-0.4999999999999998,-0.4999999999999998,-0.4999999999999998,23.03466733333333,22.676333833333334,21.714476666666666,21.42243716666667,92.33333333333333,92.66666666666667,27.316804333333337,26.756686666666667,1011.9771266666667,1011.2753233333333,29.666666666666668,22.666666666666668,29.666666666666668,18.833333333333332,0.0,3.8333333333333335,0.03533605233333333,0.017668026166666666,0.22092397666666666,0.20477334499999997,3.370097966666666,3.6446401,164.68433000000002,163.70082666666667,6.959999600000002,6.7199996833333335,0.6666666666666666,0.3333333333333333,1200.0,600.0,22.057939,21.749352166666668,420.0,387.5,55.0,27.5,28.666666666666668,14.333333333333334,55.000007000000004,27.500003500000002,85.37314400000001,42.686572000000005,45.46362033333333,22.731810166666666,80.65324633333333,40.326623166666664,26.333333333333332,13.166666666666666,114.24846099999996,57.1242305,134.78171333333333,67.39085666666666,39.909527000000004,19.954763500000002,167.41574333333332,83.70787166666666,219.47091,109.735455,1015.3666666666667,1014.6666666666666,0.0,0.0,11.0,9.5,0.2529396817008404,0.5496461760604293,-0.9439837433578356,-0.7163128427270958,3.0,3.0,0.43388373911755823,0.43388373911755823,-0.900968867902419,-0.900968867902419,4.0,4.0,0.8660254037844387,0.8660254037844387,-0.4999999999999998,-0.4999999999999998
2025-04-17 13:00:00+00:00,26.368,22.222864,78.0,31.296349,1013.14435,48.0,48.0,0.0,0.23892687,0.7552011,0.8049845,333.43503,3.96,1.0,3600.0,23.359724,610.0,354.0,132.0,354.0,433.7537,161.73866,433.7537,222.0,469.02383,642.7782,272.015,574.6915,787.59155,1016.5,13,-0.2588190451025208,-0.9659258262890683,3,0.43388373911755823,-0.900968867902419,4,0.8660254037844387,-0.4999999999999998,24.668001,22.268,22.168001,22.732397,21.255136,21.155897,89.0,94.0,94.0,29.725632,26.257175,25.967606,1012.52734,1012.0017,1011.40234,34.0,32.0,23.0,34.0,32.0,23.0,0.0,0.0,0.0,0.09213917,0.013868987,0.0,0.3413856,0.16118097,0.16020536,1.9386592,3.6179552,4.5536795,158.19853,174.2895,161.56496,5.7599998,7.5599995,7.5599995,1.0,1.0,0.0,3600.0,0.0,0.0,23.232752,21.520239,21.420826,490.0,405.0,365.0,151.0,14.0,0.0,75.0,11.0,0.0,151.00002,14.000001,0.0,224.36024,31.759192,0.0,111.43721,24.953651,0.0,224.36028,17.599459,0.0,76.0,3.0,0.0,312.0798,30.665583,0.0,330.7205,73.62464,0.0,112.92304,6.805541,0.0,463.6974,38.54983,0.0,491.39423,167.0185,0.0,1015.9,1015.4,1014.8,0.0,0.0,0.0,12.0,11.0,10.0,1.2246467991473532e-16,0.258819045102521,0.49999999999999994,-1.0,-0.9659258262890682,-0.8660254037844387,3.0,3.0,3.0,0.43388373911755823,0.43388373911755823,0.43388373911755823,-0.900968867902419,-0.900968867902419,-0.900968867902419,4.0,4.0,4.0,0.8660254037844387,0.8660254037844387,0.8660254037844387,-0.4999999999999998,-0.4999999999999998,-0.4999999999999998,24.434667,23.326333833333337,22.070132333333333,21.57973816666667,87.0,90.16666666666667,29.093052,27.5538395,1012.5577966666666,1011.7311816666667,38.0,27.5,38.0,26.833333333333332,0.0,0.6666666666666666,0.11497834233333333,0.057489171166666665,0.41925589,0.29891669499999995,2.120532966666666,3.2256315166666667,221.9743533333333,191.36146500000004,5.759999766666669,6.419999716666666,1.0,0.5,2400.0,1200.0,22.704238333333336,22.0443815,501.6666666666667,423.3333333333333,173.0,86.5,72.66666666666667,36.333333333333336,173.000007,86.5000035,229.95771066666666,114.97885533333333,99.376507,49.6882535,225.237813,112.6189065,100.33333333333333,50.166666666666664,270.5897376666666,135.29486883333334,349.0411133333334,174.5205566666667,130.58119366666668,65.29059683333334,358.9795766666667,179.48978833333334,482.0014266666667,241.00071333333335,1015.9333333333333,1015.1166666666667,0.0,0.0,12.0,10.5,1.4802973661668753e-16,0.3455220308284978,-0.9772838841927122,-0.8341639729248538,3.0,3.0,0.43388373911755823,0.43388373911755823,-0.900968867902419,-0.900968867902419,4.0,4.0,0.8660254037844387,0.8660254037844387,-0.4999999999999998,-0.4999999999999998
2025-04-17 14:00:00+00:00,27.618,21.884956,71.0,32.07266,1012.8593,62.0,62.0,0.0,0.34526235,1.0712173,2.7416782,66.801384,7.2,1.0,3600.0,23.525448,615.0,483.0,161.0,483.0,545.76886,181.92296,545.76886,322.0,477.18747,916.34644,363.84592,539.2009,1035.4314,1016.2,14,-0.4999999999999997,-0.8660254037844388,3,0.43388373911755823,-0.900968867902419,4,0.8660254037844387,-0.4999999999999998,26.368,24.668001,22.268,22.222864,22.732397,21.255136,78.0,89.0,94.0,31.296349,29.725632,26.257175,1013.14435,1012.52734,1012.0017,48.0,34.0,32.0,48.0,34.0,32.0,0.0,0.0,0.0,0.23892687,0.09213917,0.013868987,0.7552011,0.3413856,0.16118097,0.8049845,1.9386592,3.6179552,333.43503,158.19853,174.2895,3.96,5.7599998,7.5599995,1.0,1.0,1.0,3600.0,3600.0,0.0,23.359724,23.232752,21.520239,610.0,490.0,405.0,354.0,151.0,14.0,132.0,75.0,11.0,354.0,151.00002,14.000001,433.7537,224.36024,31.759192,161.73866,111.43721,24.953651,433.7537,224.36028,17.599459,222.0,76.0,3.0,469.02383,312.0798,30.665583,642.7782,330.7205,73.62464,272.015,112.92304,6.805541,574.6915,463.6974,38.54983,787.59155,491.39423,167.0185,1016.5,1015.9,1015.4,0.0,0.0,0.0,13.0,12.0,11.0,-0.2588190451025208,1.2246467991473532e-16,0.258819045102521,-0.9659258262890683,-1.0,-0.9659258262890682,3.0,3.0,3.0,0.43388373911755823,0.43388373911755823,0.43388373911755823,-0.900968867902419,-0.900968867902419,-0.900968867902419,4.0,4.0,4.0,0.8660254037844387,0.8660254037844387,0.8660254037844387,-0.4999999999999998,-0.4999999999999998,-0.4999999999999998,26.218000333333332,24.209667166666666,22.280072333333333,21.70549783333333,79.33333333333333,86.5,31.031547,28.529317833333334,1012.8436633333334,1012.1232383333335,48.0,35.5,48.0,35.5,0.0,0.0,0.22544279666666667,0.11503289616666668,0.7226013333333334,0.44601658833333335,1.828440633333333,3.0561594833333334,186.14498133333333,175.27825066666665,5.6399999333333355,6.599999716666667,1.0,0.6666666666666666,3600.0,1800.0,23.372641333333334,22.391828666666665,571.6666666666666,468.3333333333333,329.3333333333333,167.0,122.66666666666667,63.166666666666664,329.33333999999996,167.00000350000002,401.2942666666667,205.940332,151.69961,80.00874683333333,401.29428,203.58038316666668,206.66666666666666,103.83333333333333,419.43036666666666,214.82611383333332,629.9483799999999,327.2449633333333,249.59465333333333,125.93158349999999,525.8632666666667,269.356605,771.4723933333335,413.5726133333333,1016.1999999999999,1015.5,0.0,0.0,13.0,11.5,-0.2529396817008401,0.117851130197758,-0.9439837433578356,-0.8951682068889268,3.0,3.0,0.43388373911755823,0.43388373911755823,-0.900968867902419,-0.900968867902419,4.0,4.0,0.8660254037844387,0.8660254037844387,-0.4999999999999998,-0.4999999999999998
2025-04-17 15:00:00+00:00,28.918001,21.678026,65.0,33.338093,1012.67426,61.0,61.0,0.0,0.4680072,1.3942475,5.8603754,79.380394,12.599999,1.0,3600.0,23.8148,660.0,636.0,216.0,636.0,683.8587,232.2539,683.8587,420.0,503.4795,1132.7921,451.6048,541.3661,1218.0342,1016.0,15,-0.7071067811865471,-0.7071067811865479,3,0.43388373911755823,-0.900968867902419,4,0.8660254037844387,-0.4999999999999998,27.618,26.368,24.668001,21.884956,22.222864,22.732397,71.0,78.0,89.0,32.07266,31.296349,29.725632,1012.8593,1013.14435,1012.52734,62.0,48.0,34.0,62.0,48.0,34.0,0.0,0.0,0.0,0.34526235,0.23892687,0.09213917,1.0712173,0.7552011,0.3413856,2.7416782,0.8049845,1.9386592,66.801384,333.43503,158.19853,7.2,3.96,5.7599998,1.0,1.0,1.0,3600.0,3600.0,3600.0,23.525448,23.359724,23.232752,615.0,610.0,490.0,483.0,354.0,151.0,161.0,132.0,75.0,483.0,354.0,151.00002,545.76886,433.7537,224.36024,181.92296,161.73866,111.43721,545.76886,433.7537,224.36028,322.0,222.0,76.0,477.18747,469.02383,312.0798,916.34644,642.7782,330.7205,363.84592,272.015,112.92304,539.2009,574.6915,463.6974,1035.4314,787.59155,491.39423,1016.2,1016.5,1015.9,0.0,0.0,0.0,14.0,13.0,12.0,-0.4999999999999997,-0.2588190451025208,1.2246467991473532e-16,-0.8660254037844388,-0.9659258262890683,-1.0,3.0,3.0,3.0,0.43388373911755823,0.43388373911755823,0.43388373911755823,-0.900968867902419,-0.900968867902419,-0.900968867902419,4.0,4.0,4.0,0.8660254037844387,0.8660254037844387,0.8660254037844387,-0.4999999999999998,-0.4999999999999998,-0.4999999999999998,27.634666999999997,25.334667166666666,21.92861533333333,21.821545999999998,71.33333333333333,81.83333333333333,32.235700666666666,29.776252500000002,1012.8926366666666,1012.4348816666667,57.0,43.333333333333336,57.0,43.333333333333336,0.0,0.0,0.35073214,0.19303409616666667,1.0735553,0.6472396383333333,3.135679366666666,3.2528886666666668,159.87226933333332,162.27829966666667,7.919999666666669,7.439999633333334,1.0,0.8333333333333334,3600.0,2400.0,23.566657333333335,22.812298166666668,628.3333333333334,524.1666666666666,491.0,273.0,169.66666666666666,99.16666666666667,491.0,273.0000035,554.46042,319.916782,191.97184000000001,118.71773016666667,554.46042,317.55683316666665,321.3333333333333,173.83333333333334,483.23026666666664,298.73936383333336,897.3055800000001,516.0436466666666,362.4885733333333,201.19905016666667,551.7528333333333,359.5842883333333,1013.6857166666667,616.5783133333333,1016.2333333333332,1015.8000000000001,0.0,0.0,14.0,12.5,-0.48864194209635586,-0.11785113019775778,-0.8463526704200183,-0.895168206888927,3.0,3.0,0.43388373911755823,0.43388373911755823,-0.900968867902419,-0.900968867902419,4.0,4.0,0.8660254037844387,0.8660254037844387,-0.4999999999999998,-0.4999999999999998
2025-04-17 16:00:00+00:00,30.018,21.677017,61.0,34.790154,1012.0883,55.0,55.0,0.0,0.5809298,1.6551211,9.007196,92.29056,17.28,1.0,3600.0,24.175562,680.0,779.0,253.0,779.0,806.8052,262.03043,806.8052,526.0,559.1646,1277.3757,544.7747,579.1231,1322.9696,1015.4,16,-0.8660254037844385,-0.5000000000000004,3,0.43388373911755823,-0.900968867902419,4,0.8660254037844387,-0.4999999999999998,28.918001,27.618,26.368,21.678026,21.884956,22.222864,65.0,71.0,78.0,33.338093,32.07266,31.296349,1012.67426,1012.8593,1013.14435,61.0,62.0,48.0,61.0,62.0,48.0,0.0,0.0,0.0,0.4680072,0.34526235,0.23892687,1.3942475,1.0712173,0.7552011,5.8603754,2.7416782,0.8049845,79.380394,66.801384,333.43503,12.599999,7.2,3.96,1.0,1.0,1.0,3600.0,3600.0,3600.0,23.8148,23.525448,23.359724,660.0,615.0,610.0,636.0,483.0,354.0,216.0,161.0,132.0,636.0,483.0,354.0,683.8587,545.76886,433.7537,232.2539,181.92296,161.73866,683.8587,545.76886,433.7537,420.0,322.0,222.0,503.4795,477.18747,469.02383,1132.7921,916.34644,642.7782,451.6048,363.84592,272.015,541.3661,539.2009,574.6915,1218.0342,1035.4314,787.59155,1016.0,1016.2,1016.5,0.0,0.0,0.0,15.0,14.0,13.0,-0.7071067811865471,-0.4999999999999997,-0.2588190451025208,-0.7071067811865479,-0.8660254037844388,-0.9659258262890683,3.0,3.0,3.0,0.43388373911755823,0.43388373911755823,0.43388373911755823,-0.900968867902419,-0.900968867902419,-0.900968867902419,4.0,4.0,4.0,0.8660254037844387,0.8660254037844387,0.8660254037844387,-0.4999999999999998,-0.4999999999999998,-0.4999999999999998,28.851333666666665,26.643000333333333,21.746666333333334,21.908399333333335,65.66666666666667,76.33333333333333,33.400302333333336,31.246677166666668,1012.5406199999999,1012.5492083333334,59.333333333333336,48.666666666666664,59.333333333333336,48.666666666666664,0.0,0.0,0.46473311666666667,0.2898557295,1.3735286333333334,0.8963922616666666,5.869749866666666,3.9951414166666663,79.49077933333332,150.73256633333332,12.359999666666669,9.059999716666667,1.0,1.0,3600.0,3000.0,23.838603333333335,23.271420833333334,651.6666666666666,576.6666666666666,632.6666666666666,402.8333333333333,210.0,141.33333333333334,632.6666666666666,402.8333368333333,678.81092,454.3843153333334,225.40243,162.3894685,678.81092,452.0243665,422.6666666666667,261.5,513.2771899999999,391.9334638333333,1108.83808,728.9395966666667,453.4084733333334,291.99483349999997,553.2300333333333,456.104805,1192.1450666666667,837.0732466666667,1015.8666666666667,1015.9,0.0,0.0,15.0,13.5,-0.6910440616569952,-0.3455220308284975,-0.6910440616569957,-0.8341639729248541,3.0,3.0,0.43388373911755823,0.43388373911755823,-0.900968867902419,-0.900968867902419,4.0,4.0,0.8660254037844387,0.8660254037844387,-0.4999999999999998,-0.4999999999999998
2025-04-17 17:00:00+00:00,30.718,21.78792,59.0,35.36847,1011.1988,34.0,34.0,0.0,0.6220789,1.8110209,11.525623,104.47034,20.880001,1.0,3600.0,24.47333,650.0,822.0,222.0,822.0,823.74396,222.471,823.74396,600.0,607.89,1340.259,601.27295,609.1797,1343.1024,1014.5,17,-0.9659258262890683,-0.25881904510252063,3,0.43388373911755823,-0.900968867902419,4,0.8660254037844387,-0.4999999999999998,30.018,28.918001,27.618,21.677017,21.678026,21.884956,61.0,65.0,71.0,34.790154,33.338093,32.07266,1012.0883,1012.67426,1012.8593,55.0,61.0,62.0,55.0,61.0,62.0,0.0,0.0,0.0,0.5809298,0.4680072,0.34526235,1.6551211,1.3942475,1.0712173,9.007196,5.8603754,2.7416782,92.29056,79.380394,66.801384,17.28,12.599999,7.2,1.0,1.0,1.0,3600.0,3600.0,3600.0,24.175562,23.8148,23.525448,680.0,660.0,615.0,779.0,636.0,483.0,253.0,216.0,161.0,779.0,636.0,483.0,806.8052,683.8587,545.76886,262.03043,232.2539,181.92296,806.8052,683.8587,545.76886,526.0,420.0,322.0,559.1646,503.4795,477.18747,1277.3757,1132.7921,916.34644,544.7747,451.6048,363.84592,579.1231,541.3661,539.2009,1322.9696,1218.0342,1035.4314,1015.4,1016.0,1016.2,0.0,0.0,0.0,16.0,15.0,14.0,-0.8660254037844385,-0.7071067811865471,-0.4999999999999997,-0.5000000000000004,-0.7071067811865479,-0.8660254037844388,3.0,3.0,3.0,0.43388373911755823,0.43388373911755823,0.43388373911755823,-0.900968867902419,-0.900968867902419,-0.900968867902419,4.0,4.0,4.0,0.8660254037844387,0.8660254037844387,0.8660254037844387,-0.4999999999999998,-0.4999999999999998,-0.4999999999999998,29.884667000000004,28.051333666666665,21.714320999999998,21.997196666666667,61.666666666666664,70.5,34.49890566666667,32.76522633333334,1011.9871200000001,1012.4153916666668,50.0,49.0,50.0,49.0,0.0,0.0,0.5570053,0.39122404833333335,1.6201298333333334,1.1713655833333332,8.797731466666667,5.31308605,92.047098,139.09603966666666,16.92,11.279999966666667,1.0,1.0,3600.0,3600.0,24.154564000000004,23.763602666666667,663.3333333333334,617.5,745.6666666666666,537.5,230.33333333333334,176.5,745.6666666666666,537.5000033333334,771.4692866666668,586.3817766666667,238.91844333333333,195.30902666666665,771.4692866666666,586.3817833333334,515.3333333333334,361.0,556.8447,488.1375333333333,1250.1422666666667,940.0453233333334,532.5508166666667,391.072735,576.5563,551.2097833333333,1294.7020666666667,1033.0872299999999,1015.3000000000001,1015.75,0.0,0.0,16.0,14.5,-0.846352670420018,-0.5496461760604291,-0.4886419420963563,-0.716312842727096,3.0,3.0,0.43388373911755823,0.43388373911755823,-0.900968867902419,-0.900968867902419,4.0,4.0,0.8660254037844387,0.8660254037844387,-0.4999999999999998,-0.4999999999999998
2025-04-17 18:00:00+00:00,30.818,21.31767,57.0,34.65783,1010.10333,23.0,23.0,0.0,0.6193252,1.9103022,14.33234,115.277695,24.84,1.0,3600.0,24.22417,615.0,808.0,207.0,808.0,783.4046,200.69894,783.4046,601.0,619.56036,1317.1742,582.7056,600.70105,1277.0796,1013.4,18,-1.0,-1.8369701987210297e-16,3,0.43388373911755823,-0.900968867902419,4,0.8660254037844387,-0.4999999999999998,30.718,30.018,28.918001,21.78792,21.677017,21.678026,59.0,61.0,65.0,35.36847,34.790154,33.338093,1011.1988,1012.0883,1012.67426,34.0,55.0,61.0,34.0,55.0,61.0,0.0,0.0,0.0,0.6220789,0.5809298,0.4680072,1.8110209,1.6551211,1.3942475,11.525623,9.007196,5.8603754,104.47034,92.29056,79.380394,20.880001,17.28,12.599999,1.0,1.0,1.0,3600.0,3600.0,3600.0,24.47333,24.175562,23.8148,650.0,680.0,660.0,822.0,779.0,636.0,222.0,253.0,216.0,822.0,779.0,636.0,823.74396,806.8052,683.8587,222.471,262.03043,232.2539,823.74396,806.8052,683.8587,600.0,526.0,420.0,607.89,559.1646,503.4795,1340.259,1277.3757,1132.7921,601.27295,544.7747,451.6048,609.1797,579.1231,541.3661,1343.1024,1322.9696,1218.0342,1014.5,1015.4,1016.0,0.0,0.0,0.0,17.0,16.0,15.0,-0.9659258262890683,-0.8660254037844385,-0.7071067811865471,-0.25881904510252063,-0.5000000000000004,-0.7071067811865479,3.0,3.0,3.0,0.43388373911755823,0.43388373911755823,0.43388373911755823,-0.900968867902419,-0.900968867902419,-0.900968867902419,4.0,4.0,4.0,0.8660254037844387,0.8660254037844387,0.8660254037844387,-0.4999999999999998,-0.4999999999999998,-0.4999999999999998,30.518,29.0763335,21.59420233333333,21.761408833333334,59.0,65.16666666666667,34.938818,33.58725933333333,1011.1301433333333,1012.0113900000001,37.333333333333336,47.166666666666664,37.333333333333336,47.166666666666664,0.0,0.0,0.6074446333333333,0.47908838666666664,1.7921480666666667,1.4328516833333333,11.621719666666666,7.378699516666667,104.01286499999999,131.94256716666666,21.000000333333336,14.46,1.0,1.0,3600.0,3600.0,24.291020666666668,23.928839,648.3333333333334,638.3333333333334,803.0,647.0,227.33333333333334,198.5,803.0,647.0,804.6512533333333,679.5558366666667,228.40012333333334,210.18598166666666,804.6512533333334,679.5558366666667,575.6666666666666,448.5,595.53832,539.3842933333333,1311.6029666666666,1104.4542733333333,576.2510833333334,469.3698283333333,596.3346166666666,574.043725,1314.3838666666668,1164.0347916666667,1014.4333333333334,1015.3333333333334,0.0,0.0,17.0,15.5,-0.9439837433578356,-0.7163128427270958,-0.2529396817008404,-0.5496461760604293,3.0,3.0,0.43388373911755823,0.43388373911755823,-0.900968867902419,-0.900968867902419,4.0,4.0,0.8660254037844387,0.8660254037844387,-0.4999999999999998,-0.4999999999999998
2025-04-17 19:00:00+00:00,30.868,20.782614,55.0,33.860546,1009.4062,5.0,5.0,0.0,0.59883887,2.0049517,16.45007,113.198616,28.08,1.0,3600.0,23.92492,495.0,768.0,166.0,768.0,717.0247,154.9819,717.0247,602.0,675.70325,1209.7142,562.0428,630.85406,1129.4205,1012.7,19,-0.9659258262890684,0.2588190451025203,3,0.43388373911755823,-0.900968867902419,4,0.8660254037844387,-0.4999999999999998,30.818,30.718,30.018,21.31767,21.78792,21.677017,57.0,59.0,61.0,34.65783,35.36847,34.790154,1010.10333,1011.1988,1012.0883,23.0,34.0,55.0,23.0,34.0,55.0,0.0,0.0,0.0,0.6193252,0.6220789,0.5809298,1.9103022,1.8110209,1.6551211,14.33234,11.525623,9.007196,115.277695,104.47034,92.29056,24.84,20.880001,17.28,1.0,1.0,1.0,3600.0,3600.0,3600.0,24.22417,24.47333,24.175562,615.0,650.0,680.0,808.0,822.0,779.0,207.0,222.0,253.0,808.0,822.0,779.0,783.4046,823.74396,806.8052,200.69894,222.471,262.03043,783.4046,823.74396,806.8052,601.0,600.0,526.0,619.56036,607.89,559.1646,1317.1742,1340.259,1277.3757,582.7056,601.27295,544.7747,600.70105,609.1797,579.1231,1277.0796,1343.1024,1322.9696,1013.4,1014.5,1015.4,0.0,0.0,0.0,18.0,17.0,16.0,-1.0,-0.9659258262890683,-0.8660254037844385,-1.8369701987210297e-16,-0.25881904510252063,-0.5000000000000004,3.0,3.0,3.0,0.43388373911755823,0.43388373911755823,0.43388373911755823,-0.900968867902419,-0.900968867902419,-0.900968867902419,4.0,4.0,4.0,0.8660254037844387,0.8660254037844387,0.8660254037844387,-0.4999999999999998,-0.4999999999999998,-0.4999999999999998,30.801333333333332,29.8263335,21.296068,21.521367166666664,57.0,61.333333333333336,34.628948666666666,34.0146255,1010.2361100000002,1011.3883649999999,20.666666666666668,40.0,20.666666666666668,40.0,0.0,0.0,0.6134143233333333,0.5390737200000001,1.9087582666666665,1.6411434500000002,14.102677666666665,9.986213766666667,110.98221699999999,95.23649816666666,24.600000333333337,18.48,1.0,1.0,3600.0,3600.0,24.207473333333336,24.023038333333332,586.6666666666666,619.1666666666666,799.3333333333334,716.0,198.33333333333334,204.16666666666666,799.3333333333334,716.0,774.72442,726.7676700000001,192.71728,209.05985499999997,774.72442,726.7676700000001,601.0,511.8333333333333,634.3845366666666,573.8308633333332,1289.0491333333332,1198.9436066666667,582.0071166666668,517.707795,613.57827,583.4041516666667,1249.8675,1221.0062833333334,1013.5333333333333,1014.7000000000002,0.0,0.0,18.0,16.5,-0.9772838841927122,-0.8341639729248538,-1.295260195396016e-16,-0.3455220308284979,3.0,3.0,0.43388373911755823,0.43388373911755823,-0.900968867902419,-0.900968867902419,4.0,4.0,0.8660254037844387,0.8660254037844387,-0.4999999999999998,-0.4999999999999998
2025-04-17 20:00:00+00:00,30.368,20.898329,57.0,32.80289,1009.20154,3.0,3.0,0.0,0.5433962,1.861937,18.193361,117.072,31.319998,1.0,3600.0,23.82475,475.0,702.0,111.0,702.0,623.2468,98.54757,623.2468,591.0,782.7108,1025.2228,524.6992,694.90314,910.2091,1012.5,20,-0.8660254037844386,0.5000000000000001,3,0.43388373911755823,-0.900968867902419,4,0.8660254037844387,-0.4999999999999998,30.868,30.818,30.718,20.782614,21.31767,21.78792,55.0,57.0,59.0,33.860546,34.65783,35.36847,1009.4062,1010.10333,1011.1988,5.0,23.0,34.0,5.0,23.0,34.0,0.0,0.0,0.0,0.59883887,0.6193252,0.6220789,2.0049517,1.9103022,1.8110209,16.45007,14.33234,11.525623,113.198616,115.277695,104.47034,28.08,24.84,20.880001,1.0,1.0,1.0,3600.0,3600.0,3600.0,23.92492,24.22417,24.47333,495.0,615.0,650.0,768.0,808.0,822.0,166.0,207.0,222.0,768.0,808.0,822.0,717.0247,783.4046,823.74396,154.9819,200.69894,222.471,717.0247,783.4046,823.74396,602.0,601.0,600.0,675.70325,619.56036,607.89,1209.7142,1317.1742,1340.259,562.0428,582.7056,601.27295,630.85406,600.70105,609.1797,1129.4205,1277.0796,1343.1024,1012.7,1013.4,1014.5,0.0,0.0,0.0,19.0,18.0,17.0,-0.9659258262890684,-1.0,-0.9659258262890683,0.2588190451025203,-1.8369701987210297e-16,-0.25881904510252063,3.0,3.0,3.0,0.43388373911755823,0.43388373911755823,0.43388373911755823,-0.900968867902419,-0.900968867902419,-0.900968867902419,4.0,4.0,4.0,0.8660254037844387,0.8660254037844387,0.8660254037844387,-0.4999999999999998,-0.4999999999999998,-0.4999999999999998,30.68466666666667,30.284666833333333,20.999537666666665,21.35692933333333,56.333333333333336,59.0,33.773755333333334,34.1363305,1009.5703566666667,1010.7787383333333,10.333333333333334,30.166666666666668,10.333333333333334,30.166666666666668,0.0,0.0,0.5871867566666666,0.5720960283333333,1.9257303,1.7729300666666665,16.325256999999997,12.561494233333333,115.18277033333334,103.61493416666667,28.079999333333333,22.499999666666668,1.0,1.0,3600.0,3600.0,23.99128,24.072922000000002,528.3333333333334,595.8333333333334,759.3333333333334,752.5,161.33333333333334,195.83333333333334,759.3333333333334,752.5,707.8920333333334,739.68066,151.40947,195.16395666666668,707.8920333333334,739.68066,598.0,556.6666666666666,692.6581366666666,624.7514183333333,1184.0370666666665,1217.0896666666665,556.4825333333334,544.516675,642.1527499999999,609.354525,1105.5697333333335,1200.1359,1012.8666666666667,1014.0833333333334,0.0,0.0,19.0,17.5,-0.9439837433578356,-0.8951682068889268,0.2529396817008401,-0.11785113019775813,3.0,3.0,0.43388373911755823,0.43388373911755823,-0.900968867902419,-0.900968867902419,4.0,4.0,0.8660254037844387,0.8660254037844387,-0.4999999999999998,-0.4999999999999998
2025-04-17 21:00:00+00:00,29.518,21.20707,61.0,31.378502,1009.49133,0.0,0.0,0.0,0.40051043,1.6083469,17.974781,122.73522,31.68,1.0,3600.0,23.724514,440.0,501.0,106.0,501.0,409.42813,86.62551,409.42813,395.0,690.8646,776.29376,322.8026,564.58966,634.40424,1012.8,21,-0.7071067811865477,0.7071067811865474,3,0.43388373911755823,-0.900968867902419,4,0.8660254037844387,-0.4999999999999998,30.368,30.868,30.818,20.898329,20.782614,21.31767,57.0,55.0,57.0,32.80289,33.860546,34.65783,1009.20154,1009.4062,1010.10333,3.0,5.0,23.0,3.0,5.0,23.0,0.0,0.0,0.0,0.5433962,0.59883887,0.6193252,1.861937,2.0049517,1.9103022,18.193361,16.45007,14.33234,117.072,113.198616,115.277695,31.319998,28.08,24.84,1.0,1.0,1.0,3600.0,3600.0,3600.0,23.82475,23.92492,24.22417,475.0,495.0,615.0,702.0,768.0,808.0,111.0,166.0,207.0,702.0,768.0,808.0,623.2468,717.0247,783.4046,98.54757,154.9819,200.69894,623.2468,717.0247,783.4046,591.0,602.0,601.0,782.7108,675.70325,619.56036,1025.2228,1209.7142,1317.1742,524.6992,562.0428,582.7056,694.90314,630.85406,600.70105,910.2091,1129.4205,1277.0796,1012.5,1012.7,1013.4,0.0,0.0,0.0,20.0,19.0,18.0,-0.8660254037844386,-0.9659258262890684,-1.0,0.5000000000000001,0.2588190451025203,-1.8369701987210297e-16,3.0,3.0,3.0,0.43388373911755823,0.43388373911755823,0.43388373911755823,-0.900968867902419,-0.900968867902419,-0.900968867902419,4.0,4.0,4.0,0.8660254037844387,0.8660254037844387,0.8660254037844387,-0.4999999999999998,-0.4999999999999998,-0.4999999999999998,30.25133333333333,30.384666666666664,20.962671,21.278436666666668,57.666666666666664,58.333333333333336,32.680646,33.809732,1009.3663566666668,1010.24825,2.6666666666666665,20.0,2.6666666666666665,20.0,0.0,0.0,0.5142485,0.5608465666666668,1.8250785333333333,1.8086132999999995,17.539404,14.580561833333334,117.668612,110.8407385,30.359999333333334,25.67999983333333,1.0,1.0,3600.0,3600.0,23.824727999999997,24.057874333333334,470.0,559.1666666666666,657.0,730.0,127.66666666666667,177.5,657.0,730.0,583.23321,693.9422316666668,113.38499333333334,170.89255833333334,583.23321,693.9422316666668,529.3333333333334,552.5,716.4262166666667,655.9822683333333,1003.7435866666666,1157.6732766666667,469.8482000000001,523.0496416666666,630.1156199999999,613.2251183333334,891.3446133333333,1102.8642399999999,1012.6666666666666,1013.5499999999998,0.0,0.0,20.0,18.5,-0.8463526704200183,-0.895168206888927,0.488641942096356,0.11785113019775773,3.0,3.0,0.43388373911755823,0.43388373911755823,-0.900968867902419,-0.900968867902419,4.0,4.0,0.8660254037844387,0.8660254037844387,-0.4999999999999998,-0.4999999999999998
2025-04-17 22:00:00+00:00,28.618,20.884594,63.0,30.567379,1010.0796,0.0,0.0,0.0,0.24887547,1.4486651,16.199999,126.86999,30.599998,1.0,3600.0,23.227936,400.0,276.0,80.0,276.0,184.5066,53.48018,184.5066,196.0,554.507,479.9112,131.02643,370.68915,320.8217,1013.4,22,-0.5000000000000004,0.8660254037844384,3,0.43388373911755823,-0.900968867902419,4,0.8660254037844387,-0.4999999999999998,29.518,30.368,30.868,21.20707,20.898329,20.782614,61.0,57.0,55.0,31.378502,32.80289,33.860546,1009.49133,1009.20154,1009.4062,0.0,3.0,5.0,0.0,3.0,5.0,0.0,0.0,0.0,0.40051043,0.5433962,0.59883887,1.6083469,1.861937,2.0049517,17.974781,18.193361,16.45007,122.73522,117.072,113.198616,31.68,31.319998,28.08,1.0,1.0,1.0,3600.0,3600.0,3600.0,23.724514,23.82475,23.92492,440.0,475.0,495.0,501.0,702.0,768.0,106.0,111.0,166.0,501.0,702.0,768.0,409.42813,623.2468,717.0247,86.62551,98.54757,154.9819,409.42813,623.2468,717.0247,395.0,591.0,602.0,690.8646,782.7108,675.70325,776.29376,1025.2228,1209.7142,322.8026,524.6992,562.0428,564.58966,694.90314,630.85406,634.40424,910.2091,1129.4205,1012.8,1012.5,1012.7,0.0,0.0,0.0,21.0,20.0,19.0,-0.7071067811865477,-0.8660254037844386,-0.9659258262890684,0.7071067811865474,0.5000000000000001,0.2588190451025203,3.0,3.0,3.0,0.43388373911755823,0.43388373911755823,0.43388373911755823,-0.900968867902419,-0.900968867902419,-0.900968867902419,4.0,4.0,4.0,0.8660254037844387,0.8660254037844387,0.8660254037844387,-0.4999999999999998,-0.4999999999999998,-0.4999999999999998,29.501333333333335,30.15133333333333,20.996664333333335,21.146366166666667,60.333333333333336,58.666666666666664,31.58292366666667,33.105936166666666,1009.5908233333333,1009.9134666666665,1.0,10.833333333333334,1.0,10.833333333333334,0.0,0.0,0.3975940333333334,0.5055041783333333,1.6396496666666664,1.7742039666666667,17.456046999999998,15.779362333333331,122.22573666666666,116.60397683333332,31.19999866666667,27.899999499999996,1.0,1.0,3600.0,3600.0,23.592399999999998,23.899936666666665,438.3333333333333,512.5,493.0,646.1666666666666,99.0,148.66666666666666,493.0,646.1666666666666,405.7271766666667,590.2257983333334,79.55108666666666,136.13418333333334,405.7271766666667,590.2257983333334,394.0,497.5,676.0274666666667,655.2060016666666,760.47592,1024.7625266666666,326.1760766666667,454.09159666666665,543.3939833333333,578.4861266666667,621.81168,935.83959,1012.9,1013.2166666666667,0.0,0.0,21.0,19.5,-0.6910440616569956,-0.8341639729248539,0.6910440616569954,0.3455220308284976,3.0,3.0,0.43388373911755823,0.43388373911755823,-0.900968867902419,-0.900968867902419,4.0,4.0,0.8660254037844387,0.8660254037844387,-0.4999999999999998,-0.4999999999999998
2025-04-17 23:00:00+00:00,27.268,21.083458,69.0,29.89125,1010.4633,8.0,0.0,8.0,0.09376438,1.1219993,12.313894,127.875046,27.359999,1.0,2428.7468,22.902483,315.0,65.0,31.0,65.000015,0.0,0.0,0.0,34.0,219.72035,156.2903,0.0,0.0,0.0,1013.8,23,-0.25881904510252157,0.9659258262890681,3,0.43388373911755823,-0.900968867902419,4,0.8660254037844387,-0.4999999999999998,28.618,29.518,30.368,20.884594,21.20707,20.898329,63.0,61.0,57.0,30.567379,31.378502,32.80289,1010.0796,1009.49133,1009.20154,0.0,0.0,3.0,0.0,0.0,3.0,0.0,0.0,0.0,0.24887547,0.40051043,0.5433962,1.4486651,1.6083469,1.861937,16.199999,17.974781,18.193361,126.86999,122.73522,117.072,30.599998,31.68,31.319998,1.0,1.0,1.0,3600.0,3600.0,3600.0,23.227936,23.724514,23.82475,400.0,440.0,475.0,276.0,501.0,702.0,80.0,106.0,111.0,276.0,501.0,702.0,184.5066,409.42813,623.2468,53.48018,86.62551,98.54757,184.5066,409.42813,623.2468,196.0,395.0,591.0,554.507,690.8646,782.7108,479.9112,776.29376,1025.2228,131.02643,322.8026,524.6992,370.68915,564.58966,694.90314,320.8217,634.40424,910.2091,1013.4,1012.8,1012.5,0.0,0.0,0.0,22.0,21.0,20.0,-0.5000000000000004,-0.7071067811865477,-0.8660254037844386,0.8660254037844384,0.7071067811865474,0.5000000000000001,3.0,3.0,3.0,0.43388373911755823,0.43388373911755823,0.43388373911755823,-0.900968867902419,-0.900968867902419,-0.900968867902419,4.0,4.0,4.0,0.8660254037844387,0.8660254037844387,0.8660254037844387,-0.4999999999999998,-0.4999999999999998,-0.4999999999999998,28.468,29.576333333333334,21.058374,21.02895583333333,64.33333333333333,60.333333333333336,30.612377,32.19306616666666,1010.0114100000001,1009.7908833333332,2.6666666666666665,6.5,0.0,5.166666666666667,2.6666666666666665,1.3333333333333333,0.24771675999999998,0.4174517583333333,1.3930037666666664,1.659367033333333,15.496224666666665,15.910740833333334,125.826752,120.50476116666665,29.879999,28.97999916666667,1.0,1.0,3209.582266666667,3404.7911333333336,23.284977666666666,23.638128833333337,385.0,456.6666666666667,280.6666666666667,520.0,72.33333333333333,116.83333333333333,280.6666716666667,520.0000025,197.97824333333332,452.9351383333333,46.70189666666666,99.05568333333333,197.97824333333332,452.9351383333333,208.33333333333334,403.1666666666667,488.36398333333335,590.5110599999999,470.8317533333334,827.43441,151.27634333333336,353.8794383333333,311.75960333333325,476.95617666666664,318.4086466666667,711.9891900000001,1013.3333333333334,1013.1,0.0,0.0,22.0,20.5,-0.4886419420963566,-0.716312842727096,0.846352670420018,0.549646176060429,3.0,3.0,0.43388373911755823,0.43388373911755823,-0.900968867902419,-0.900968867902419,4.0,4.0,0.8660254037844387,0.8660254037844387,-0.4999999999999998,-0.4999999999999998
2025-04-18 00:00:00+00:00,26.068,21.50695,76.0,29.264576,1010.9481,4.0,0.0,4.0,0.02956434,0.8094647,9.957108,130.60121,21.599998,0.0,0.0,22.79052,220.0,0.0,0.0,0.0,0.0,0.0,0.0,0.0,0.0,0.0,0.0,0.0,0.0,1014.3,0,0.0,1.0,4,-0.433883739117558,-0.9009688679024191,4,0.8660254037844387,-0.4999999999999998,27.268,28.618,29.518,21.083458,20.884594,21.20707,69.0,63.0,61.0,29.89125,30.567379,31.378502,1010.4633,1010.0796,1009.49133,8.0,0.0,0.0,0.0,0.0,0.0,8.0,0.0,0.0,0.09376438,0.24887547,0.40051043,1.1219993,1.4486651,1.6083469,12.313894,16.199999,17.974781,127.875046,126.86999,122.73522,27.359999,30.599998,31.68,1.0,1.0,1.0,2428.7468,3600.0,3600.0,22.902483,23.227936,23.724514,315.0,400.0,440.0,65.0,276.0,501.0,31.0,80.0,106.0,65.000015,276.0,501.0,0.0,184.5066,409.42813,0.0,53.48018,86.62551,0.0,184.5066,409.42813,34.0,196.0,395.0,219.72035,554.507,690.8646,156.2903,479.9112,776.29376,0.0,131.02643,322.8026,0.0,370.68915,564.58966,0.0,320.8217,634.40424,1013.8,1013.4,1012.8,0.0,0.0,0.0,23.0,22.0,21.0,-0.25881904510252157,-0.5000000000000004,-0.7071067811865477,0.9659258262890681,0.8660254037844384,0.7071067811865474,3.0,3.0,3.0,0.43388373911755823,0.43388373911755823,0.43388373911755823,-0.900968867902419,-0.900968867902419,-0.900968867902419,4.0,4.0,4.0,0.8660254037844387,0.8660254037844387,0.8660254037844387,-0.4999999999999998,-0.4999999999999998,-0.4999999999999998,27.318,28.784666666666666,21.158334,21.060502500000002,69.33333333333333,63.5,29.907735000000002,31.2941905,1010.497,1009.9316783333333,4.0,3.3333333333333335,0.0,1.3333333333333333,4.0,2.0,0.12406806333333333,0.31915828166666665,1.1267097,1.4758941166666668,12.823666999999999,15.1815355,128.44874866666666,123.05868033333333,26.519998333333334,28.439998833333334,0.6666666666666666,0.8333333333333334,2009.5822666666666,2804.7911333333336,22.973646333333335,23.399187166666668,311.6666666666667,390.8333333333333,113.66666666666667,385.3333333333333,37.0,82.33333333333333,113.66667166666667,385.33333583333325,61.502199999999995,322.36770500000006,17.826726666666666,65.60585999999999,61.502199999999995,322.36770500000006,76.66666666666667,303.0,258.0757833333333,487.251,212.06716666666668,607.9053766666667,43.675476666666704,256.76183833333334,123.56304999999996,376.83933499999995,106.94056666666667,499.14259,1013.8333333333334,1013.25,0.0,0.0,15.0,17.5,-0.2529396817008407,-0.5496461760604295,0.9439837433578355,0.7163128427270956,3.3333333333333335,3.1666666666666665,0.14462791303918615,0.2892558260783722,-0.900968867902419,-0.900968867902419,4.0,4.0,0.8660254037844387,0.8660254037844387,-0.4999999999999998,-0.4999999999999998
2025-04-18 01:00:00+00:00,25.268,22.172699,83.0,29.318813,1011.43756,33.0,0.0,33.0,0.0061835097,0.5468099,6.638072,139.39879,16.919998,0.0,0.0,23.000587,125.0,0.0,0.0,0.0,0.0,0.0,0.0,0.0,0.0,0.0,0.0,0.0,0.0,1014.8,1,0.25881904510252074,0.9659258262890683,4,-0.433883739117558,-0.9009688679024191,4,0.8660254037844387,-0.4999999999999998,26.068,27.268,28.618,21.50695,21.083458,20.884594,76.0,69.0,63.0,29.264576,29.89125,30.567379,1010.9481,1010.4633,1010.0796,4.0,8.0,0.0,0.0,0.0,0.0,4.0,8.0,0.0,0.02956434,0.09376438,0.24887547,0.8094647,1.1219993,1.4486651,9.957108,12.313894,16.199999,130.60121,127.875046,126.86999,21.599998,27.359999,30.599998,0.0,1.0,1.0,0.0,2428.7468,3600.0,22.79052,22.902483,23.227936,220.0,315.0,400.0,0.0,65.0,276.0,0.0,31.0,80.0,0.0,65.000015,276.0,0.0,0.0,184.5066,0.0,0.0,53.48018,0.0,0.0,184.5066,0.0,34.0,196.0,0.0,219.72035,554.507,0.0,156.2903,479.9112,0.0,0.0,131.02643,0.0,0.0,370.68915,0.0,0.0,320.8217,1014.3,1013.8,1013.4,0.0,0.0,0.0,0.0,23.0,22.0,0.0,-0.25881904510252157,-0.5000000000000004,1.0,0.9659258262890681,0.8660254037844384,4.0,3.0,3.0,-0.433883739117558,0.43388373911755823,0.43388373911755823,-0.9009688679024191,-0.900968867902419,-0.900968867902419,4.0,4.0,4.0,0.8660254037844387,0.8660254037844387,0.8660254037844387,-0.4999999999999998,-0.4999999999999998,-0.4999999999999998,26.201333333333338,27.851333333333333,21.587702333333336,21.292183333333334,76.0,68.16666666666667,29.491546333333336,30.537235,1010.9496533333335,1010.2702383333334,15.0,8.0,0.0,0.5,15.0,7.5,0.043170743233333336,0.22038238828333334,0.8260913,1.2328704833333333,9.636358,13.5462025,132.62501533333332,127.42537599999999,21.959998333333335,26.579998500000002,0.3333333333333333,0.6666666666666666,809.5822666666667,2204.7911333333336,22.897863333333333,23.245131666666666,220.0,329.1666666666667,21.666666666666668,257.3333333333333,10.333333333333334,54.666666666666664,21.66667166666667,257.33333583333336,0.0,202.86358833333335,0.0,39.77554333333333,0.0,202.86358833333335,11.333333333333334,202.66666666666666,73.24011666666667,374.63379166666664,52.09676666666667,406.2863433333334,0.0,163.08803833333334,0.0,271.69699166666663,0.0,310.90584,1014.2999999999998,1013.5999999999999,0.0,0.0,8.0,14.5,-2.7755575615628914e-16,-0.3455220308284979,0.9772838841927122,0.8341639729248538,3.6666666666666665,3.3333333333333335,-0.14462791303918593,0.14462791303918615,-0.900968867902419,-0.900968867902419,4.0,4.0,0.8660254037844387,0.8660254037844387,-0.4999999999999998,-0.4999999999999998
2025-04-18 02:00:00+00:00,24.668001,22.358145,87.0,29.0616,1012.12866,39.0,0.0,39.0,0.0,0.4034698,5.0142193,158.96242,11.5199995,0.0,0.0,22.962471,175.0,0.0,0.0,0.0,0.0,0.0,0.0,0.0,0.0,0.0,0.0,0.0,0.0,1015.5,2,0.49999999999999994,0.8660254037844387,4,-0.433883739117558,-0.9009688679024191,4,0.8660254037844387,-0.4999999999999998,25.268,26.068,27.268,22.172699,21.50695,21.083458,83.0,76.0,69.0,29.318813,29.264576,29.89125,1011.43756,1010.9481,1010.4633,33.0,4.0,8.0,0.0,0.0,0.0,33.0,4.0,8.0,0.0061835097,0.02956434,0.09376438,0.5468099,0.8094647,1.1219993,6.638072,9.957108,12.313894,139.39879,130.60121,127.875046,16.919998,21.599998,27.359999,0.0,0.0,1.0,0.0,0.0,2428.7468,23.000587,22.79052,22.902483,125.0,220.0,315.0,0.0,0.0,65.0,0.0,0.0,31.0,0.0,0.0,65.000015,0.0,0.0,0.0,0.0,0.0,0.0,0.0,0.0,0.0,0.0,0.0,34.0,0.0,0.0,219.72035,0.0,0.0,156.2903,0.0,0.0,0.0,0.0,0.0,0.0,0.0,0.0,0.0,1014.8,1014.3,1013.8,0.0,0.0,0.0,1.0,0.0,23.0,0.25881904510252074,0.0,-0.25881904510252157,0.9659258262890683,1.0,0.9659258262890681,4.0,4.0,3.0,-0.433883739117558,-0.433883739117558,0.43388373911755823,-0.9009688679024191,-0.9009688679024191,-0.900968867902419,4.0,4.0,4.0,0.8660254037844387,0.8660254037844387,0.8660254037844387,-0.4999999999999998,-0.4999999999999998,-0.4999999999999998,25.334667,26.901333500000003,22.012598,21.535486000000002,82.0,73.16666666666667,29.214996333333335,29.913686666666667,1011.5047733333332,1010.7580916666667,25.333333333333332,14.0,0.0,0.0,25.333333333333332,14.0,0.0119159499,0.12981635495,0.5865814666666667,0.9897926166666666,7.2031331,11.349678883333333,142.98747333333336,134.40711266666668,16.6799985,23.279998749999994,0.0,0.5,0.0,1604.7911333333334,22.917859333333336,23.101418499999998,173.33333333333334,279.1666666666667,0.0,140.33333333333334,0.0,36.166666666666664,0.0,140.33333583333334,0.0,98.98912166666666,0.0,23.35094833333333,0.0,98.98912166666666,0.0,104.16666666666667,0.0,244.18199166666668,0.0,235.4158766666667,0.0,75.63817166666666,0.0,155.87980166666662,0.0,159.20432333333335,1014.8666666666667,1014.0999999999999,0.0,0.0,1.0,11.5,0.25293968170084025,-0.11785113019775821,0.9439837433578356,0.8951682068889268,4.0,3.5,-0.433883739117558,1.1102230246251565e-16,-0.9009688679024191,-0.900968867902419,4.0,4.0,0.8660254037844387,0.8660254037844387,-0.4999999999999998,-0.4999999999999998
2025-04-18 03:00:00+00:00,24.168001,22.605194,91.0,29.035427,1012.3222,41.0,33.0,17.0,0.0,0.27109432,2.7416782,156.80138,7.92,0.0,0.0,23.008812,195.0,0.0,0.0,0.0,0.0,0.0,0.0,0.0,0.0,0.0,0.0,0.0,0.0,1015.7,3,0.7071067811865476,0.7071067811865476,4,-0.433883739117558,-0.9009688679024191,4,0.8660254037844387,-0.4999999999999998,24.668001,25.268,26.068,22.358145,22.172699,21.50695,87.0,83.0,76.0,29.0616,29.318813,29.264576,1012.12866,1011.43756,1010.9481,39.0,33.0,4.0,0.0,0.0,0.0,39.0,33.0,4.0,0.0,0.0061835097,0.02956434,0.4034698,0.5468099,0.8094647,5.0142193,6.638072,9.957108,158.96242,139.39879,130.60121,11.5199995,16.919998,21.599998,0.0,0.0,0.0,0.0,0.0,0.0,22.962471,23.000587,22.79052,175.0,125.0,220.0,0.0,0.0,0.0,0.0,0.0,0.0,0.0,0.0,0.0,0.0,0.0,0.0,0.0,0.0,0.0,0.0,0.0,0.0,0.0,0.0,0.0,0.0,0.0,0.0,0.0,0.0,0.0,0.0,0.0,0.0,0.0,0.0,0.0,0.0,0.0,0.0,1015.5,1014.8,1014.3,0.0,0.0,0.0,2.0,1.0,0.0,0.49999999999999994,0.25881904510252074,0.0,0.8660254037844387,0.9659258262890683,1.0,4.0,4.0,4.0,-0.433883739117558,-0.433883739117558,-0.433883739117558,-0.9009688679024191,-0.9009688679024191,-0.9009688679024191,4.0,4.0,4.0,0.8660254037844387,0.8660254037844387,0.8660254037844387,-0.4999999999999998,-0.4999999999999998,-0.4999999999999998,24.701334000000003,26.009667000000004,22.378679333333334,21.768506666666667,87.0,78.16666666666667,29.138613333333335,29.523174166666667,1011.9628066666666,1011.2299033333334,37.666666666666664,20.833333333333332,11.0,5.5,29.666666666666668,16.833333333333332,0.0020611699,0.06306461661666667,0.4071246733333333,0.7669171866666665,4.797989833333332,8.810828416666665,151.72086333333334,140.08480600000001,12.119999166666668,19.31999875,0.0,0.3333333333333333,0.0,1004.7911333333333,22.990623333333332,22.982134833333333,165.0,238.33333333333334,0.0,56.833333333333336,0.0,18.5,0.0,56.83333583333334,0.0,30.751099999999997,0.0,8.913363333333333,0.0,30.751099999999997,0.0,38.333333333333336,0.0,129.03789166666664,0.0,106.03358333333334,0.0,21.837738333333334,0.0,61.78152499999998,0.0,53.470283333333334,1015.3333333333334,1014.5833333333334,0.0,0.0,2.0,8.5,0.4886419420963561,0.11785113019775768,0.8463526704200183,0.8951682068889268,4.0,3.6666666666666665,-0.433883739117558,-0.14462791303918593,-0.9009688679024191,-0.900968867902419,4.0,4.0,0.8660254037844387,0.8660254037844387,-0.4999999999999998,-0.4999999999999998
2025-04-18 04:00:00+00:00,24.018,22.636906,92.0,28.97174,1012.02167,43.0,37.0,16.0,0.0,0.23881698,2.2768397,161.56496,4.32,0.0,0.0,22.993893,170.0,0.0,0.0,0.0,0.0,0.0,0.0,0.0,0.0,0.0,0.0,0.0,0.0,1015.4,4,0.8660254037844386,0.5000000000000001,4,-0.433883739117558,-0.9009688679024191,4,0.8660254037844387,-0.4999999999999998,24.168001,24.668001,25.268,22.605194,22.358145,22.172699,91.0,87.0,83.0,29.035427,29.0616,29.318813,1012.3222,1012.12866,1011.43756,41.0,39.0,33.0,33.0,0.0,0.0,17.0,39.0,33.0,0.0,0.0,0.0061835097,0.27109432,0.4034698,0.5468099,2.7416782,5.0142193,6.638072,156.80138,158.96242,139.39879,7.92,11.5199995,16.919998,0.0,0.0,0.0,0.0,0.0,0.0,23.008812,22.962471,23.000587,195.0,175.0,125.0,0.0,0.0,0.0,0.0,0.0,0.0,0.0,0.0,0.0,0.0,0.0,0.0,0.0,0.0,0.0,0.0,0.0,0.0,0.0,0.0,0.0,0.0,0.0,0.0,0.0,0.0,0.0,0.0,0.0,0.0,0.0,0.0,0.0,0.0,0.0,0.0,1015.7,1015.5,1014.8,0.0,0.0,0.0,3.0,2.0,1.0,0.7071067811865476,0.49999999999999994,0.25881904510252074,0.7071067811865476,0.8660254037844387,0.9659258262890683,4.0,4.0,4.0,-0.433883739117558,-0.433883739117558,-0.433883739117558,-0.9009688679024191,-0.9009688679024191,-0.9009688679024191,4.0,4.0,4.0,0.8660254037844387,0.8660254037844387,0.8660254037844387,-0.4999999999999998,-0.4999999999999998,-0.4999999999999998,24.284667333333335,25.24300033333333,22.533415,22.060558666666665,90.0,83.0,29.022922333333337,29.257234333333333,1012.15751,1011.5535816666667,41.0,28.0,23.333333333333332,11.666666666666666,24.0,19.5,0.0,0.021585371616666668,0.3044603666666667,0.5652758333333332,3.344245733333332,6.490301866666666,159.10958666666667,145.867301,7.9199998333333355,14.939999083333333,0.0,0.16666666666666666,0.0,404.79113333333333,22.988392,22.943127666666665,180.0,200.0,0.0,10.833333333333334,0.0,5.166666666666667,0.0,10.833335833333335,0.0,0.0,0.0,0.0,0.0,0.0,0.0,5.666666666666667,0.0,36.62005833333333,0.0,26.048383333333334,0.0,0.0,0.0,0.0,0.0,0.0,1015.5333333333333,1014.9166666666666,0.0,0.0,3.0,5.5,0.6910440616569954,0.3455220308284976,0.6910440616569956,0.8341639729248538,4.0,3.8333333333333335,-0.433883739117558,-0.28925582607837197,-0.9009688679024191,-0.9009688679024191,4.0,4.0,0.8660254037844387,0.8660254037844387,-0.4999999999999998,-0.4999999999999998
2025-04-18 05:00:00+00:00,24.068,22.506357,91.0,29.161034,1011.62335,46.0,40.0,17.0,0.0,0.26947832,0.8049845,206.56499,3.6,0.0,0.0,22.91008,200.0,0.0,0.0,0.0,0.0,0.0,0.0,0.0,0.0,0.0,0.0,0.0,0.0,1015.0,5,0.9659258262890683,0.25881904510252074,4,-0.433883739117558,-0.9009688679024191,4,0.8660254037844387,-0.4999999999999998,24.018,24.168001,24.668001,22.636906,22.605194,22.358145,92.0,91.0,87.0,28.97174,29.035427,29.0616,1012.02167,1012.3222,1012.12866,43.0,41.0,39.0,37.0,33.0,0.0,16.0,17.0,39.0,0.0,0.0,0.0,0.23881698,0.27109432,0.4034698,2.2768397,2.7416782,5.0142193,161.56496,156.80138,158.96242,4.32,7.92,11.5199995,0.0,0.0,0.0,0.0,0.0,0.0,22.993893,23.008812,22.962471,170.0,195.0,175.0,0.0,0.0,0.0,0.0,0.0,0.0,0.0,0.0,0.0,0.0,0.0,0.0,0.0,0.0,0.0,0.0,0.0,0.0,0.0,0.0,0.0,0.0,0.0,0.0,0.0,0.0,0.0,0.0,0.0,0.0,0.0,0.0,0.0,0.0,0.0,0.0,1015.4,1015.7,1015.5,0.0,0.0,0.0,4.0,3.0,2.0,0.8660254037844386,0.7071067811865476,0.49999999999999994,0.5000000000000001,0.7071067811865476,0.8660254037844387,4.0,4.0,4.0,-0.433883739117558,-0.433883739117558,-0.433883739117558,-0.9009688679024191,-0.9009688679024191,-0.9009688679024191,4.0,4.0,4.0,0.8660254037844387,0.8660254037844387,0.8660254037844387,-0.4999999999999998,-0.4999999999999998,-0.4999999999999998,24.084667,24.709667,22.582819,22.2977085,91.33333333333333,86.66666666666667,29.056067000000002,29.13553166666667,1011.9890733333333,1011.7469233333333,43.333333333333336,34.333333333333336,36.666666666666664,18.333333333333332,16.666666666666668,21.0,0.0,0.00595797495,0.25979654,0.42318900333333326,1.9411674666666654,4.572150283333333,174.97711,158.98229166666667,5.280000000000002,10.97999925,0.0,0.0,0.0,0.0,22.970928333333333,22.944393833333336,188.33333333333334,180.83333333333334,0.0,0.0,0.0,0.0,0.0,0.0,0.0,0.0,0.0,0.0,0.0,0.0,0.0,0.0,0.0,0.0,0.0,0.0,0.0,0.0,0.0,0.0,0.0,0.0,1015.3666666666667,1015.1166666666668,0.0,0.0,4.0,2.5,0.8463526704200182,0.5496461760604292,0.4886419420963562,0.7163128427270959,4.0,4.0,-0.433883739117558,-0.433883739117558,-0.9009688679024191,-0.9009688679024191,4.0,4.0,0.8660254037844387,0.8660254037844387,-0.4999999999999998,-0.4999999999999998
2025-04-18 06:00:00+00:00,24.068,22.686392,92.0,28.959122,1011.32434,49.0,44.0,10.0,0.0,0.23953152,2.9024127,277.1249,5.04,0.0,0.0,23.043373,185.0,0.0,0.0,0.0,0.0,0.0,0.0,0.0,0.0,0.0,0.0,0.0,0.0,1014.7,6,1.0,6.123233995736766e-17,4,-0.433883739117558,-0.9009688679024191,4,0.8660254037844387,-0.4999999999999998,24.068,24.018,24.168001,22.506357,22.636906,22.605194,91.0,92.0,91.0,29.161034,28.97174,29.035427,1011.62335,1012.02167,1012.3222,46.0,43.0,41.0,40.0,37.0,33.0,17.0,16.0,17.0,0.0,0.0,0.0,0.26947832,0.23881698,0.27109432,0.8049845,2.2768397,2.7416782,206.56499,161.56496,156.80138,3.6,4.32,7.92,0.0,0.0,0.0,0.0,0.0,0.0,22.91008,22.993893,23.008812,200.0,170.0,195.0,0.0,0.0,0.0,0.0,0.0,0.0,0.0,0.0,0.0,0.0,0.0,0.0,0.0,0.0,0.0,0.0,0.0,0.0,0.0,0.0,0.0,0.0,0.0,0.0,0.0,0.0,0.0,0.0,0.0,0.0,0.0,0.0,0.0,0.0,0.0,0.0,1015.0,1015.4,1015.7,0.0,0.0,0.0,5.0,4.0,3.0,0.9659258262890683,0.8660254037844386,0.7071067811865476,0.25881904510252074,0.5000000000000001,0.7071067811865476,4.0,4.0,4.0,-0.433883739117558,-0.433883739117558,-0.433883739117558,-0.9009688679024191,-0.9009688679024191,-0.9009688679024191,4.0,4.0,4.0,0.8660254037844387,0.8660254037844387,0.8660254037844387,-0.4999999999999998,-0.4999999999999998,-0.4999999999999998,24.051333333333332,24.376333666666667,22.609885000000002,22.494282166666668,91.66666666666667,89.33333333333333,29.030632000000008,29.084622666666665,1011.6564533333334,1011.8096300000001,46.0,41.833333333333336,40.333333333333336,25.666666666666668,14.333333333333334,22.0,0.0,0.00103058495,0.24927560666666668,0.3282001399999999,1.9947456333333322,3.3963677333333333,215.08495000000002,183.4029066666667,4.320000000000003,8.219999583333335,0.0,0.0,0.0,0.0,22.98244866666667,22.986536,185.0,175.0,0.0,0.0,0.0,0.0,0.0,0.0,0.0,0.0,0.0,0.0,0.0,0.0,0.0,0.0,0.0,0.0,0.0,0.0,0.0,0.0,0.0,0.0,0.0,0.0,1015.0333333333333,1015.1833333333334,0.0,0.0,5.0,3.5,0.9439837433578356,0.7163128427270958,0.25293968170084036,0.5496461760604293,4.0,4.0,-0.433883739117558,-0.433883739117558,-0.9009688679024191,-0.9009688679024191,4.0,4.0,0.8660254037844387,0.8660254037844387,-0.4999999999999998,-0.4999999999999998
2025-04-18 07:00:00+00:00,23.668001,22.468311,93.0,28.22271,1011.02094,55.0,48.0,14.0,0.0,0.20462298,4.3498964,245.55606,7.2,0.0,0.0,22.779816,155.0,0.0,0.0,0.0,0.0,0.0,0.0,0.0,0.0,0.0,0.0,0.0,0.0,1014.4,7,0.9659258262890683,-0.25881904510252063,4,-0.433883739117558,-0.9009688679024191,4,0.8660254037844387,-0.4999999999999998,24.068,24.068,24.018,22.686392,22.506357,22.636906,92.0,91.0,92.0,28.959122,29.161034,28.97174,1011.32434,1011.62335,1012.02167,49.0,46.0,43.0,44.0,40.0,37.0,10.0,17.0,16.0,0.0,0.0,0.0,0.23953152,0.26947832,0.23881698,2.9024127,0.8049845,2.2768397,277.1249,206.56499,161.56496,5.04,3.6,4.32,0.0,0.0,0.0,0.0,0.0,0.0,23.043373,22.91008,22.993893,185.0,200.0,170.0,0.0,0.0,0.0,0.0,0.0,0.0,0.0,0.0,0.0,0.0,0.0,0.0,0.0,0.0,0.0,0.0,0.0,0.0,0.0,0.0,0.0,0.0,0.0,0.0,0.0,0.0,0.0,0.0,0.0,0.0,0.0,0.0,0.0,0.0,0.0,0.0,1014.7,1015.0,1015.4,0.0,0.0,0.0,6.0,5.0,4.0,1.0,0.9659258262890683,0.8660254037844386,6.123233995736766e-17,0.25881904510252074,0.5000000000000001,4.0,4.0,4.0,-0.433883739117558,-0.433883739117558,-0.433883739117558,-0.9009688679024191,-0.9009688679024191,-0.9009688679024191,4.0,4.0,4.0,0.8660254037844387,0.8660254037844387,0.8660254037844387,-0.4999999999999998,-0.4999999999999998,-0.4999999999999998,23.934667,24.109667166666668,22.553686666666668,22.54355083333333,92.0,91.0,28.78095533333334,28.901938833333332,1011.3228766666666,1011.7401933333334,50.0,45.5,44.0,33.666666666666664,13.666666666666666,18.833333333333332,0.0,0.0,0.23787760666666669,0.2711689866666666,2.6857645333333324,3.0150051333333336,243.08198333333334,201.095785,5.280000000000002,6.599999916666667,0.0,0.0,0.0,0.0,22.91108966666667,22.949740833333333,180.0,180.0,0.0,0.0,0.0,0.0,0.0,0.0,0.0,0.0,0.0,0.0,0.0,0.0,0.0,0.0,0.0,0.0,0.0,0.0,0.0,0.0,0.0,0.0,0.0,0.0,1014.6999999999999,1015.1166666666667,0.0,0.0,6.0,4.5,0.9772838841927122,0.8341639729248538,9.251858538542972e-17,0.3455220308284977,4.0,4.0,-0.433883739117558,-0.433883739117558,-0.9009688679024191,-0.9009688679024191,4.0,4.0,0.8660254037844387,0.8660254037844387,-0.4999999999999998,-0.4999999999999998
2025-04-18 08:00:00+00:00,23.118,22.098648,94.0,27.355293,1010.91486,45.0,42.0,6.0,0.0,0.16968107,5.0911684,224.9999,8.64,0.0,0.0,22.365252,150.0,0.0,0.0,0.0,0.0,0.0,0.0,0.0,0.0,0.0,0.0,0.0,0.0,1014.3,8,0.8660254037844387,-0.4999999999999998,4,-0.433883739117558,-0.9009688679024191,4,0.8660254037844387,-0.4999999999999998,23.668001,24.068,24.068,22.468311,22.686392,22.506357,93.0,92.0,91.0,28.22271,28.959122,29.161034,1011.02094,1011.32434,1011.62335,55.0,49.0,46.0,48.0,44.0,40.0,14.0,10.0,17.0,0.0,0.0,0.0,0.20462298,0.23953152,0.26947832,4.3498964,2.9024127,0.8049845,245.55606,277.1249,206.56499,7.2,5.04,3.6,0.0,0.0,0.0,0.0,0.0,0.0,22.779816,23.043373,22.91008,155.0,185.0,200.0,0.0,0.0,0.0,0.0,0.0,0.0,0.0,0.0,0.0,0.0,0.0,0.0,0.0,0.0,0.0,0.0,0.0,0.0,0.0,0.0,0.0,0.0,0.0,0.0,0.0,0.0,0.0,0.0,0.0,0.0,0.0,0.0,0.0,0.0,0.0,0.0,1014.4,1014.7,1015.0,0.0,0.0,0.0,7.0,6.0,5.0,0.9659258262890683,1.0,0.9659258262890683,-0.25881904510252063,6.123233995736766e-17,0.25881904510252074,4.0,4.0,4.0,-0.433883739117558,-0.433883739117558,-0.433883739117558,-0.9009688679024191,-0.9009688679024191,-0.9009688679024191,4.0,4.0,4.0,0.8660254037844387,0.8660254037844387,0.8660254037844387,-0.4999999999999998,-0.4999999999999998,-0.4999999999999998,23.618000333333338,23.851333666666665,22.417783666666665,22.500301333333336,93.0,92.16666666666667,28.179041666666667,28.61755433333333,1011.0867133333333,1011.5378933333333,49.666666666666664,46.5,44.666666666666664,40.666666666666664,10.0,13.333333333333334,0.0,0.0,0.20461185666666667,0.23220419833333325,4.114492499999999,3.0278299833333335,249.22695333333334,212.10203166666668,6.9600000000000035,6.12,0.0,0.0,0.0,0.0,22.72948033333333,22.850204333333334,163.33333333333334,175.83333333333334,0.0,0.0,0.0,0.0,0.0,0.0,0.0,0.0,0.0,0.0,0.0,0.0,0.0,0.0,0.0,0.0,0.0,0.0,0.0,0.0,0.0,0.0,0.0,0.0,1014.4666666666666,1014.9166666666666,0.0,0.0,7.0,5.5,0.9439837433578356,0.8951682068889268,-0.2529396817008401,0.11785113019775799,4.0,4.0,-0.433883739117558,-0.433883739117558,-0.9009688679024191,-0.9009688679024191,4.0,4.0,0.8660254037844387,0.8660254037844387,-0.4999999999999998,-0.4999999999999998
2025-04-18 09:00:00+00:00,22.718,21.350286,92.0,26.571535,1011.3091,37.0,37.0,0.0,0.0,0.2208519,4.8965297,216.02747,8.28,0.0,0.0,21.707392,195.0,0.0,0.0,0.0,0.0,0.0,0.0,0.0,0.0,0.0,0.0,0.0,0.0,1014.7,9,0.7071067811865476,-0.7071067811865475,4,-0.433883739117558,-0.9009688679024191,4,0.8660254037844387,-0.4999999999999998,23.118,23.668001,24.068,22.098648,22.468311,22.686392,94.0,93.0,92.0,27.355293,28.22271,28.959122,1010.91486,1011.02094,1011.32434,45.0,55.0,49.0,42.0,48.0,44.0,6.0,14.0,10.0,0.0,0.0,0.0,0.16968107,0.20462298,0.23953152,5.0911684,4.3498964,2.9024127,224.9999,245.55606,277.1249,8.64,7.2,5.04,0.0,0.0,0.0,0.0,0.0,0.0,22.365252,22.779816,23.043373,150.0,155.0,185.0,0.0,0.0,0.0,0.0,0.0,0.0,0.0,0.0,0.0,0.0,0.0,0.0,0.0,0.0,0.0,0.0,0.0,0.0,0.0,0.0,0.0,0.0,0.0,0.0,0.0,0.0,0.0,0.0,0.0,0.0,0.0,0.0,0.0,0.0,0.0,0.0,1014.3,1014.4,1014.7,0.0,0.0,0.0,8.0,7.0,6.0,0.8660254037844387,0.9659258262890683,1.0,-0.4999999999999998,-0.25881904510252063,6.123233995736766e-17,4.0,4.0,4.0,-0.433883739117558,-0.433883739117558,-0.433883739117558,-0.9009688679024191,-0.9009688679024191,-0.9009688679024191,4.0,4.0,4.0,0.8660254037844387,0.8660254037844387,0.8660254037844387,-0.4999999999999998,-0.4999999999999998,-0.4999999999999998,23.168000333333335,23.609666833333332,21.972415,22.29115,93.0,92.33333333333333,27.383179333333334,28.206905666666668,1011.0816333333332,1011.3690433333333,45.666666666666664,45.833333333333336,42.333333333333336,41.333333333333336,6.666666666666667,10.5,0.0,0.0,0.19838531666666667,0.22383046166666656,4.779198166666665,3.3869719000000003,228.86114333333333,221.9730466666667,8.040000000000001,6.18,0.0,0.0,0.0,0.0,22.284153333333336,22.633301,166.66666666666666,175.83333333333334,0.0,0.0,0.0,0.0,0.0,0.0,0.0,0.0,0.0,0.0,0.0,0.0,0.0,0.0,0.0,0.0,0.0,0.0,0.0,0.0,0.0,0.0,0.0,0.0,1014.4666666666667,1014.75,0.0,0.0,8.0,6.5,0.8463526704200183,0.8951682068889268,-0.4886419420963559,-0.11785113019775785,4.0,4.0,-0.433883739117558,-0.433883739117558,-0.9009688679024191,-0.9009688679024191,4.0,4.0,0.8660254037844387,0.8660254037844387,-0.4999999999999998,-0.4999999999999998
2025-04-18 10:00:00+00:00,22.568,21.0238,91.0,26.276375,1011.8055,45.0,45.0,0.0,0.0,0.24621773,4.6938257,212.47118,7.92,0.0,0.0,21.429106,210.0,0.0,0.0,0.0,0.0,0.0,0.0,0.0,0.0,0.0,0.0,0.0,0.0,1015.2,10,0.49999999999999994,-0.8660254037844387,4,-0.433883739117558,-0.9009688679024191,4,0.8660254037844387,-0.4999999999999998,22.718,23.118,23.668001,21.350286,22.098648,22.468311,92.0,94.0,93.0,26.571535,27.355293,28.22271,1011.3091,1010.91486,1011.02094,37.0,45.0,55.0,37.0,42.0,48.0,0.0,6.0,14.0,0.0,0.0,0.0,0.2208519,0.16968107,0.20462298,4.8965297,5.0911684,4.3498964,216.02747,224.9999,245.55606,8.28,8.64,7.2,0.0,0.0,0.0,0.0,0.0,0.0,21.707392,22.365252,22.779816,195.0,150.0,155.0,0.0,0.0,0.0,0.0,0.0,0.0,0.0,0.0,0.0,0.0,0.0,0.0,0.0,0.0,0.0,0.0,0.0,0.0,0.0,0.0,0.0,0.0,0.0,0.0,0.0,0.0,0.0,0.0,0.0,0.0,0.0,0.0,0.0,0.0,0.0,0.0,1014.7,1014.3,1014.4,0.0,0.0,0.0,9.0,8.0,7.0,0.7071067811865476,0.8660254037844387,0.9659258262890683,-0.7071067811865475,-0.4999999999999998,-0.25881904510252063,4.0,4.0,4.0,-0.433883739117558,-0.433883739117558,-0.433883739117558,-0.9009688679024191,-0.9009688679024191,-0.9009688679024191,4.0,4.0,4.0,0.8660254037844387,0.8660254037844387,0.8660254037844387,-0.4999999999999998,-0.4999999999999998,-0.4999999999999998,22.801333333333332,23.368000166666665,21.490911333333333,22.022299,92.33333333333333,92.16666666666667,26.734401000000002,27.75767816666667,1011.3431533333332,1011.333015,42.333333333333336,46.166666666666664,41.333333333333336,42.666666666666664,2.0,7.833333333333333,0.0,0.0,0.21225023333333334,0.22506391999999995,4.893841266666665,3.7898029,217.83285,230.45741666666666,8.280000000000003,6.78,0.0,0.0,0.0,0.0,21.833916666666667,22.372503166666664,185.0,182.5,0.0,0.0,0.0,0.0,0.0,0.0,0.0,0.0,0.0,0.0,0.0,0.0,0.0,0.0,0.0,0.0,0.0,0.0,0.0,0.0,0.0,0.0,0.0,0.0,1014.7333333333332,1014.7166666666666,0.0,0.0,9.0,7.5,0.6910440616569954,0.8341639729248538,-0.6910440616569953,-0.34552203082849764,4.0,4.0,-0.433883739117558,-0.433883739117558,-0.9009688679024191,-0.9009688679024191,4.0,4.0,0.8660254037844387,0.8660254037844387,-0.4999999999999998,-0.4999999999999998
2025-04-18 11:00:00+00:00,22.618,20.8934,90.0,26.227772,1012.40405,45.0,45.0,0.0,0.017860701,0.2744093,4.8965297,216.02747,7.92,1.0,0.0,21.34845,215.0,17.0,12.0,17.0,38.457466,27.146446,21.538054,5.0,50.43157,75.36572,11.31102,63.89399,170.49263,1015.8,11,0.258819045102521,-0.9659258262890682,4,-0.433883739117558,-0.9009688679024191,4,0.8660254037844387,-0.4999999999999998,22.568,22.718,23.118,21.0238,21.350286,22.098648,91.0,92.0,94.0,26.276375,26.571535,27.355293,1011.8055,1011.3091,1010.91486,45.0,37.0,45.0,45.0,37.0,42.0,0.0,0.0,6.0,0.0,0.0,0.0,0.24621773,0.2208519,0.16968107,4.6938257,4.8965297,5.0911684,212.47118,216.02747,224.9999,7.92,8.28,8.64,0.0,0.0,0.0,0.0,0.0,0.0,21.429106,21.707392,22.365252,210.0,195.0,150.0,0.0,0.0,0.0,0.0,0.0,0.0,0.0,0.0,0.0,0.0,0.0,0.0,0.0,0.0,0.0,0.0,0.0,0.0,0.0,0.0,0.0,0.0,0.0,0.0,0.0,0.0,0.0,0.0,0.0,0.0,0.0,0.0,0.0,0.0,0.0,0.0,1015.2,1014.7,1014.3,0.0,0.0,0.0,10.0,9.0,8.0,0.49999999999999994,0.7071067811865476,0.8660254037844387,-0.8660254037844387,-0.7071067811865475,-0.4999999999999998,4.0,4.0,4.0,-0.433883739117558,-0.433883739117558,-0.433883739117558,-0.9009688679024191,-0.9009688679024191,-0.9009688679024191,4.0,4.0,4.0,0.8660254037844387,0.8660254037844387,0.8660254037844387,-0.4999999999999998,-0.4999999999999998,-0.4999999999999998,22.634666666666664,23.1263335,21.089162,21.753472833333333,91.0,92.0,26.358560666666666,27.268801166666673,1011.83955,1011.4631316666668,42.333333333333336,46.0,42.333333333333336,43.5,0.0,5.0,0.005953567,0.0029767835,0.24715964333333332,0.2258857499999999,4.828961699999999,4.4717271,214.84204,232.03449666666668,8.040000000000001,7.5,0.3333333333333333,0.16666666666666666,0.0,0.0,21.49498266666667,22.112231500000004,206.66666666666666,185.0,5.666666666666667,2.8333333333333335,4.0,2.0,5.666666666666667,2.8333333333333335,12.819155333333333,6.409577666666666,9.048815333333334,4.524407666666667,7.179351333333333,3.5896756666666665,1.6666666666666667,0.8333333333333334,16.810523333333332,8.405261666666666,25.121906666666664,12.560953333333332,3.7703400000000378,1.8851699999999998,21.29799666666663,10.648998333333315,56.83087666666666,28.41543833333333,1015.2333333333332,1014.8499999999999,0.0,0.0,10.0,8.5,0.4886419420963562,0.7163128427270959,-0.846352670420018,-0.5496461760604291,4.0,4.0,-0.433883739117558,-0.433883739117558,-0.9009688679024191,-0.9009688679024191,4.0,4.0,0.8660254037844387,0.8660254037844387,-0.4999999999999998,-0.4999999999999998
2025-04-18 12:00:00+00:00,25.368,21.870197,81.0,29.60286,1013.1333,31.0,31.0,0.0,0.112453826,0.61479807,4.2136917,250.0168,8.28,1.0,3600.0,22.821243,295.0,178.0,71.0,178.00003,263.49112,105.10039,263.49118,107.0,434.9622,333.88947,158.39073,643.86896,494.2523,1016.5,12,1.2246467991473532e-16,-1.0,4,-0.433883739117558,-0.9009688679024191,4,0.8660254037844387,-0.4999999999999998,22.618,22.568,22.718,20.8934,21.0238,21.350286,90.0,91.0,92.0,26.227772,26.276375,26.571535,1012.40405,1011.8055,1011.3091,45.0,45.0,37.0,45.0,45.0,37.0,0.0,0.0,0.0,0.017860701,0.0,0.0,0.2744093,0.24621773,0.2208519,4.8965297,4.6938257,4.8965297,216.02747,212.47118,216.02747,7.92,7.92,8.28,1.0,0.0,0.0,0.0,0.0,0.0,21.34845,21.429106,21.707392,215.0,210.0,195.0,17.0,0.0,0.0,12.0,0.0,0.0,17.0,0.0,0.0,38.457466,0.0,0.0,27.146446,0.0,0.0,21.538054,0.0,0.0,5.0,0.0,0.0,50.43157,0.0,0.0,75.36572,0.0,0.0,11.31102,0.0,0.0,63.89399,0.0,0.0,170.49263,0.0,0.0,1015.8,1015.2,1014.7,0.0,0.0,0.0,11.0,10.0,9.0,0.258819045102521,0.49999999999999994,0.7071067811865476,-0.9659258262890682,-0.8660254037844387,-0.7071067811865475,4.0,4.0,4.0,-0.433883739117558,-0.433883739117558,-0.433883739117558,-0.9009688679024191,-0.9009688679024191,-0.9009688679024191,4.0,4.0,4.0,0.8660254037844387,0.8660254037844387,0.8660254037844387,-0.4999999999999998,-0.4999999999999998,-0.4999999999999998,23.518,23.343000166666666,21.262465666666667,21.617440333333334,87.33333333333333,90.16666666666667,27.369002333333338,27.376090833333336,1012.4476166666667,1011.7646249999999,40.333333333333336,43.0,40.333333333333336,41.333333333333336,0.0,3.3333333333333335,0.04343817566666667,0.021719087833333334,0.3784750333333333,0.28843017499999996,4.6013490333333325,4.6902736,226.17181666666667,227.51648,8.040000000000001,8.04,0.6666666666666666,0.3333333333333333,1200.0,600.0,21.866266333333332,22.075209833333332,240.0,203.33333333333334,65.0,32.5,27.666666666666668,13.833333333333334,65.00001,32.500005,100.64952866666668,50.32476433333334,44.08227866666667,22.041139333333334,95.00974466666666,47.50487233333333,37.333333333333336,18.666666666666668,161.79792333333333,80.89896166666666,136.41839666666667,68.20919833333333,56.56725000000004,28.283625,235.9209833333333,117.96049166666666,221.58164333333332,110.79082166666666,1015.8333333333334,1015.15,0.0,0.0,11.0,9.5,0.2529396817008404,0.5496461760604293,-0.9439837433578356,-0.7163128427270958,4.0,4.0,-0.433883739117558,-0.433883739117558,-0.9009688679024191,-0.9009688679024191,4.0,4.0,0.8660254037844387,0.8660254037844387,-0.4999999999999998,-0.4999999999999998
2025-04-18 13:00:00+00:00,26.868,21.842487,74.0,30.942814,1013.44904,0.0,0.0,0.0,0.27840486,0.91916895,5.1919937,303.6901,11.159999,1.0,3600.0,23.261002,430.0,409.0,105.0,409.00003,500.57953,128.51064,500.57956,304.0,639.3861,645.3134,372.06888,782.5516,789.806,1016.8,13,-0.2588190451025208,-0.9659258262890683,4,-0.433883739117558,-0.9009688679024191,4,0.8660254037844387,-0.4999999999999998,25.368,22.618,22.568,21.870197,20.8934,21.0238,81.0,90.0,91.0,29.60286,26.227772,26.276375,1013.1333,1012.40405,1011.8055,31.0,45.0,45.0,31.0,45.0,45.0,0.0,0.0,0.0,0.112453826,0.017860701,0.0,0.61479807,0.2744093,0.24621773,4.2136917,4.8965297,4.6938257,250.0168,216.02747,212.47118,8.28,7.92,7.92,1.0,1.0,0.0,3600.0,0.0,0.0,22.821243,21.34845,21.429106,295.0,215.0,210.0,178.0,17.0,0.0,71.0,12.0,0.0,178.00003,17.0,0.0,263.49112,38.457466,0.0,105.10039,27.146446,0.0,263.49118,21.538054,0.0,107.0,5.0,0.0,434.9622,50.43157,0.0,333.88947,75.36572,0.0,158.39073,11.31102,0.0,643.86896,63.89399,0.0,494.2523,170.49263,0.0,1016.5,1015.8,1015.2,0.0,0.0,0.0,12.0,11.0,10.0,1.2246467991473532e-16,0.258819045102521,0.49999999999999994,-1.0,-0.9659258262890682,-0.8660254037844387,4.0,4.0,4.0,-0.433883739117558,-0.433883739117558,-0.433883739117558,-0.9009688679024191,-0.9009688679024191,-0.9009688679024191,4.0,4.0,4.0,0.8660254037844387,0.8660254037844387,0.8660254037844387,-0.4999999999999998,-0.4999999999999998,-0.4999999999999998,24.951333333333334,23.87633333333333,21.53536133333333,21.513136333333332,81.66666666666667,87.0,28.924482,27.8294415,1012.9954633333333,1012.1693083333334,25.333333333333332,33.833333333333336,25.333333333333332,33.333333333333336,0.0,1.0,0.13623979566666666,0.06811989783333333,0.6027921066666666,0.40752116999999993,4.767405033333333,4.83062315,256.5781233333333,237.20548666666664,9.119999666666667,8.699999833333335,1.0,0.5,2400.0,1200.0,22.476898333333335,22.1554075,313.3333333333333,249.16666666666666,201.33333333333334,100.66666666666667,62.666666666666664,31.333333333333332,201.33335333333332,100.66667666666666,267.509372,133.754686,86.91915866666666,43.45957933333333,261.869598,130.934799,138.66666666666666,69.33333333333333,374.92662333333334,187.46331166666667,351.52286333333336,175.76143166666668,180.59020999999998,90.29510499999999,496.7715166666667,248.38575833333334,484.85031,242.425155,1016.3666666666667,1015.5500000000001,0.0,0.0,12.0,10.5,1.4802973661668753e-16,0.3455220308284978,-0.9772838841927122,-0.8341639729248538,4.0,4.0,-0.433883739117558,-0.433883739117558,-0.9009688679024191,-0.9009688679024191,4.0,4.0,0.8660254037844387,0.8660254037844387,-0.4999999999999998,-0.4999999999999998
2025-04-18 14:00:00+00:00,28.418001,21.699192,67.0,32.930454,1013.3666,25.0,25.0,0.0,0.4402665,1.2770667,4.6938257,327.52884,11.159999,1.0,3600.0,23.66491,560.0,620.0,127.0,620.0,700.1975,143.42755,700.1975,493.0,728.6837,918.24384,556.76996,822.9395,1037.0194,1016.7,14,-0.4999999999999997,-0.8660254037844388,4,-0.433883739117558,-0.9009688679024191,4,0.8660254037844387,-0.4999999999999998,26.868,25.368,22.618,21.842487,21.870197,20.8934,74.0,81.0,90.0,30.942814,29.60286,26.227772,1013.44904,1013.1333,1012.40405,0.0,31.0,45.0,0.0,31.0,45.0,0.0,0.0,0.0,0.27840486,0.112453826,0.017860701,0.91916895,0.61479807,0.2744093,5.1919937,4.2136917,4.8965297,303.6901,250.0168,216.02747,11.159999,8.28,7.92,1.0,1.0,1.0,3600.0,3600.0,0.0,23.261002,22.821243,21.34845,430.0,295.0,215.0,409.0,178.0,17.0,105.0,71.0,12.0,409.00003,178.00003,17.0,500.57953,263.49112,38.457466,128.51064,105.10039,27.146446,500.57956,263.49118,21.538054,304.0,107.0,5.0,639.3861,434.9622,50.43157,645.3134,333.88947,75.36572,372.06888,158.39073,11.31102,782.5516,643.86896,63.89399,789.806,494.2523,170.49263,1016.8,1016.5,1015.8,0.0,0.0,0.0,13.0,12.0,11.0,-0.2588190451025208,1.2246467991473532e-16,0.258819045102521,-0.9659258262890683,-1.0,-0.9659258262890682,4.0,4.0,4.0,-0.433883739117558,-0.433883739117558,-0.433883739117558,-0.9009688679024191,-0.9009688679024191,-0.9009688679024191,4.0,4.0,4.0,0.8660254037844387,0.8660254037844387,0.8660254037844387,-0.4999999999999998,-0.4999999999999998,-0.4999999999999998,26.884666999999997,24.75966683333333,21.80395866666667,21.446560333333334,74.0,82.5,31.158709333333334,28.758635,1013.3163133333333,1012.5779316666666,18.666666666666668,30.5,18.666666666666668,30.5,0.0,0.0,0.27704172866666665,0.14149764783333332,0.93701124,0.5920854416666665,4.699837033333332,4.764399366666667,293.7452466666666,254.2936433333333,10.199999333333336,9.119999666666667,1.0,0.6666666666666666,3600.0,1800.0,23.249051666666663,22.372017166666666,428.3333333333333,317.5,402.3333333333333,204.0,101.0,52.5,402.33335333333326,204.00000999999997,488.0893833333333,250.45426933333331,125.67952666666667,67.364171,488.0894133333333,247.63438233333332,301.3333333333333,151.5,601.0106666666667,308.910595,632.4822366666667,328.8020716666667,362.40985666666666,183.09009833333332,749.7866866666667,385.5423416666667,773.6925666666666,415.2617216666667,1016.6666666666666,1015.9499999999999,0.0,0.0,13.0,11.5,-0.2529396817008401,0.117851130197758,-0.9439837433578356,-0.8951682068889268,4.0,4.0,-0.433883739117558,-0.433883739117558,-0.9009688679024191,-0.9009688679024191,4.0,4.0,0.8660254037844387,0.8660254037844387,-0.4999999999999998,-0.4999999999999998
2025-04-18 15:00:00+00:00,30.018,21.40689,60.0,35.59741,1012.98535,29.0,29.0,0.0,0.5590705,1.6976023,2.7416782,23.198618,10.799999,1.0,3600.0,24.011694,620.0,760.0,205.0,760.0,816.93964,220.3587,816.93964,555.0,664.1804,1134.0887,596.5809,713.9411,1219.0552,1016.3,15,-0.7071067811865471,-0.7071067811865479,4,-0.433883739117558,-0.9009688679024191,4,0.8660254037844387,-0.4999999999999998,28.418001,26.868,25.368,21.699192,21.842487,21.870197,67.0,74.0,81.0,32.930454,30.942814,29.60286,1013.3666,1013.44904,1013.1333,25.0,0.0,31.0,25.0,0.0,31.0,0.0,0.0,0.0,0.4402665,0.27840486,0.112453826,1.2770667,0.91916895,0.61479807,4.6938257,5.1919937,4.2136917,327.52884,303.6901,250.0168,11.159999,11.159999,8.28,1.0,1.0,1.0,3600.0,3600.0,3600.0,23.66491,23.261002,22.821243,560.0,430.0,295.0,620.0,409.0,178.0,127.0,105.0,71.0,620.0,409.00003,178.00003,700.1975,500.57953,263.49112,143.42755,128.51064,105.10039,700.1975,500.57956,263.49118,493.0,304.0,107.0,728.6837,639.3861,434.9622,918.24384,645.3134,333.88947,556.76996,372.06888,158.39073,822.9395,782.5516,643.86896,1037.0194,789.806,494.2523,1016.7,1016.8,1016.5,0.0,0.0,0.0,14.0,13.0,12.0,-0.4999999999999997,-0.2588190451025208,1.2246467991473532e-16,-0.8660254037844388,-0.9659258262890683,-1.0,4.0,4.0,4.0,-0.433883739117558,-0.433883739117558,-0.433883739117558,-0.9009688679024191,-0.9009688679024191,-0.9009688679024191,4.0,4.0,4.0,0.8660254037844387,0.8660254037844387,0.8660254037844387,-0.4999999999999998,-0.4999999999999998,-0.4999999999999998,28.434667,25.9763335,21.649523,21.455994333333333,67.0,77.16666666666667,33.15689266666667,30.2629475,1013.2669966666666,1012.8573066666667,18.0,29.166666666666668,18.0,29.166666666666668,0.0,0.0,0.4259139533333333,0.2346760645,1.2979459833333333,0.8382105083333332,4.209165866666665,4.40525745,218.13918599999997,222.15550133333332,11.039999000000002,9.5399995,1.0,0.8333333333333334,3600.0,2400.0,23.64586866666667,22.7560675,536.6666666666666,388.3333333333333,596.3333333333334,330.6666666666667,145.66666666666666,86.66666666666667,596.3333433333333,330.66667666666666,672.5722233333332,386.610876,164.09896333333333,104.090621,672.5722333333333,383.790989,450.6666666666667,244.0,677.4167333333334,419.6073283333333,899.2153133333333,517.816855,508.4732466666667,282.5202483333333,773.1440666666666,504.532525,1015.2935333333334,618.4375883333333,1016.6,1016.2166666666667,0.0,0.0,14.0,12.5,-0.48864194209635586,-0.11785113019775778,-0.8463526704200183,-0.895168206888927,4.0,4.0,-0.433883739117558,-0.433883739117558,-0.9009688679024191,-0.9009688679024191,4.0,4.0,0.8660254037844387,0.8660254037844387,-0.4999999999999998,-0.4999999999999998
2025-04-18 16:00:00+00:00,31.768,21.317759,54.0,37.63645,1012.3066,41.0,35.0,15.0,0.673711,2.1568308,5.4119864,93.814,12.599999,1.0,3600.0,24.539719,595.0,887.0,190.0,887.0,918.4857,196.7444,918.4857,697.0,740.08295,1278.1516,721.7413,766.3535,1323.5219,1015.6,16,-0.8660254037844385,-0.5000000000000004,4,-0.433883739117558,-0.9009688679024191,4,0.8660254037844387,-0.4999999999999998,30.018,28.418001,26.868,21.40689,21.699192,21.842487,60.0,67.0,74.0,35.59741,32.930454,30.942814,1012.98535,1013.3666,1013.44904,29.0,25.0,0.0,29.0,25.0,0.0,0.0,0.0,0.0,0.5590705,0.4402665,0.27840486,1.6976023,1.2770667,0.91916895,2.7416782,4.6938257,5.1919937,23.198618,327.52884,303.6901,10.799999,11.159999,11.159999,1.0,1.0,1.0,3600.0,3600.0,3600.0,24.011694,23.66491,23.261002,620.0,560.0,430.0,760.0,620.0,409.0,205.0,127.0,105.0,760.0,620.0,409.00003,816.93964,700.1975,500.57953,220.3587,143.42755,128.51064,816.93964,700.1975,500.57956,555.0,493.0,304.0,664.1804,728.6837,639.3861,1134.0887,918.24384,645.3134,596.5809,556.76996,372.06888,713.9411,822.9395,782.5516,1219.0552,1037.0194,789.806,1016.3,1016.7,1016.8,0.0,0.0,0.0,15.0,14.0,13.0,-0.7071067811865471,-0.4999999999999997,-0.2588190451025208,-0.7071067811865479,-0.8660254037844388,-0.9659258262890683,4.0,4.0,4.0,-0.433883739117558,-0.433883739117558,-0.433883739117558,-0.9009688679024191,-0.9009688679024191,-0.9009688679024191,4.0,4.0,4.0,0.8660254037844387,0.8660254037844387,0.8660254037844387,-0.4999999999999998,-0.4999999999999998,-0.4999999999999998,30.068000333333334,27.509666833333338,21.47461366666667,21.5049875,60.333333333333336,71.0,35.38810466666667,32.15629333333333,1012.8861833333334,1012.9408233333334,31.666666666666668,28.5,29.666666666666668,27.5,5.0,2.5,0.5576826666666667,0.3469612311666667,1.7104999333333335,1.15664602,4.282496766666665,4.524950899999999,148.180486,202.37930466666663,11.519999,10.319999333333334,1.0,1.0,3600.0,3000.0,24.072107666666664,23.274503,591.6666666666666,452.5,755.6666666666666,478.5,174.0,118.33333333333333,755.6666666666666,478.50001,811.87428,539.691826,186.84355000000002,136.88135433333335,811.87428,536.871939,581.6666666666666,360.1666666666667,710.9823499999999,542.9544866666666,1110.1613799999998,730.8421216666667,625.0307200000001,402.810465,767.7446999999999,632.2581083333333,1193.1988333333331,839.0245716666667,1016.1999999999999,1016.2833333333334,0.0,0.0,15.0,13.5,-0.6910440616569952,-0.3455220308284975,-0.6910440616569957,-0.8341639729248541,4.0,4.0,-0.433883739117558,-0.433883739117558,-0.9009688679024191,-0.9009688679024191,4.0,4.0,0.8660254037844387,0.8660254037844387,-0.4999999999999998,-0.4999999999999998
2025-04-18 17:00:00+00:00,32.318,21.520905,53.0,37.244358,1011.81396,31.0,31.0,0.0,0.72485346,2.2731864,12.7279215,118.7397,22.319998,1.0,3600.0,24.84083,590.0,936.0,204.0,936.0,937.87634,204.40894,937.87634,732.0,741.007,1340.6294,733.4674,742.4925,1343.3169,1015.1,17,-0.9659258262890683,-0.25881904510252063,4,-0.433883739117558,-0.9009688679024191,4,0.8660254037844387,-0.4999999999999998,31.768,30.018,28.418001,21.317759,21.40689,21.699192,54.0,60.0,67.0,37.63645,35.59741,32.930454,1012.3066,1012.98535,1013.3666,41.0,29.0,25.0,35.0,29.0,25.0,15.0,0.0,0.0,0.673711,0.5590705,0.4402665,2.1568308,1.6976023,1.2770667,5.4119864,2.7416782,4.6938257,93.814,23.198618,327.52884,12.599999,10.799999,11.159999,1.0,1.0,1.0,3600.0,3600.0,3600.0,24.539719,24.011694,23.66491,595.0,620.0,560.0,887.0,760.0,620.0,190.0,205.0,127.0,887.0,760.0,620.0,918.4857,816.93964,700.1975,196.7444,220.3587,143.42755,918.4857,816.93964,700.1975,697.0,555.0,493.0,740.08295,664.1804,728.6837,1278.1516,1134.0887,918.24384,721.7413,596.5809,556.76996,766.3535,713.9411,822.9395,1323.5219,1219.0552,1037.0194,1015.6,1016.3,1016.7,0.0,0.0,0.0,16.0,15.0,14.0,-0.8660254037844385,-0.7071067811865471,-0.4999999999999997,-0.5000000000000004,-0.7071067811865479,-0.8660254037844388,4.0,4.0,4.0,-0.433883739117558,-0.433883739117558,-0.433883739117558,-0.9009688679024191,-0.9009688679024191,-0.9009688679024191,4.0,4.0,4.0,0.8660254037844387,0.8660254037844387,0.8660254037844387,-0.4999999999999998,-0.4999999999999998,-0.4999999999999998,31.368,29.126333499999998,21.415184666666665,21.609571666666664,55.666666666666664,64.83333333333333,36.82607266666667,33.992391000000005,1012.3686366666667,1012.8424749999999,33.666666666666664,26.166666666666668,31.666666666666668,25.166666666666668,5.0,2.5,0.6525449866666667,0.4647933576666667,2.042539833333333,1.4897755366666665,6.9605287,5.830182866666667,78.584106,186.16467633333332,15.239998666666667,12.719999,1.0,1.0,3600.0,3600.0,24.464081000000004,23.856566333333333,601.6666666666666,515.0,861.0,631.6666666666666,199.66666666666666,150.33333333333334,861.0,631.6666766666666,891.10056,689.5949716666668,207.17068000000003,166.42510333333334,891.10056,689.5949866666666,661.3333333333334,481.3333333333333,715.0901166666666,658.0503916666667,1250.9565666666665,941.7194016666667,683.9298666666667,523.1698616666666,740.9290333333333,745.35786,1295.298,1034.4952833333334,1015.6666666666666,1016.1666666666666,0.0,0.0,16.0,14.5,-0.846352670420018,-0.5496461760604291,-0.4886419420963563,-0.716312842727096,4.0,4.0,-0.433883739117558,-0.433883739117558,-0.9009688679024191,-0.9009688679024191,4.0,4.0,0.8660254037844387,0.8660254037844387,-0.4999999999999998,-0.4999999999999998
2025-04-18 18:00:00+00:00,32.267998,20.199173,49.0,35.68229,1011.5146,0.0,0.0,0.0,0.7462379,2.4599915,17.713316,127.568665,30.599998,1.0,3600.0,24.059975,605.0,950.0,156.0,950.0,921.0284,151.24255,921.0284,794.0,817.9967,1317.2821,769.7858,793.0508,1277.1099,1014.8,18,-1.0,-1.8369701987210297e-16,4,-0.433883739117558,-0.9009688679024191,4,0.8660254037844387,-0.4999999999999998,32.318,31.768,30.018,21.520905,21.317759,21.40689,53.0,54.0,60.0,37.244358,37.63645,35.59741,1011.81396,1012.3066,1012.98535,31.0,41.0,29.0,31.0,35.0,29.0,0.0,15.0,0.0,0.72485346,0.673711,0.5590705,2.2731864,2.1568308,1.6976023,12.7279215,5.4119864,2.7416782,118.7397,93.814,23.198618,22.319998,12.599999,10.799999,1.0,1.0,1.0,3600.0,3600.0,3600.0,24.84083,24.539719,24.011694,590.0,595.0,620.0,936.0,887.0,760.0,204.0,190.0,205.0,936.0,887.0,760.0,937.87634,918.4857,816.93964,204.40894,196.7444,220.3587,937.87634,918.4857,816.93964,732.0,697.0,555.0,741.007,740.08295,664.1804,1340.6294,1278.1516,1134.0887,733.4674,721.7413,596.5809,742.4925,766.3535,713.9411,1343.3169,1323.5219,1219.0552,1015.1,1015.6,1016.3,0.0,0.0,0.0,17.0,16.0,15.0,-0.9659258262890683,-0.8660254037844385,-0.7071067811865471,-0.25881904510252063,-0.5000000000000004,-0.7071067811865479,4.0,4.0,4.0,-0.433883739117558,-0.433883739117558,-0.433883739117558,-0.9009688679024191,-0.9009688679024191,-0.9009688679024191,4.0,4.0,4.0,0.8660254037844387,0.8660254037844387,0.8660254037844387,-0.4999999999999998,-0.4999999999999998,-0.4999999999999998,32.11799933333333,30.276333166666664,21.012612333333333,21.331067666666666,52.0,59.5,36.854366,35.00562933333333,1011.8783866666666,1012.5726916666666,24.0,21.0,22.0,20.0,5.0,2.5,0.71493412,0.5704240366666666,2.2966695666666666,1.7973077750000002,11.951074633333334,8.08012025,113.37412166666665,165.75665383333333,21.83999833333333,16.439998666666664,1.0,1.0,3600.0,3600.0,24.480174666666667,24.063021666666668,596.6666666666666,566.6666666666666,924.3333333333334,760.3333333333334,183.33333333333334,164.5,924.3333333333334,760.3333383333334,925.7968133333334,799.1845183333334,184.13196333333335,174.1154633333333,925.7968133333334,799.1845233333333,741.0,595.8333333333334,766.3622166666668,721.889475,1312.0210333333332,1105.6181733333333,741.6648333333334,625.06904,767.2989333333334,770.2215,1314.6495666666667,1164.97155,1015.1666666666666,1015.8833333333333,0.0,0.0,17.0,15.5,-0.9439837433578356,-0.7163128427270958,-0.2529396817008404,-0.5496461760604293,4.0,4.0,-0.433883739117558,-0.433883739117558,-0.9009688679024191,-0.9009688679024191,4.0,4.0,0.8660254037844387,0.8660254037844387,-0.4999999999999998,-0.4999999999999998
2025-04-18 19:00:00+00:00,32.168,20.107746,49.0,34.87603,1011.3139,0.0,0.0,0.0,0.7011299,2.4461784,19.453327,128.991,33.48,1.0,3600.0,23.974432,615.0,879.0,104.0,879.0,820.6617,97.09763,820.6617,775.0,869.3933,1209.721,723.5641,811.69257,1129.433,1014.6,19,-0.9659258262890684,0.2588190451025203,4,-0.433883739117558,-0.9009688679024191,4,0.8660254037844387,-0.4999999999999998,32.267998,32.318,31.768,20.199173,21.520905,21.317759,49.0,53.0,54.0,35.68229,37.244358,37.63645,1011.5146,1011.81396,1012.3066,0.0,31.0,41.0,0.0,31.0,35.0,0.0,0.0,15.0,0.7462379,0.72485346,0.673711,2.4599915,2.2731864,2.1568308,17.713316,12.7279215,5.4119864,127.568665,118.7397,93.814,30.599998,22.319998,12.599999,1.0,1.0,1.0,3600.0,3600.0,3600.0,24.059975,24.84083,24.539719,605.0,590.0,595.0,950.0,936.0,887.0,156.0,204.0,190.0,950.0,936.0,887.0,921.0284,937.87634,918.4857,151.24255,204.40894,196.7444,921.0284,937.87634,918.4857,794.0,732.0,697.0,817.9967,741.007,740.08295,1317.2821,1340.6294,1278.1516,769.7858,733.4674,721.7413,793.0508,742.4925,766.3535,1277.1099,1343.3169,1323.5219,1014.8,1015.1,1015.6,0.0,0.0,0.0,18.0,17.0,16.0,-1.0,-0.9659258262890683,-0.8660254037844385,-1.8369701987210297e-16,-0.25881904510252063,-0.5000000000000004,4.0,4.0,4.0,-0.433883739117558,-0.433883739117558,-0.433883739117558,-0.9009688679024191,-0.9009688679024191,-0.9009688679024191,4.0,4.0,4.0,0.8660254037844387,0.8660254037844387,0.8660254037844387,-0.4999999999999998,-0.4999999999999998,-0.4999999999999998,32.25133266666666,31.1596665,20.609274666666664,21.041944166666664,50.333333333333336,55.333333333333336,35.934226,35.66116533333334,1011.5474866666667,1012.2168349999998,10.333333333333334,21.0,10.333333333333334,20.0,0.0,2.5,0.7240737533333332,0.64087821,2.393118766666667,2.0518093499999996,16.6315215,10.457009133333335,125.09978833333334,136.64013716666668,28.799998666666667,20.159998833333333,1.0,1.0,3600.0,3600.0,24.291745666666667,24.18192666666667,603.3333333333334,597.5,921.6666666666666,838.6666666666666,154.66666666666666,164.33333333333334,921.6666666666666,838.6666666666666,893.1888133333333,852.5315466666667,150.91637333333333,168.87996166666667,893.1888133333333,852.5315466666666,767.0,674.3333333333334,809.4656666666666,760.2240083333332,1289.2108333333333,1199.6861066666668,742.2724333333334,683.6515766666666,782.4119566666665,775.0783283333334,1249.9532666666667,1221.57605,1014.8333333333334,1015.5166666666668,0.0,0.0,18.0,16.5,-0.9772838841927122,-0.8341639729248538,-1.295260195396016e-16,-0.3455220308284979,4.0,4.0,-0.433883739117558,-0.433883739117558,-0.9009688679024191,-0.9009688679024191,4.0,4.0,0.8660254037844387,0.8660254037844387,-0.4999999999999998,-0.4999999999999998
2025-04-18 20:00:00+00:00,31.668001,20.296623,51.0,33.549778,1011.1093,0.0,0.0,0.0,0.594921,2.2847314,20.466246,129.28938,35.28,1.0,3600.0,23.9134,590.0,726.0,90.0,726.0,644.62317,79.911964,644.62317,636.0,841.7778,1025.2961,564.71124,747.4235,910.3714,1014.4,20,-0.8660254037844386,0.5000000000000001,4,-0.433883739117558,-0.9009688679024191,4,0.8660254037844387,-0.4999999999999998,32.168,32.267998,32.318,20.107746,20.199173,21.520905,49.0,49.0,53.0,34.87603,35.68229,37.244358,1011.3139,1011.5146,1011.81396,0.0,0.0,31.0,0.0,0.0,31.0,0.0,0.0,0.0,0.7011299,0.7462379,0.72485346,2.4461784,2.4599915,2.2731864,19.453327,17.713316,12.7279215,128.991,127.568665,118.7397,33.48,30.599998,22.319998,1.0,1.0,1.0,3600.0,3600.0,3600.0,23.974432,24.059975,24.84083,615.0,605.0,590.0,879.0,950.0,936.0,104.0,156.0,204.0,879.0,950.0,936.0,820.6617,921.0284,937.87634,97.09763,151.24255,204.40894,820.6617,921.0284,937.87634,775.0,794.0,732.0,869.3933,817.9967,741.007,1209.721,1317.2821,1340.6294,723.5641,769.7858,733.4674,811.69257,793.0508,742.4925,1129.433,1277.1099,1343.3169,1014.6,1014.8,1015.1,0.0,0.0,0.0,19.0,18.0,17.0,-0.9659258262890684,-1.0,-0.9659258262890683,0.2588190451025203,-1.8369701987210297e-16,-0.25881904510252063,4.0,4.0,4.0,-0.433883739117558,-0.433883739117558,-0.433883739117558,-0.9009688679024191,-0.9009688679024191,-0.9009688679024191,4.0,4.0,4.0,0.8660254037844387,0.8660254037844387,0.8660254037844387,-0.4999999999999998,-0.4999999999999998,-0.4999999999999998,32.034666333333334,31.701333166666668,20.201180666666666,20.808182666666667,49.666666666666664,52.666666666666664,34.702699333333335,35.764386,1011.3125999999999,1011.8406183333333,0.0,16.833333333333332,0.0,15.833333333333334,0.0,2.5,0.6807629333333334,0.66665396,2.3969671,2.2197534666666665,19.210963000000003,13.08574585,128.61634833333332,103.60022716666667,33.11999933333333,24.179999,1.0,1.0,3600.0,3600.0,23.982602333333336,24.223341666666666,603.3333333333334,602.5,851.6666666666666,856.3333333333334,116.66666666666667,158.16666666666666,851.6666666666666,856.3333333333334,795.4377566666666,843.2691583333334,109.41738133333332,158.29403066666666,795.4377566666667,843.2691583333334,735.0,698.1666666666666,843.0559333333332,779.073025,1184.0997333333332,1217.52815,686.02038,684.9751233333333,784.0556233333333,762.4923283333333,1105.6381000000001,1200.4680500000002,1014.6,1015.1333333333333,0.0,0.0,19.0,17.5,-0.9439837433578356,-0.8951682068889268,0.2529396817008401,-0.11785113019775813,4.0,4.0,-0.433883739117558,-0.433883739117558,-0.9009688679024191,-0.9009688679024191,4.0,4.0,0.8660254037844387,0.8660254037844387,-0.4999999999999998,-0.4999999999999998
2025-04-18 21:00:00+00:00,30.468,20.99152,57.0,31.64014,1011.19586,5.0,0.0,5.0,0.4388322,1.8725915,21.897945,133.66785,37.44,1.0,3600.0,23.913511,625.0,515.0,81.0,515.0,421.01645,66.218124,421.01645,434.0,758.35614,776.59784,354.79834,619.962,634.87476,1014.5,21,-0.7071067811865477,0.7071067811865474,4,-0.433883739117558,-0.9009688679024191,4,0.8660254037844387,-0.4999999999999998,31.668001,32.168,32.267998,20.296623,20.107746,20.199173,51.0,49.0,49.0,33.549778,34.87603,35.68229,1011.1093,1011.3139,1011.5146,0.0,0.0,0.0,0.0,0.0,0.0,0.0,0.0,0.0,0.594921,0.7011299,0.7462379,2.2847314,2.4461784,2.4599915,20.466246,19.453327,17.713316,129.28938,128.991,127.568665,35.28,33.48,30.599998,1.0,1.0,1.0,3600.0,3600.0,3600.0,23.9134,23.974432,24.059975,590.0,615.0,605.0,726.0,879.0,950.0,90.0,104.0,156.0,726.0,879.0,950.0,644.62317,820.6617,921.0284,79.911964,97.09763,151.24255,644.62317,820.6617,921.0284,636.0,775.0,794.0,841.7778,869.3933,817.9967,1025.2961,1209.721,1317.2821,564.71124,723.5641,769.7858,747.4235,811.69257,793.0508,910.3714,1129.433,1277.1099,1014.4,1014.6,1014.8,0.0,0.0,0.0,20.0,19.0,18.0,-0.8660254037844386,-0.9659258262890684,-1.0,0.5000000000000001,0.2588190451025203,-1.8369701987210297e-16,4.0,4.0,4.0,-0.433883739117558,-0.433883739117558,-0.433883739117558,-0.9009688679024191,-0.9009688679024191,-0.9009688679024191,4.0,4.0,4.0,0.8660254037844387,0.8660254037844387,0.8660254037844387,-0.4999999999999998,-0.4999999999999998,-0.4999999999999998,31.434667,31.776333166666664,20.465296333333335,20.738954333333332,52.333333333333336,52.166666666666664,33.355316,35.104841,1011.2063533333334,1011.5423700000001,1.6666666666666667,12.833333333333334,0.0,11.0,1.6666666666666667,3.3333333333333335,0.5782943666666667,0.6466142433333334,2.2011670999999997,2.2489183333333336,20.605839333333336,16.27845698333333,130.64941000000002,122.01176583333331,35.4,28.61999916666667,1.0,1.0,3600.0,3600.0,23.933781,24.206977833333337,610.0,603.3333333333334,706.6666666666666,815.5,91.66666666666667,137.5,706.6666666666666,815.5,628.7671066666666,777.2819600000001,81.07590599999999,132.60393466666667,628.7671066666667,777.2819599999999,615.0,678.0,823.1757466666667,794.7689816666666,1003.8716466666666,1157.94634,547.6912266666667,644.6780299999999,726.3593566666667,746.829145,891.5597200000001,1103.1046433333333,1014.5,1014.8333333333334,0.0,0.0,20.0,18.5,-0.8463526704200183,-0.895168206888927,0.488641942096356,0.11785113019775773,4.0,4.0,-0.433883739117558,-0.433883739117558,-0.9009688679024191,-0.9009688679024191,4.0,4.0,0.8660254037844387,0.8660254037844387,-0.4999999999999998,-0.4999999999999998
2025-04-18 22:00:00+00:00,29.168001,21.66104,64.0,30.851528,1011.48096,40.0,0.0,40.0,0.26089692,1.4549339,20.88,136.39711,37.44,1.0,3600.0,23.886198,600.0,266.0,76.0,266.0,178.0753,50.878654,178.0753,190.0,536.4702,480.5931,127.19664,359.1432,321.73593,1014.8,22,-0.5000000000000004,0.8660254037844384,4,-0.433883739117558,-0.9009688679024191,4,0.8660254037844387,-0.4999999999999998,30.468,31.668001,32.168,20.99152,20.296623,20.107746,57.0,51.0,49.0,31.64014,33.549778,34.87603,1011.19586,1011.1093,1011.3139,5.0,0.0,0.0,0.0,0.0,0.0,5.0,0.0,0.0,0.4388322,0.594921,0.7011299,1.8725915,2.2847314,2.4461784,21.897945,20.466246,19.453327,133.66785,129.28938,128.991,37.44,35.28,33.48,1.0,1.0,1.0,3600.0,3600.0,3600.0,23.913511,23.9134,23.974432,625.0,590.0,615.0,515.0,726.0,879.0,81.0,90.0,104.0,515.0,726.0,879.0,421.01645,644.62317,820.6617,66.218124,79.911964,97.09763,421.01645,644.62317,820.6617,434.0,636.0,775.0,758.35614,841.7778,869.3933,776.59784,1025.2961,1209.721,354.79834,564.71124,723.5641,619.962,747.4235,811.69257,634.87476,910.3714,1129.433,1014.5,1014.4,1014.6,0.0,0.0,0.0,21.0,20.0,19.0,-0.7071067811865477,-0.8660254037844386,-0.9659258262890684,0.7071067811865474,0.5000000000000001,0.2588190451025203,4.0,4.0,4.0,-0.433883739117558,-0.433883739117558,-0.433883739117558,-0.9009688679024191,-0.9009688679024191,-0.9009688679024191,4.0,4.0,4.0,0.8660254037844387,0.8660254037844387,0.8660254037844387,-0.4999999999999998,-0.4999999999999998,-0.4999999999999998,30.434667333333334,31.343,20.983061000000003,20.79616783333333,57.333333333333336,53.833333333333336,32.01381533333333,33.97402066666667,1011.26204,1011.4047633333334,15.0,12.666666666666666,0.0,5.166666666666667,15.0,7.5,0.43155004,0.5778118966666667,1.8707522666666667,2.1319355166666667,21.081397,18.85645925,133.11811333333333,129.10895083333332,36.72,32.75999933333333,1.0,1.0,3600.0,3600.0,23.904369666666668,24.098057666666666,605.0,604.1666666666666,502.3333333333333,712.0,82.33333333333333,118.5,502.3333333333333,712.0,414.57163999999995,653.8802266666667,65.66958066666668,108.292977,414.57163999999995,653.8802266666667,420.0,593.5,712.20138,760.8335233333333,760.8290133333334,1025.0199233333333,348.90207333333336,545.5872533333333,575.5095666666666,678.9607616666666,622.3273633333334,936.140315,1014.5666666666666,1014.6999999999999,0.0,0.0,21.0,19.5,-0.6910440616569956,-0.8341639729248539,0.6910440616569954,0.3455220308284976,4.0,4.0,-0.433883739117558,-0.433883739117558,-0.9009688679024191,-0.9009688679024191,4.0,4.0,0.8660254037844387,0.8660254037844387,-0.4999999999999998,-0.4999999999999998
2025-04-18 23:00:00+00:00,27.418001,22.148623,73.0,29.635849,1012.0597,57.0,0.0,57.0,0.108217984,0.98573494,19.09358,135.76381,35.28,1.0,1665.5359,23.633245,525.0,54.0,32.0,53.999996,0.0,0.0,0.0,22.0,141.80327,157.47348,0.0,0.0,0.0,1015.4,23,-0.25881904510252157,0.9659258262890681,4,-0.433883739117558,-0.9009688679024191,4,0.8660254037844387,-0.4999999999999998,29.168001,30.468,31.668001,21.66104,20.99152,20.296623,64.0,57.0,51.0,30.851528,31.64014,33.549778,1011.48096,1011.19586,1011.1093,40.0,5.0,0.0,0.0,0.0,0.0,40.0,5.0,0.0,0.26089692,0.4388322,0.594921,1.4549339,1.8725915,2.2847314,20.88,21.897945,20.466246,136.39711,133.66785,129.28938,37.44,37.44,35.28,1.0,1.0,1.0,3600.0,3600.0,3600.0,23.886198,23.913511,23.9134,600.0,625.0,590.0,266.0,515.0,726.0,76.0,81.0,90.0,266.0,515.0,726.0,178.0753,421.01645,644.62317,50.878654,66.218124,79.911964,178.0753,421.01645,644.62317,190.0,434.0,636.0,536.4702,758.35614,841.7778,480.5931,776.59784,1025.2961,127.19664,354.79834,564.71124,359.1432,619.962,747.4235,321.73593,634.87476,910.3714,1014.8,1014.5,1014.4,0.0,0.0,0.0,22.0,21.0,20.0,-0.5000000000000004,-0.7071067811865477,-0.8660254037844386,0.8660254037844384,0.7071067811865474,0.5000000000000001,4.0,4.0,4.0,-0.433883739117558,-0.433883739117558,-0.433883739117558,-0.9009688679024191,-0.9009688679024191,-0.9009688679024191,4.0,4.0,4.0,0.8660254037844387,0.8660254037844387,0.8660254037844387,-0.4999999999999998,-0.4999999999999998,-0.4999999999999998,29.018000666666666,30.526333500000003,21.600394333333337,20.9007875,64.66666666666667,57.166666666666664,30.70917233333334,32.705935833333335,1011.57884,1011.44572,34.0,17.0,0.0,0.0,34.0,17.0,0.2693157013333333,0.4750393173333333,1.4377534466666664,1.917360273333333,20.623841666666667,19.91740233333333,135.27625666666665,131.9463025,36.72,34.91999966666667,1.0,1.0,2955.1786333333334,3277.5893166666665,23.810984666666666,23.8967935,583.3333333333334,593.3333333333334,278.3333333333333,565.0,63.0,89.83333333333333,278.333332,564.9999993333333,199.69724999999997,497.5675033333334,39.032259333333336,74.22482033333334,199.69725000000003,497.5675033333334,215.33333333333334,475.1666666666667,478.87653666666665,660.966235,471.5548066666667,827.8272699999999,160.66499333333337,423.3426866666666,326.36839999999995,555.2120116666666,318.87023000000005,712.254165,1014.9,1014.75,0.0,0.0,22.0,20.5,-0.4886419420963566,-0.716312842727096,0.846352670420018,0.549646176060429,4.0,4.0,-0.433883739117558,-0.433883739117558,-0.9009688679024191,-0.9009688679024191,4.0,4.0,0.8660254037844387,0.8660254037844387,-0.4999999999999998,-0.4999999999999998
2025-04-19 00:00:00+00:00,26.568,22.416756,78.0,29.77488,1012.6482,52.0,20.0,41.0,0.038752425,0.76412845,13.363711,152.74475,31.319998,0.0,0.0,23.550655,425.0,0.0,0.0,0.0,0.0,0.0,0.0,0.0,0.0,0.0,0.0,0.0,0.0,1016.0,0,0.0,1.0,5,-0.9749279121818236,-0.2225209339563146,4,0.8660254037844387,-0.4999999999999998,27.418001,29.168001,30.468,22.148623,21.66104,20.99152,73.0,64.0,57.0,29.635849,30.851528,31.64014,1012.0597,1011.48096,1011.19586,57.0,40.0,5.0,0.0,0.0,0.0,57.0,40.0,5.0,0.108217984,0.26089692,0.4388322,0.98573494,1.4549339,1.8725915,19.09358,20.88,21.897945,135.76381,136.39711,133.66785,35.28,37.44,37.44,1.0,1.0,1.0,1665.5359,3600.0,3600.0,23.633245,23.886198,23.913511,525.0,600.0,625.0,54.0,266.0,515.0,32.0,76.0,81.0,53.999996,266.0,515.0,0.0,178.0753,421.01645,0.0,50.878654,66.218124,0.0,178.0753,421.01645,22.0,190.0,434.0,141.80327,536.4702,758.35614,157.47348,480.5931,776.59784,0.0,127.19664,354.79834,0.0,359.1432,619.962,0.0,321.73593,634.87476,1015.4,1014.8,1014.5,0.0,0.0,0.0,23.0,22.0,21.0,-0.25881904510252157,-0.5000000000000004,-0.7071067811865477,0.9659258262890681,0.8660254037844384,0.7071067811865474,4.0,4.0,4.0,-0.433883739117558,-0.433883739117558,-0.433883739117558,-0.9009688679024191,-0.9009688679024191,-0.9009688679024191,4.0,4.0,4.0,0.8660254037844387,0.8660254037844387,0.8660254037844387,-0.4999999999999998,-0.4999999999999998,-0.4999999999999998,27.71800066666667,29.576333833333333,22.075473,21.27038466666667,71.66666666666667,62.0,30.087419,31.7213675,1012.0629533333334,1011.6346533333332,49.666666666666664,25.666666666666668,6.666666666666667,3.3333333333333335,46.0,23.833333333333332,0.13595577633333333,0.35712507150000006,1.0682657633333332,1.6347164316666667,17.779096999999997,19.192468166666668,141.63522333333333,136.1423166666667,34.679999333333335,35.03999966666667,0.6666666666666666,0.8333333333333334,1755.1786333333332,2677.589316666667,23.690032666666667,23.811906833333335,516.6666666666666,563.3333333333334,106.66666666666667,406.6666666666667,36.0,63.833333333333336,106.66666533333334,406.666666,59.358433333333295,344.06277,16.959551333333334,49.01772866666666,59.35843333333333,344.06277,70.66666666666667,342.8333333333333,226.09115666666665,524.6334516666666,212.68885999999998,608.2802533333333,42.39888000000004,295.0450533333333,119.71439999999996,423.03687833333333,107.24531000000007,499.402515,1015.4,1014.9499999999999,0.0,0.0,15.0,17.5,-0.2529396817008407,-0.5496461760604295,0.9439837433578355,0.7163128427270956,4.333333333333333,4.166666666666667,-0.6142317968056465,-0.5240577679616023,-0.674819556587051,-0.7878942122447351,4.0,4.0,0.8660254037844387,0.8660254037844387,-0.4999999999999998,-0.4999999999999998
2025-04-19 01:00:00+00:00,26.118,22.189535,79.0,30.090004,1012.94214,39.0,29.0,29.0,0.014236568,0.7103286,7.2359104,174.2895,23.039999,0.0,0.0,23.262104,280.0,0.0,0.0,0.0,0.0,0.0,0.0,0.0,0.0,0.0,0.0,0.0,0.0,1016.3,1,0.25881904510252074,0.9659258262890683,5,-0.9749279121818236,-0.2225209339563146,4,0.8660254037844387,-0.4999999999999998,26.568,27.418001,29.168001,22.416756,22.148623,21.66104,78.0,73.0,64.0,29.77488,29.635849,30.851528,1012.6482,1012.0597,1011.48096,52.0,57.0,40.0,20.0,0.0,0.0,41.0,57.0,40.0,0.038752425,0.108217984,0.26089692,0.76412845,0.98573494,1.4549339,13.363711,19.09358,20.88,152.74475,135.76381,136.39711,31.319998,35.28,37.44,0.0,1.0,1.0,0.0,1665.5359,3600.0,23.550655,23.633245,23.886198,425.0,525.0,600.0,0.0,54.0,266.0,0.0,32.0,76.0,0.0,53.999996,266.0,0.0,0.0,178.0753,0.0,0.0,50.878654,0.0,0.0,178.0753,0.0,22.0,190.0,0.0,141.80327,536.4702,0.0,157.47348,480.5931,0.0,0.0,127.19664,0.0,0.0,359.1432,0.0,0.0,321.73593,1016.0,1015.4,1014.8,0.0,0.0,0.0,0.0,23.0,22.0,0.0,-0.25881904510252157,-0.5000000000000004,1.0,0.9659258262890681,0.8660254037844384,5.0,4.0,4.0,-0.9749279121818236,-0.433883739117558,-0.433883739117558,-0.2225209339563146,-0.9009688679024191,-0.9009688679024191,4.0,4.0,4.0,0.8660254037844387,0.8660254037844387,0.8660254037844387,-0.4999999999999998,-0.4999999999999998,-0.4999999999999998,26.701333666666667,28.5680005,22.251638,21.6173495,76.66666666666667,67.0,29.83357766666667,30.923696500000002,1012.5500133333334,1011.9060266666667,49.333333333333336,32.166666666666664,16.333333333333332,8.166666666666666,42.333333333333336,28.666666666666668,0.053735659,0.2426428495,0.8200639966666666,1.3454081316666666,13.231067133333333,17.156232066666664,154.26602,143.69206666666668,29.879998999999998,33.2999995,0.3333333333333333,0.6666666666666666,555.1786333333333,2077.589316666667,23.482001333333333,23.6931855,410.0,507.5,18.0,260.1666666666667,10.666666666666666,46.5,17.999998666666666,260.166666,0.0,207.28581999999997,0.0,32.83479033333334,0.0,207.28581999999997,7.333333333333333,213.66666666666666,47.26775666666666,379.7345683333333,52.49116,406.6600866666667,0.0,174.45103666666662,0.0,287.7547833333333,0.0,311.16368166666666,1015.9,1015.2333333333332,0.0,0.0,8.0,14.5,-2.7755575615628914e-16,-0.3455220308284979,0.9772838841927122,0.8341639729248538,4.666666666666667,4.333333333333333,-0.794579854493735,-0.6142317968056465,-0.4486702452716828,-0.674819556587051,4.0,4.0,0.8660254037844387,0.8660254037844387,-0.4999999999999998,-0.4999999999999998
2025-04-19 02:00:00+00:00,25.268,22.369501,84.0,29.583519,1013.43097,41.0,30.0,31.0,0.0017793432,0.51463366,5.5887027,194.93147,12.599999,0.0,0.0,23.138046,230.0,0.0,0.0,0.0,0.0,0.0,0.0,0.0,0.0,0.0,0.0,0.0,0.0,1016.8,2,0.49999999999999994,0.8660254037844387,5,-0.9749279121818236,-0.2225209339563146,4,0.8660254037844387,-0.4999999999999998,26.118,26.568,27.418001,22.189535,22.416756,22.148623,79.0,78.0,73.0,30.090004,29.77488,29.635849,1012.94214,1012.6482,1012.0597,39.0,52.0,57.0,29.0,20.0,0.0,29.0,41.0,57.0,0.014236568,0.038752425,0.108217984,0.7103286,0.76412845,0.98573494,7.2359104,13.363711,19.09358,174.2895,152.74475,135.76381,23.039999,31.319998,35.28,0.0,0.0,1.0,0.0,0.0,1665.5359,23.262104,23.550655,23.633245,280.0,425.0,525.0,0.0,0.0,54.0,0.0,0.0,32.0,0.0,0.0,53.999996,0.0,0.0,0.0,0.0,0.0,0.0,0.0,0.0,0.0,0.0,0.0,22.0,0.0,0.0,141.80327,0.0,0.0,157.47348,0.0,0.0,0.0,0.0,0.0,0.0,0.0,0.0,0.0,1016.3,1016.0,1015.4,0.0,0.0,0.0,1.0,0.0,23.0,0.25881904510252074,0.0,-0.25881904510252157,0.9659258262890683,1.0,0.9659258262890681,5.0,5.0,4.0,-0.9749279121818236,-0.9749279121818236,-0.433883739117558,-0.2225209339563146,-0.2225209339563146,-0.9009688679024191,4.0,4.0,4.0,0.8660254037844387,0.8660254037844387,0.8660254037844387,-0.4999999999999998,-0.4999999999999998,-0.4999999999999998,25.98466666666667,27.501333666666664,22.325264,21.962829166666666,80.33333333333333,72.5,29.816134333333338,30.262653333333333,1013.0071033333334,1012.2929716666667,44.0,39.0,26.333333333333332,13.166666666666666,33.666666666666664,33.833333333333336,0.018256112066666667,0.1437859067,0.6630302366666666,1.0503918416666664,8.729441366666666,14.676641516666665,173.98857333333333,154.632415,22.319998666666667,29.51999933333333,0.0,0.5,0.0,1477.5893166666667,23.316935,23.56395983333333,311.6666666666667,447.5,0.0,139.16666666666666,0.0,31.5,0.0,139.166666,0.0,99.84862500000001,0.0,19.516129666666668,0.0,99.84862500000001,0.0,107.66666666666667,0.0,239.43826833333333,0.0,235.77740333333335,0.0,80.33249666666664,0.0,163.18419999999998,0.0,159.435115,1016.3666666666667,1015.6333333333333,0.0,0.0,1.0,11.5,0.25293968170084025,-0.11785113019775821,0.9439837433578356,0.8951682068889268,5.0,4.5,-0.9749279121818236,-0.7044058256496908,-0.2225209339563146,-0.5617449009293669,4.0,4.0,0.8660254037844387,0.8660254037844387,-0.4999999999999998,-0.4999999999999998
2025-04-19 03:00:00+00:00,24.718,22.21725,86.0,28.888973,1013.62427,47.0,38.0,31.0,0.0003554782,0.4358108,5.991594,212.73521,9.72,0.0,0.0,22.87586,255.0,0.0,0.0,0.0,0.0,0.0,0.0,0.0,0.0,0.0,0.0,0.0,0.0,1017.0,3,0.7071067811865476,0.7071067811865476,5,-0.9749279121818236,-0.2225209339563146,4,0.8660254037844387,-0.4999999999999998,25.268,26.118,26.568,22.369501,22.189535,22.416756,84.0,79.0,78.0,29.583519,30.090004,29.77488,1013.43097,1012.94214,1012.6482,41.0,39.0,52.0,30.0,29.0,20.0,31.0,29.0,41.0,0.0017793432,0.014236568,0.038752425,0.51463366,0.7103286,0.76412845,5.5887027,7.2359104,13.363711,194.93147,174.2895,152.74475,12.599999,23.039999,31.319998,0.0,0.0,0.0,0.0,0.0,0.0,23.138046,23.262104,23.550655,230.0,280.0,425.0,0.0,0.0,0.0,0.0,0.0,0.0,0.0,0.0,0.0,0.0,0.0,0.0,0.0,0.0,0.0,0.0,0.0,0.0,0.0,0.0,0.0,0.0,0.0,0.0,0.0,0.0,0.0,0.0,0.0,0.0,0.0,0.0,0.0,0.0,0.0,0.0,1016.8,1016.3,1016.0,0.0,0.0,0.0,2.0,1.0,0.0,0.49999999999999994,0.25881904510252074,0.0,0.8660254037844387,0.9659258262890683,1.0,5.0,5.0,5.0,-0.9749279121818236,-0.9749279121818236,-0.9749279121818236,-0.2225209339563146,-0.2225209339563146,-0.2225209339563146,4.0,4.0,4.0,0.8660254037844387,0.8660254037844387,0.8660254037844387,-0.4999999999999998,-0.4999999999999998,-0.4999999999999998,25.368,26.543000333333335,22.258762,22.1671175,83.0,77.33333333333333,29.520832000000002,29.804125499999998,1013.33246,1012.6977066666668,42.333333333333336,46.0,32.333333333333336,19.5,30.333333333333332,38.166666666666664,0.005457129799999999,0.07070645306666666,0.5535910199999999,0.8109283916666664,6.2720690333333335,12.025583016666666,193.9853933333333,167.81030833333332,15.119999333333338,24.89999933333333,0.0,0.3333333333333333,0.0,877.5893166666666,23.092003333333334,23.391018000000003,255.0,385.8333333333333,0.0,53.333333333333336,0.0,18.0,0.0,53.33333266666667,0.0,29.679216666666665,0.0,8.479775666666667,0.0,29.679216666666665,0.0,35.333333333333336,0.0,113.04557833333332,0.0,106.34442999999999,0.0,21.19943999999998,0.0,59.85719999999998,0.0,53.622655,1016.6999999999999,1016.0500000000001,0.0,0.0,2.0,8.5,0.4886419420963561,0.11785113019775768,0.8463526704200183,0.8951682068889268,5.0,4.666666666666667,-0.9749279121818236,-0.794579854493735,-0.2225209339563146,-0.4486702452716827,4.0,4.0,0.8660254037844387,0.8660254037844387,-0.4999999999999998,-0.4999999999999998
2025-04-19 04:00:00+00:00,24.218,21.726536,86.0,28.187908,1013.3195,71.0,47.0,48.0,0.0,0.42300367,5.495161,211.60745,16.919998,0.0,0.0,22.388168,320.0,0.0,0.0,0.0,0.0,0.0,0.0,0.0,0.0,0.0,0.0,0.0,0.0,1016.7,4,0.8660254037844386,0.5000000000000001,5,-0.9749279121818236,-0.2225209339563146,4,0.8660254037844387,-0.4999999999999998,24.718,25.268,26.118,22.21725,22.369501,22.189535,86.0,84.0,79.0,28.888973,29.583519,30.090004,1013.62427,1013.43097,1012.94214,47.0,41.0,39.0,38.0,30.0,29.0,31.0,31.0,29.0,0.0003554782,0.0017793432,0.014236568,0.4358108,0.51463366,0.7103286,5.991594,5.5887027,7.2359104,212.73521,194.93147,174.2895,9.72,12.599999,23.039999,0.0,0.0,0.0,0.0,0.0,0.0,22.87586,23.138046,23.262104,255.0,230.0,280.0,0.0,0.0,0.0,0.0,0.0,0.0,0.0,0.0,0.0,0.0,0.0,0.0,0.0,0.0,0.0,0.0,0.0,0.0,0.0,0.0,0.0,0.0,0.0,0.0,0.0,0.0,0.0,0.0,0.0,0.0,0.0,0.0,0.0,0.0,0.0,0.0,1017.0,1016.8,1016.3,0.0,0.0,0.0,3.0,2.0,1.0,0.7071067811865476,0.49999999999999994,0.25881904510252074,0.7071067811865476,0.8660254037844387,0.9659258262890683,5.0,5.0,5.0,-0.9749279121818236,-0.9749279121818236,-0.9749279121818236,-0.2225209339563146,-0.2225209339563146,-0.2225209339563146,4.0,4.0,4.0,0.8660254037844387,0.8660254037844387,0.8660254037844387,-0.4999999999999998,-0.4999999999999998,-0.4999999999999998,24.73466666666667,25.718000166666666,22.104429,22.178033499999998,85.33333333333333,81.0,28.886800000000004,29.360188833333336,1013.4582466666666,1013.0041299999999,53.0,51.166666666666664,38.333333333333336,27.333333333333332,36.666666666666664,39.5,0.0007116071333333334,0.02722363306666667,0.4578160433333333,0.6389400199999998,5.691819233333334,9.461443183333332,206.42471,180.34536500000002,13.079999000000003,21.479999000000003,0.0,0.16666666666666666,0.0,277.58931666666666,22.800691333333333,23.14134633333333,268.3333333333333,339.1666666666667,0.0,9.0,0.0,5.333333333333333,0.0,8.999999333333333,0.0,0.0,0.0,0.0,0.0,0.0,0.0,3.6666666666666665,0.0,23.63387833333333,0.0,26.24558,0.0,0.0,0.0,0.0,0.0,0.0,1016.8333333333334,1016.3666666666667,0.0,0.0,3.0,5.5,0.6910440616569954,0.3455220308284976,0.6910440616569956,0.8341639729248538,5.0,4.833333333333333,-0.9749279121818236,-0.8847538833377793,-0.2225209339563146,-0.33559558961399866,4.0,4.0,0.8660254037844387,0.8660254037844387,-0.4999999999999998,-0.4999999999999998
2025-04-19 05:00:00+00:00,23.768,21.473581,87.0,27.843216,1012.8161,80.0,62.0,57.0,0.0,0.38234067,3.8268526,221.18582,16.56,0.0,0.0,22.082422,345.0,0.0,0.0,0.0,0.0,0.0,0.0,0.0,0.0,0.0,0.0,0.0,0.0,1016.2,5,0.9659258262890683,0.25881904510252074,5,-0.9749279121818236,-0.2225209339563146,4,0.8660254037844387,-0.4999999999999998,24.218,24.718,25.268,21.726536,22.21725,22.369501,86.0,86.0,84.0,28.187908,28.888973,29.583519,1013.3195,1013.62427,1013.43097,71.0,47.0,41.0,47.0,38.0,30.0,48.0,31.0,31.0,0.0,0.0003554782,0.0017793432,0.42300367,0.4358108,0.51463366,5.495161,5.991594,5.5887027,211.60745,212.73521,194.93147,16.919998,9.72,12.599999,0.0,0.0,0.0,0.0,0.0,0.0,22.388168,22.87586,23.138046,320.0,255.0,230.0,0.0,0.0,0.0,0.0,0.0,0.0,0.0,0.0,0.0,0.0,0.0,0.0,0.0,0.0,0.0,0.0,0.0,0.0,0.0,0.0,0.0,0.0,0.0,0.0,0.0,0.0,0.0,0.0,0.0,0.0,0.0,0.0,0.0,0.0,0.0,0.0,1016.7,1017.0,1016.8,0.0,0.0,0.0,4.0,3.0,2.0,0.8660254037844386,0.7071067811865476,0.49999999999999994,0.5000000000000001,0.7071067811865476,0.8660254037844387,5.0,5.0,5.0,-0.9749279121818236,-0.9749279121818236,-0.9749279121818236,-0.2225209339563146,-0.2225209339563146,-0.2225209339563146,4.0,4.0,4.0,0.8660254037844387,0.8660254037844387,0.8660254037844387,-0.4999999999999998,-0.4999999999999998,-0.4999999999999998,24.23466666666667,25.109666666666666,21.805789,22.0655265,86.33333333333333,83.33333333333333,28.306699000000005,29.06141666666667,1013.25329,1013.1301966666666,66.0,55.0,49.0,37.666666666666664,45.333333333333336,39.5,0.00011849273333333334,0.0091873024,0.41371838,0.5383743083333331,5.104535866666667,6.916988616666667,215.17615999999998,194.58236666666667,14.399999333333335,18.359999,0.0,0.0,0.0,0.0,22.44881666666667,22.882875833333333,306.6666666666667,309.1666666666667,0.0,0.0,0.0,0.0,0.0,0.0,0.0,0.0,0.0,0.0,0.0,0.0,0.0,0.0,0.0,0.0,0.0,0.0,0.0,0.0,0.0,0.0,0.0,0.0,1016.6333333333333,1016.5,0.0,0.0,4.0,2.5,0.8463526704200182,0.5496461760604292,0.4886419420963562,0.7163128427270959,5.0,5.0,-0.9749279121818236,-0.9749279121818236,-0.2225209339563146,-0.2225209339563146,4.0,4.0,0.8660254037844387,0.8660254037844387,-0.4999999999999998,-0.4999999999999998
2025-04-19 06:00:00+00:00,23.418001,21.315891,88.0,27.331934,1012.1143,41.0,41.0,0.0,0.0,0.34558296,4.3498964,204.44394,7.5599995,0.0,0.0,21.87238,365.0,0.0,0.0,0.0,0.0,0.0,0.0,0.0,0.0,0.0,0.0,0.0,0.0,1015.5,6,1.0,6.123233995736766e-17,5,-0.9749279121818236,-0.2225209339563146,4,0.8660254037844387,-0.4999999999999998,23.768,24.218,24.718,21.473581,21.726536,22.21725,87.0,86.0,86.0,27.843216,28.187908,28.888973,1012.8161,1013.3195,1013.62427,80.0,71.0,47.0,62.0,47.0,38.0,57.0,48.0,31.0,0.0,0.0,0.0003554782,0.38234067,0.42300367,0.4358108,3.8268526,5.495161,5.991594,221.18582,211.60745,212.73521,16.56,16.919998,9.72,0.0,0.0,0.0,0.0,0.0,0.0,22.082422,22.388168,22.87586,345.0,320.0,255.0,0.0,0.0,0.0,0.0,0.0,0.0,0.0,0.0,0.0,0.0,0.0,0.0,0.0,0.0,0.0,0.0,0.0,0.0,0.0,0.0,0.0,0.0,0.0,0.0,0.0,0.0,0.0,0.0,0.0,0.0,0.0,0.0,0.0,0.0,0.0,0.0,1016.2,1016.7,1017.0,0.0,0.0,0.0,5.0,4.0,3.0,0.9659258262890683,0.8660254037844386,0.7071067811865476,0.25881904510252074,0.5000000000000001,0.7071067811865476,5.0,5.0,5.0,-0.9749279121818236,-0.9749279121818236,-0.9749279121818236,-0.2225209339563146,-0.2225209339563146,-0.2225209339563146,4.0,4.0,4.0,0.8660254037844387,0.8660254037844387,0.8660254037844387,-0.4999999999999998,-0.4999999999999998,-0.4999999999999998,23.801333666666665,24.584666833333333,21.505336,21.882049,87.0,85.0,27.787686000000004,28.654259,1012.7499666666666,1013.0412133333334,64.0,53.166666666666664,50.0,41.166666666666664,35.0,32.666666666666664,0.0,0.0027285648999999996,0.3836424333333333,0.46861672666666654,4.5573033333333335,5.414686183333333,212.41240333333334,203.19889833333332,13.67999916666667,14.399999250000002,0.0,0.0,0.0,0.0,22.11432333333333,22.60316333333333,343.3333333333333,299.1666666666667,0.0,0.0,0.0,0.0,0.0,0.0,0.0,0.0,0.0,0.0,0.0,0.0,0.0,0.0,0.0,0.0,0.0,0.0,0.0,0.0,0.0,0.0,0.0,0.0,1016.1333333333333,1016.4166666666666,0.0,0.0,5.0,3.5,0.9439837433578356,0.7163128427270958,0.25293968170084036,0.5496461760604293,5.0,5.0,-0.9749279121818236,-0.9749279121818236,-0.2225209339563146,-0.2225209339563146,4.0,4.0,0.8660254037844387,0.8660254037844387,-0.4999999999999998,-0.4999999999999998
2025-04-19 07:00:00+00:00,23.068,21.337574,90.0,27.111307,1011.5125,28.0,28.0,0.0,0.0,0.2819698,3.5455887,203.9625,7.2,0.0,0.0,21.791697,330.0,0.0,0.0,0.0,0.0,0.0,0.0,0.0,0.0,0.0,0.0,0.0,0.0,1014.9,7,0.9659258262890683,-0.25881904510252063,5,-0.9749279121818236,-0.2225209339563146,4,0.8660254037844387,-0.4999999999999998,23.418001,23.768,24.218,21.315891,21.473581,21.726536,88.0,87.0,86.0,27.331934,27.843216,28.187908,1012.1143,1012.8161,1013.3195,41.0,80.0,71.0,41.0,62.0,47.0,0.0,57.0,48.0,0.0,0.0,0.0,0.34558296,0.38234067,0.42300367,4.3498964,3.8268526,5.495161,204.44394,221.18582,211.60745,7.5599995,16.56,16.919998,0.0,0.0,0.0,0.0,0.0,0.0,21.87238,22.082422,22.388168,365.0,345.0,320.0,0.0,0.0,0.0,0.0,0.0,0.0,0.0,0.0,0.0,0.0,0.0,0.0,0.0,0.0,0.0,0.0,0.0,0.0,0.0,0.0,0.0,0.0,0.0,0.0,0.0,0.0,0.0,0.0,0.0,0.0,0.0,0.0,0.0,0.0,0.0,0.0,1015.5,1016.2,1016.7,0.0,0.0,0.0,6.0,5.0,4.0,1.0,0.9659258262890683,0.8660254037844386,6.123233995736766e-17,0.25881904510252074,0.5000000000000001,5.0,5.0,5.0,-0.9749279121818236,-0.9749279121818236,-0.9749279121818236,-0.2225209339563146,-0.2225209339563146,-0.2225209339563146,4.0,4.0,4.0,0.8660254037844387,0.8660254037844387,0.8660254037844387,-0.4999999999999998,-0.4999999999999998,-0.4999999999999998,23.418000333333335,24.0763335,21.375682,21.7400555,88.33333333333333,86.83333333333333,27.428819000000004,28.1578095,1012.1476333333334,1012.80294,49.666666666666664,51.333333333333336,43.666666666666664,41.0,19.0,27.833333333333332,0.0,0.0003558035666666667,0.3366311433333333,0.3972235933333332,3.9074459000000004,4.799632566666667,209.86408666666668,208.14439833333336,10.439999833333337,11.759999416666666,0.0,0.0,0.0,0.0,21.915499666666665,22.3580955,346.6666666666667,307.5,0.0,0.0,0.0,0.0,0.0,0.0,0.0,0.0,0.0,0.0,0.0,0.0,0.0,0.0,0.0,0.0,0.0,0.0,0.0,0.0,0.0,0.0,0.0,0.0,1015.5333333333334,1016.1833333333334,0.0,0.0,6.0,4.5,0.9772838841927122,0.8341639729248538,9.251858538542972e-17,0.3455220308284977,5.0,5.0,-0.9749279121818236,-0.9749279121818236,-0.2225209339563146,-0.2225209339563146,4.0,4.0,0.8660254037844387,0.8660254037844387,-0.4999999999999998,-0.4999999999999998
2025-04-19 08:00:00+00:00,22.868,21.320318,91.0,26.935247,1011.31067,27.0,27.0,0.0,0.0,0.25072455,3.319036,192.5288,5.7599998,0.0,0.0,21.7253,310.0,0.0,0.0,0.0,0.0,0.0,0.0,0.0,0.0,0.0,0.0,0.0,0.0,1014.7,8,0.8660254037844387,-0.4999999999999998,5,-0.9749279121818236,-0.2225209339563146,4,0.8660254037844387,-0.4999999999999998,23.068,23.418001,23.768,21.337574,21.315891,21.473581,90.0,88.0,87.0,27.111307,27.331934,27.843216,1011.5125,1012.1143,1012.8161,28.0,41.0,80.0,28.0,41.0,62.0,0.0,0.0,57.0,0.0,0.0,0.0,0.2819698,0.34558296,0.38234067,3.5455887,4.3498964,3.8268526,203.9625,204.44394,221.18582,7.2,7.5599995,16.56,0.0,0.0,0.0,0.0,0.0,0.0,21.791697,21.87238,22.082422,330.0,365.0,345.0,0.0,0.0,0.0,0.0,0.0,0.0,0.0,0.0,0.0,0.0,0.0,0.0,0.0,0.0,0.0,0.0,0.0,0.0,0.0,0.0,0.0,0.0,0.0,0.0,0.0,0.0,0.0,0.0,0.0,0.0,0.0,0.0,0.0,0.0,0.0,0.0,1014.9,1015.5,1016.2,0.0,0.0,0.0,7.0,6.0,5.0,0.9659258262890683,1.0,0.9659258262890683,-0.25881904510252063,6.123233995736766e-17,0.25881904510252074,5.0,5.0,5.0,-0.9749279121818236,-0.9749279121818236,-0.9749279121818236,-0.2225209339563146,-0.2225209339563146,-0.2225209339563146,4.0,4.0,4.0,0.8660254037844387,0.8660254037844387,0.8660254037844387,-0.4999999999999998,-0.4999999999999998,-0.4999999999999998,23.11800033333333,23.6763335,21.324594333333334,21.565191666666667,89.66666666666667,88.0,27.12616266666667,27.716430833333334,1011.6458233333333,1012.4495566666666,32.0,49.0,32.0,40.5,0.0,22.666666666666668,0.0,5.924636666666667e-05,0.29275910333333327,0.3532387416666665,3.7381737000000004,4.421354783333334,200.31174666666666,207.74395333333337,6.839999766666669,10.619999550000001,0.0,0.0,0.0,0.0,21.796459,22.122637833333332,335.0,320.8333333333333,0.0,0.0,0.0,0.0,0.0,0.0,0.0,0.0,0.0,0.0,0.0,0.0,0.0,0.0,0.0,0.0,0.0,0.0,0.0,0.0,0.0,0.0,0.0,0.0,1015.0333333333333,1015.8333333333334,0.0,0.0,7.0,5.5,0.9439837433578356,0.8951682068889268,-0.2529396817008401,0.11785113019775799,5.0,5.0,-0.9749279121818236,-0.9749279121818236,-0.2225209339563146,-0.2225209339563146,4.0,4.0,0.8660254037844387,0.8660254037844387,-0.4999999999999998,-0.4999999999999998
2025-04-19 09:00:00+00:00,22.768,21.399773,92.0,27.047335,1011.6087,23.0,23.0,0.0,0.0,0.22151995,2.16,180.0,5.04,0.0,0.0,21.756872,300.0,0.0,0.0,0.0,0.0,0.0,0.0,0.0,0.0,0.0,0.0,0.0,0.0,1015.0,9,0.7071067811865476,-0.7071067811865475,5,-0.9749279121818236,-0.2225209339563146,4,0.8660254037844387,-0.4999999999999998,22.868,23.068,23.418001,21.320318,21.337574,21.315891,91.0,90.0,88.0,26.935247,27.111307,27.331934,1011.31067,1011.5125,1012.1143,27.0,28.0,41.0,27.0,28.0,41.0,0.0,0.0,0.0,0.0,0.0,0.0,0.25072455,0.2819698,0.34558296,3.319036,3.5455887,4.3498964,192.5288,203.9625,204.44394,5.7599998,7.2,7.5599995,0.0,0.0,0.0,0.0,0.0,0.0,21.7253,21.791697,21.87238,310.0,330.0,365.0,0.0,0.0,0.0,0.0,0.0,0.0,0.0,0.0,0.0,0.0,0.0,0.0,0.0,0.0,0.0,0.0,0.0,0.0,0.0,0.0,0.0,0.0,0.0,0.0,0.0,0.0,0.0,0.0,0.0,0.0,0.0,0.0,0.0,0.0,0.0,0.0,1014.7,1014.9,1015.5,0.0,0.0,0.0,8.0,7.0,6.0,0.8660254037844387,0.9659258262890683,1.0,-0.4999999999999998,-0.25881904510252063,6.123233995736766e-17,5.0,5.0,5.0,-0.9749279121818236,-0.9749279121818236,-0.9749279121818236,-0.2225209339563146,-0.2225209339563146,-0.2225209339563146,4.0,4.0,4.0,0.8660254037844387,0.8660254037844387,0.8660254037844387,-0.4999999999999998,-0.4999999999999998,-0.4999999999999998,22.90133333333333,23.3513335,21.352555,21.428945499999998,91.0,89.0,27.031296333333334,27.40949116666667,1011.4772900000002,1012.1136283333334,26.0,45.0,26.0,38.0,0.0,17.5,0.0,0.0,0.2514047666666666,0.31752359999999985,3.0082082333333333,3.7827557833333336,192.16376666666667,202.28808500000002,5.999999933333338,9.83999955,0.0,0.0,0.0,0.0,21.757956333333336,21.936139833333332,313.3333333333333,328.3333333333333,0.0,0.0,0.0,0.0,0.0,0.0,0.0,0.0,0.0,0.0,0.0,0.0,0.0,0.0,0.0,0.0,0.0,0.0,0.0,0.0,0.0,0.0,0.0,0.0,1014.8666666666667,1015.5,0.0,0.0,8.0,6.5,0.8463526704200183,0.8951682068889268,-0.4886419420963559,-0.11785113019775785,5.0,5.0,-0.9749279121818236,-0.9749279121818236,-0.2225209339563146,-0.2225209339563146,4.0,4.0,0.8660254037844387,0.8660254037844387,-0.4999999999999998,-0.4999999999999998
2025-04-19 10:00:00+00:00,22.718,21.350286,92.0,26.903406,1012.3057,17.0,17.0,0.0,0.0,0.2208519,2.6208394,195.94547,3.96,0.0,0.0,21.707392,290.0,0.0,0.0,0.0,0.0,0.0,0.0,0.0,0.0,0.0,0.0,0.0,0.0,1015.7,10,0.49999999999999994,-0.8660254037844387,5,-0.9749279121818236,-0.2225209339563146,4,0.8660254037844387,-0.4999999999999998,22.768,22.868,23.068,21.399773,21.320318,21.337574,92.0,91.0,90.0,27.047335,26.935247,27.111307,1011.6087,1011.31067,1011.5125,23.0,27.0,28.0,23.0,27.0,28.0,0.0,0.0,0.0,0.0,0.0,0.0,0.22151995,0.25072455,0.2819698,2.16,3.319036,3.5455887,180.0,192.5288,203.9625,5.04,5.7599998,7.2,0.0,0.0,0.0,0.0,0.0,0.0,21.756872,21.7253,21.791697,300.0,310.0,330.0,0.0,0.0,0.0,0.0,0.0,0.0,0.0,0.0,0.0,0.0,0.0,0.0,0.0,0.0,0.0,0.0,0.0,0.0,0.0,0.0,0.0,0.0,0.0,0.0,0.0,0.0,0.0,0.0,0.0,0.0,0.0,0.0,0.0,0.0,0.0,0.0,1015.0,1014.7,1014.9,0.0,0.0,0.0,9.0,8.0,7.0,0.7071067811865476,0.8660254037844387,0.9659258262890683,-0.7071067811865475,-0.4999999999999998,-0.25881904510252063,5.0,5.0,5.0,-0.9749279121818236,-0.9749279121818236,-0.9749279121818236,-0.2225209339563146,-0.2225209339563146,-0.2225209339563146,4.0,4.0,4.0,0.8660254037844387,0.8660254037844387,0.8660254037844387,-0.4999999999999998,-0.4999999999999998,-0.4999999999999998,22.784666666666666,23.1013335,21.35679233333333,21.366237166666664,91.66666666666667,90.0,26.961996000000003,27.1954075,1011.74169,1011.9446616666665,22.333333333333332,36.0,22.333333333333332,33.0,0.0,9.5,0.0,0.0,0.2310321333333333,0.2838316383333332,2.6999584666666667,3.3037021833333333,189.49142333333336,199.67775500000002,4.9199999333333375,7.679999883333333,0.0,0.0,0.0,0.0,21.729854666666668,21.822677166666665,300.0,323.3333333333333,0.0,0.0,0.0,0.0,0.0,0.0,0.0,0.0,0.0,0.0,0.0,0.0,0.0,0.0,0.0,0.0,0.0,0.0,0.0,0.0,0.0,0.0,0.0,0.0,1015.1333333333333,1015.3333333333334,0.0,0.0,9.0,7.5,0.6910440616569954,0.8341639729248538,-0.6910440616569953,-0.34552203082849764,5.0,5.0,-0.9749279121818236,-0.9749279121818236,-0.2225209339563146,-0.2225209339563146,4.0,4.0,0.8660254037844387,0.8660254037844387,-0.4999999999999998,-0.4999999999999998
2025-04-19 11:00:00+00:00,22.718,21.350286,92.0,26.72017,1012.90375,12.0,12.0,0.0,0.014558643,0.2208519,3.8773184,201.80147,6.12,1.0,134.43716,21.707392,300.0,19.0,11.0,19.000004,42.86916,24.818987,24.251717,8.0,79.64593,77.0837,18.050173,101.66054,173.92175,1016.3,11,0.258819045102521,-0.9659258262890682,5,-0.9749279121818236,-0.2225209339563146,4,0.8660254037844387,-0.4999999999999998,22.718,22.768,22.868,21.350286,21.399773,21.320318,92.0,92.0,91.0,26.903406,27.047335,26.935247,1012.3057,1011.6087,1011.31067,17.0,23.0,27.0,17.0,23.0,27.0,0.0,0.0,0.0,0.0,0.0,0.0,0.2208519,0.22151995,0.25072455,2.6208394,2.16,3.319036,195.94547,180.0,192.5288,3.96,5.04,5.7599998,0.0,0.0,0.0,0.0,0.0,0.0,21.707392,21.756872,21.7253,290.0,300.0,310.0,0.0,0.0,0.0,0.0,0.0,0.0,0.0,0.0,0.0,0.0,0.0,0.0,0.0,0.0,0.0,0.0,0.0,0.0,0.0,0.0,0.0,0.0,0.0,0.0,0.0,0.0,0.0,0.0,0.0,0.0,0.0,0.0,0.0,0.0,0.0,0.0,1015.7,1015.0,1014.7,0.0,0.0,0.0,10.0,9.0,8.0,0.49999999999999994,0.7071067811865476,0.8660254037844387,-0.8660254037844387,-0.7071067811865475,-0.4999999999999998,5.0,5.0,5.0,-0.9749279121818236,-0.9749279121818236,-0.9749279121818236,-0.2225209339563146,-0.2225209339563146,-0.2225209339563146,4.0,4.0,4.0,0.8660254037844387,0.8660254037844387,0.8660254037844387,-0.4999999999999998,-0.4999999999999998,-0.4999999999999998,22.73466666666667,22.926333500000002,21.366781666666668,21.345688,92.0,90.83333333333333,26.890303666666668,27.008233166666667,1012.2727166666667,1011.95927,17.333333333333332,24.666666666666668,17.333333333333332,24.666666666666668,0.0,0.0,0.004852881,0.0024264405,0.22107458333333332,0.25691684333333314,2.8860525999999997,3.31211315,192.58231333333333,196.44703,5.040000000000004,5.939999883333333,0.3333333333333333,0.16666666666666666,44.81238666666667,22.406193333333334,21.72388533333333,21.760172166666667,296.6666666666667,315.8333333333333,6.333333333333333,3.1666666666666665,3.6666666666666665,1.8333333333333333,6.333334666666667,3.1666673333333333,14.289719999999962,7.14486,8.272995666666667,4.136497833333333,8.083905666666666,4.041952833333333,2.6666666666666665,1.3333333333333333,26.548643333333334,13.274321666666667,25.694566666666663,12.847283333333332,6.0167243333333715,3.008362166666648,33.88684666666663,16.943423333333314,57.973916666666746,28.986958333333334,1015.6666666666666,1015.35,0.0,0.0,10.0,8.5,0.4886419420963562,0.7163128427270959,-0.846352670420018,-0.5496461760604291,5.0,5.0,-0.9749279121818236,-0.9749279121818236,-0.2225209339563146,-0.2225209339563146,4.0,4.0,0.8660254037844387,0.8660254037844387,-0.4999999999999998,-0.4999999999999998
2025-04-19 12:00:00+00:00,25.468,22.760242,85.0,30.487331,1013.63245,9.0,9.0,0.0,0.11521,0.4882114,2.3051248,218.65984,6.4799995,1.0,3600.0,23.469868,365.0,191.0,54.0,190.99997,281.70697,79.644905,281.70694,137.0,551.4507,337.0098,202.06207,813.3377,497.05768,1017.0,12,1.2246467991473532e-16,-1.0,5,-0.9749279121818236,-0.2225209339563146,4,0.8660254037844387,-0.4999999999999998,22.718,22.718,22.768,21.350286,21.350286,21.399773,92.0,92.0,92.0,26.72017,26.903406,27.047335,1012.90375,1012.3057,1011.6087,12.0,17.0,23.0,12.0,17.0,23.0,0.0,0.0,0.0,0.014558643,0.0,0.0,0.2208519,0.2208519,0.22151995,3.8773184,2.6208394,2.16,201.80147,195.94547,180.0,6.12,3.96,5.04,1.0,0.0,0.0,134.43716,0.0,0.0,21.707392,21.707392,21.756872,300.0,290.0,300.0,19.0,0.0,0.0,11.0,0.0,0.0,19.000004,0.0,0.0,42.86916,0.0,0.0,24.818987,0.0,0.0,24.251717,0.0,0.0,8.0,0.0,0.0,79.64593,0.0,0.0,77.0837,0.0,0.0,18.050173,0.0,0.0,101.66054,0.0,0.0,173.92175,0.0,0.0,1016.3,1015.7,1015.0,0.0,0.0,0.0,11.0,10.0,9.0,0.258819045102521,0.49999999999999994,0.7071067811865476,-0.9659258262890682,-0.8660254037844387,-0.7071067811865475,5.0,5.0,5.0,-0.9749279121818236,-0.9749279121818236,-0.9749279121818236,-0.2225209339563146,-0.2225209339563146,-0.2225209339563146,4.0,4.0,4.0,0.8660254037844387,0.8660254037844387,0.8660254037844387,-0.4999999999999998,-0.4999999999999998,-0.4999999999999998,23.634666666666664,23.268,21.820271333333334,21.58641316666667,89.66666666666667,90.33333333333333,28.036969,27.534132666666668,1012.9472999999999,1012.2122949999999,12.666666666666666,19.333333333333332,12.666666666666666,19.333333333333332,0.0,0.0,0.04325621433333334,0.02162810716666667,0.30997173333333333,0.28068824999999986,2.934427533333333,2.971317883333333,205.46892666666668,198.81634666666665,5.519999833333337,5.759999883333333,0.6666666666666666,0.3333333333333333,1244.8123866666667,622.4061933333334,22.294884,22.026420166666668,318.3333333333333,315.8333333333333,70.0,35.0,21.666666666666668,10.833333333333334,69.99999133333333,34.99999566666666,108.1920433333333,54.09602166666667,34.82129733333333,17.410648666666663,101.98621899999999,50.993109499999996,48.333333333333336,24.166666666666668,210.36554333333333,105.18277166666667,138.03116666666665,69.01558333333332,73.3707476666667,36.685373833333315,304.9994133333333,152.49970666666664,223.65981000000008,111.829905,1016.3333333333334,1015.6,0.0,0.0,11.0,9.5,0.2529396817008404,0.5496461760604293,-0.9439837433578356,-0.7163128427270958,5.0,5.0,-0.9749279121818236,-0.9749279121818236,-0.2225209339563146,-0.2225209339563146,4.0,4.0,0.8660254037844387,0.8660254037844387,-0.4999999999999998,-0.4999999999999998
2025-04-19 13:00:00+00:00,27.318,22.71484,76.0,32.361725,1014.0519,49.0,49.0,0.0,0.28764054,0.87105393,1.9386592,291.80148,6.12,1.0,3600.0,23.976913,445.0,424.0,90.0,424.00006,518.3631,110.0299,518.36316,334.0,699.40454,647.7937,408.3332,855.0601,791.9631,1017.4,13,-0.2588190451025208,-0.9659258262890683,5,-0.9749279121818236,-0.2225209339563146,4,0.8660254037844387,-0.4999999999999998,25.468,22.718,22.718,22.760242,21.350286,21.350286,85.0,92.0,92.0,30.487331,26.72017,26.903406,1013.63245,1012.90375,1012.3057,9.0,12.0,17.0,9.0,12.0,17.0,0.0,0.0,0.0,0.11521,0.014558643,0.0,0.4882114,0.2208519,0.2208519,2.3051248,3.8773184,2.6208394,218.65984,201.80147,195.94547,6.4799995,6.12,3.96,1.0,1.0,0.0,3600.0,134.43716,0.0,23.469868,21.707392,21.707392,365.0,300.0,290.0,191.0,19.0,0.0,54.0,11.0,0.0,190.99997,19.000004,0.0,281.70697,42.86916,0.0,79.644905,24.818987,0.0,281.70694,24.251717,0.0,137.0,8.0,0.0,551.4507,79.64593,0.0,337.0098,77.0837,0.0,202.06207,18.050173,0.0,813.3377,101.66054,0.0,497.05768,173.92175,0.0,1017.0,1016.3,1015.7,0.0,0.0,0.0,12.0,11.0,10.0,1.2246467991473532e-16,0.258819045102521,0.49999999999999994,-1.0,-0.9659258262890682,-0.8660254037844387,5.0,5.0,5.0,-0.9749279121818236,-0.9749279121818236,-0.9749279121818236,-0.2225209339563146,-0.2225209339563146,-0.2225209339563146,4.0,4.0,4.0,0.8660254037844387,0.8660254037844387,0.8660254037844387,-0.4999999999999998,-0.4999999999999998,-0.4999999999999998,25.168000000000003,23.976333333333333,22.275122666666665,21.8159575,84.33333333333333,88.0,29.85640866666667,28.409202333333337,1013.5293666666666,1012.6355283333332,23.333333333333332,22.833333333333332,23.333333333333332,22.833333333333332,0.0,0.0,0.13913639433333333,0.06956819716666666,0.5267057433333333,0.3788689383333332,2.707034133333334,2.7034963,237.42093,213.45617666666666,6.239999833333337,5.5799998833333335,1.0,0.5,2444.8123866666665,1222.4061933333332,23.051391,22.390622833333335,370.0,335.0,211.33333333333334,105.66666666666667,51.666666666666664,25.833333333333332,211.33334466666668,105.66667233333334,280.9797433333333,140.4898716666667,71.49793066666666,35.74896533333333,274.773939,137.3869695,159.66666666666666,79.83333333333333,443.50039,221.750195,353.96239999999995,176.98119999999997,209.48181433333335,104.74090716666664,590.0194466666667,295.00972333333334,487.64751000000007,243.823755,1016.9,1016.0166666666668,0.0,0.0,12.0,10.5,1.4802973661668753e-16,0.3455220308284978,-0.9772838841927122,-0.8341639729248538,5.0,5.0,-0.9749279121818236,-0.9749279121818236,-0.2225209339563146,-0.2225209339563146,4.0,4.0,0.8660254037844387,0.8660254037844387,-0.4999999999999998,-0.4999999999999998
2025-04-19 14:00:00+00:00,29.168001,22.165333,66.0,34.62235,1013.9728,39.0,39.0,0.0,0.44727182,1.3740389,0.5091169,224.9999,5.3999996,1.0,3600.0,24.200493,515.0,625.0,139.0,625.0,705.47217,156.897,705.47217,486.0,716.5037,920.0817,548.57513,808.75757,1038.5474,1017.3,14,-0.4999999999999997,-0.8660254037844388,5,-0.9749279121818236,-0.2225209339563146,4,0.8660254037844387,-0.4999999999999998,27.318,25.468,22.718,22.71484,22.760242,21.350286,76.0,85.0,92.0,32.361725,30.487331,26.72017,1014.0519,1013.63245,1012.90375,49.0,9.0,12.0,49.0,9.0,12.0,0.0,0.0,0.0,0.28764054,0.11521,0.014558643,0.87105393,0.4882114,0.2208519,1.9386592,2.3051248,3.8773184,291.80148,218.65984,201.80147,6.12,6.4799995,6.12,1.0,1.0,1.0,3600.0,3600.0,134.43716,23.976913,23.469868,21.707392,445.0,365.0,300.0,424.0,191.0,19.0,90.0,54.0,11.0,424.00006,190.99997,19.000004,518.3631,281.70697,42.86916,110.0299,79.644905,24.818987,518.36316,281.70694,24.251717,334.0,137.0,8.0,699.40454,551.4507,79.64593,647.7937,337.0098,77.0837,408.3332,202.06207,18.050173,855.0601,813.3377,101.66054,791.9631,497.05768,173.92175,1017.4,1017.0,1016.3,0.0,0.0,0.0,13.0,12.0,11.0,-0.2588190451025208,1.2246467991473532e-16,0.258819045102521,-0.9659258262890683,-1.0,-0.9659258262890682,5.0,5.0,5.0,-0.9749279121818236,-0.9749279121818236,-0.9749279121818236,-0.2225209339563146,-0.2225209339563146,-0.2225209339563146,4.0,4.0,4.0,0.8660254037844387,0.8660254037844387,0.8660254037844387,-0.4999999999999998,-0.4999999999999998,-0.4999999999999998,27.318000333333334,25.026333500000003,22.546805000000003,21.956793333333334,75.66666666666667,83.83333333333333,32.490468666666665,29.690386166666666,1013.8857166666667,1013.0792166666666,32.333333333333336,24.833333333333332,32.333333333333336,24.833333333333332,0.0,0.0,0.28337412,0.14411350050000002,0.91110141,0.5660879966666664,1.5843003,2.23517645,245.15374,218.86802666666665,5.999999700000004,5.5199998500000005,1.0,0.6666666666666666,3600.0,1822.4061933333332,23.88242466666667,22.803155,441.6666666666667,369.1666666666667,413.3333333333333,209.83333333333334,94.33333333333333,49.0,413.3333433333334,209.83333900000002,501.84741333333335,258.06856666666664,115.523935,61.89846533333333,501.8474233333333,254.9656645,319.0,160.83333333333334,655.7863133333334,341.16747833333335,634.9617333333332,330.32815,386.3234666666667,196.17009549999997,825.7184566666666,429.80265166666663,775.8560600000001,416.91498833333327,1017.2333333333332,1016.4499999999999,0.0,0.0,13.0,11.5,-0.2529396817008401,0.117851130197758,-0.9439837433578356,-0.8951682068889268,5.0,5.0,-0.9749279121818236,-0.9749279121818236,-0.2225209339563146,-0.2225209339563146,4.0,4.0,0.8660254037844387,0.8660254037844387,-0.4999999999999998,-0.4999999999999998
2025-04-19 15:00:00+00:00,30.968,21.16869,56.0,36.36414,1013.69354,36.0,36.0,0.0,0.5984375,1.9715221,4.6102495,128.65984,11.5199995,1.0,3600.0,24.185715,525.0,802.0,176.0,802.0,861.82654,189.12901,861.82654,626.0,747.91547,1135.3254,672.6975,803.70746,1220.017,1017.0,15,-0.7071067811865471,-0.7071067811865479,5,-0.9749279121818236,-0.2225209339563146,4,0.8660254037844387,-0.4999999999999998,29.168001,27.318,25.468,22.165333,22.71484,22.760242,66.0,76.0,85.0,34.62235,32.361725,30.487331,1013.9728,1014.0519,1013.63245,39.0,49.0,9.0,39.0,49.0,9.0,0.0,0.0,0.0,0.44727182,0.28764054,0.11521,1.3740389,0.87105393,0.4882114,0.5091169,1.9386592,2.3051248,224.9999,291.80148,218.65984,5.3999996,6.12,6.4799995,1.0,1.0,1.0,3600.0,3600.0,3600.0,24.200493,23.976913,23.469868,515.0,445.0,365.0,625.0,424.0,191.0,139.0,90.0,54.0,625.0,424.00006,190.99997,705.47217,518.3631,281.70697,156.897,110.0299,79.644905,705.47217,518.36316,281.70694,486.0,334.0,137.0,716.5037,699.40454,551.4507,920.0817,647.7937,337.0098,548.57513,408.3332,202.06207,808.75757,855.0601,813.3377,1038.5474,791.9631,497.05768,1017.3,1017.4,1017.0,0.0,0.0,0.0,14.0,13.0,12.0,-0.4999999999999997,-0.2588190451025208,1.2246467991473532e-16,-0.8660254037844388,-0.9659258262890683,-1.0,5.0,5.0,5.0,-0.9749279121818236,-0.9749279121818236,-0.9749279121818236,-0.2225209339563146,-0.2225209339563146,-0.2225209339563146,4.0,4.0,4.0,0.8660254037844387,0.8660254037844387,0.8660254037844387,-0.4999999999999998,-0.4999999999999998,-0.4999999999999998,29.15133366666667,26.393000166666667,22.016287666666667,21.9182795,66.0,77.83333333333333,34.449405,31.243186999999995,1013.9060800000001,1013.4266900000001,41.333333333333336,27.0,41.333333333333336,27.0,0.0,0.0,0.4444499533333333,0.24385308383333335,1.40553831,0.8577550216666664,2.3526751999999997,2.643551366666667,215.15374000000006,210.31133333333332,7.679999700000004,6.5999997666666665,1.0,0.8333333333333334,3600.0,2422.4061933333332,24.12104033333333,23.207962166666665,495.0,406.6666666666667,617.0,343.5,135.0,78.33333333333333,617.00002,343.5000056666667,695.2206033333333,401.70632333333333,152.01863666666665,93.419967,695.2206233333333,398.6034211666667,482.0,265.1666666666667,721.27457,465.8200566666667,901.0669333333334,519.54905,543.2019433333334,308.2863455,822.5083766666667,563.7538949999999,1016.8425000000001,620.251155,1017.2333333333332,1016.7833333333333,0.0,0.0,14.0,12.5,-0.48864194209635586,-0.11785113019775778,-0.8463526704200183,-0.895168206888927,5.0,5.0,-0.9749279121818236,-0.9749279121818236,-0.2225209339563146,-0.2225209339563146,4.0,4.0,0.8660254037844387,0.8660254037844387,-0.4999999999999998,-0.4999999999999998
2025-04-19 16:00:00+00:00,31.868,21.105476,53.0,36.780834,1013.20465,37.0,37.0,0.0,0.68518275,2.2162592,10.1887,122.00535,18.72,1.0,3600.0,24.44839,660.0,892.0,220.0,892.0,923.491,227.76685,923.491,672.0,712.7406,1278.8695,695.7242,737.9031,1324.0184,1016.5,16,-0.8660254037844385,-0.5000000000000004,5,-0.9749279121818236,-0.2225209339563146,4,0.8660254037844387,-0.4999999999999998,30.968,29.168001,27.318,21.16869,22.165333,22.71484,56.0,66.0,76.0,36.36414,34.62235,32.361725,1013.69354,1013.9728,1014.0519,36.0,39.0,49.0,36.0,39.0,49.0,0.0,0.0,0.0,0.5984375,0.44727182,0.28764054,1.9715221,1.3740389,0.87105393,4.6102495,0.5091169,1.9386592,128.65984,224.9999,291.80148,11.5199995,5.3999996,6.12,1.0,1.0,1.0,3600.0,3600.0,3600.0,24.185715,24.200493,23.976913,525.0,515.0,445.0,802.0,625.0,424.0,176.0,139.0,90.0,802.0,625.0,424.00006,861.82654,705.47217,518.3631,189.12901,156.897,110.0299,861.82654,705.47217,518.36316,626.0,486.0,334.0,747.91547,716.5037,699.40454,1135.3254,920.0817,647.7937,672.6975,548.57513,408.3332,803.70746,808.75757,855.0601,1220.017,1038.5474,791.9631,1017.0,1017.3,1017.4,0.0,0.0,0.0,15.0,14.0,13.0,-0.7071067811865471,-0.4999999999999997,-0.2588190451025208,-0.7071067811865479,-0.8660254037844388,-0.9659258262890683,5.0,5.0,5.0,-0.9749279121818236,-0.9749279121818236,-0.9749279121818236,-0.2225209339563146,-0.2225209339563146,-0.2225209339563146,4.0,4.0,4.0,0.8660254037844387,0.8660254037844387,0.8660254037844387,-0.4999999999999998,-0.4999999999999998,-0.4999999999999998,30.668000333333335,27.91800016666667,21.479833,21.877477833333334,58.333333333333336,71.33333333333333,35.92244133333333,32.889424999999996,1013.6236633333334,1013.5765150000001,37.333333333333336,30.333333333333332,37.333333333333336,30.333333333333332,0.0,0.0,0.5769640233333333,0.3580502088333333,1.8539400666666666,1.1903229049999997,5.1026888,3.9048614666666666,158.55503000000002,197.98798,11.879999700000004,9.059999766666666,1.0,1.0,3600.0,3022.4061933333337,24.278199333333333,23.664795166666668,566.6666666666666,468.3333333333333,773.0,492.1666666666667,178.33333333333334,115.0,773.0,492.16667233333334,830.2632366666667,555.62149,191.26428666666666,131.38110866666668,830.2632366666667,552.5185878333333,594.6666666666666,377.1666666666667,725.7199233333334,584.6101566666666,1111.4255333333333,732.6939666666667,638.9989433333334,424.2403788333333,783.4560433333332,686.737745,1194.1942666666666,840.9208883333334,1016.9333333333333,1016.9166666666666,0.0,0.0,15.0,13.5,-0.6910440616569952,-0.3455220308284975,-0.6910440616569957,-0.8341639729248541,5.0,5.0,-0.9749279121818236,-0.9749279121818236,-0.2225209339563146,-0.2225209339563146,4.0,4.0,0.8660254037844387,0.8660254037844387,-0.4999999999999998,-0.4999999999999998
2025-04-19 17:00:00+00:00,32.118,21.025835,52.0,36.32923,1012.70917,21.0,21.0,0.0,0.7060587,2.2956176,14.264361,132.95459,24.84,1.0,3600.0,24.485037,900.0,904.0,236.0,904.0,905.70886,236.4461,905.70886,668.0,675.6836,1340.9468,669.2627,676.9609,1343.4816,1016.0,17,-0.9659258262890683,-0.25881904510252063,5,-0.9749279121818236,-0.2225209339563146,4,0.8660254037844387,-0.4999999999999998,31.868,30.968,29.168001,21.105476,21.16869,22.165333,53.0,56.0,66.0,36.780834,36.36414,34.62235,1013.20465,1013.69354,1013.9728,37.0,36.0,39.0,37.0,36.0,39.0,0.0,0.0,0.0,0.68518275,0.5984375,0.44727182,2.2162592,1.9715221,1.3740389,10.1887,4.6102495,0.5091169,122.00535,128.65984,224.9999,18.72,11.5199995,5.3999996,1.0,1.0,1.0,3600.0,3600.0,3600.0,24.44839,24.185715,24.200493,660.0,525.0,515.0,892.0,802.0,625.0,220.0,176.0,139.0,892.0,802.0,625.0,923.491,861.82654,705.47217,227.76685,189.12901,156.897,923.491,861.82654,705.47217,672.0,626.0,486.0,712.7406,747.91547,716.5037,1278.8695,1135.3254,920.0817,695.7242,672.6975,548.57513,737.9031,803.70746,808.75757,1324.0184,1220.017,1038.5474,1016.5,1017.0,1017.3,0.0,0.0,0.0,16.0,15.0,14.0,-0.8660254037844385,-0.7071067811865471,-0.4999999999999997,-0.5000000000000004,-0.7071067811865479,-0.8660254037844388,5.0,5.0,5.0,-0.9749279121818236,-0.9749279121818236,-0.9749279121818236,-0.2225209339563146,-0.2225209339563146,-0.2225209339563146,4.0,4.0,4.0,0.8660254037844387,0.8660254037844387,0.8660254037844387,-0.4999999999999998,-0.4999999999999998,-0.4999999999999998,31.651333333333337,29.484666833333332,21.10000033333333,21.823402666666667,53.666666666666664,64.66666666666667,36.491401333333336,34.490935,1013.2024533333333,1013.544085,31.333333333333332,31.833333333333332,31.333333333333332,31.833333333333332,0.0,0.0,0.6632263166666666,0.4733002183333333,2.1611329666666665,1.536117188333333,9.687770166666667,5.636035233333334,127.87326,186.51350000000002,18.359999833333337,12.179999766666667,1.0,1.0,3600.0,3600.0,24.373047333333332,24.127736,695.0,568.3333333333334,866.0,639.6666666666666,210.66666666666666,152.5,866.0,639.6666716666667,897.0088,699.4281066666666,217.78065333333333,166.65229416666668,897.0088,699.4281116666666,655.3333333333334,487.1666666666667,712.1132233333333,683.9497683333333,1251.7139,943.3378166666666,679.2281333333334,532.7758,739.52382,782.6211383333333,1295.839,1035.84753,1016.5,1016.8666666666667,0.0,0.0,16.0,14.5,-0.846352670420018,-0.5496461760604291,-0.4886419420963563,-0.716312842727096,5.0,5.0,-0.9749279121818236,-0.9749279121818236,-0.2225209339563146,-0.2225209339563146,4.0,4.0,0.8660254037844387,0.8660254037844387,-0.4999999999999998,-0.4999999999999998
2025-04-19 18:00:00+00:00,32.567997,20.473433,49.0,36.17092,1012.0161,0.0,0.0,0.0,0.7536263,2.5018406,17.581125,137.4896,30.599998,1.0,3600.0,24.316607,835.0,955.0,155.0,955.0,925.8242,150.26466,925.8242,800.0,823.68085,1317.3448,775.5596,798.5169,1277.0992,1015.3,18,-1.0,-1.8369701987210297e-16,5,-0.9749279121818236,-0.2225209339563146,4,0.8660254037844387,-0.4999999999999998,32.118,31.868,30.968,21.025835,21.105476,21.16869,52.0,53.0,56.0,36.32923,36.780834,36.36414,1012.70917,1013.20465,1013.69354,21.0,37.0,36.0,21.0,37.0,36.0,0.0,0.0,0.0,0.7060587,0.68518275,0.5984375,2.2956176,2.2162592,1.9715221,14.264361,10.1887,4.6102495,132.95459,122.00535,128.65984,24.84,18.72,11.5199995,1.0,1.0,1.0,3600.0,3600.0,3600.0,24.485037,24.44839,24.185715,900.0,660.0,525.0,904.0,892.0,802.0,236.0,220.0,176.0,904.0,892.0,802.0,905.70886,923.491,861.82654,236.4461,227.76685,189.12901,905.70886,923.491,861.82654,668.0,672.0,626.0,675.6836,712.7406,747.91547,1340.9468,1278.8695,1135.3254,669.2627,695.7242,672.6975,676.9609,737.9031,803.70746,1343.4816,1324.0184,1220.017,1016.0,1016.5,1017.0,0.0,0.0,0.0,17.0,16.0,15.0,-0.9659258262890683,-0.8660254037844385,-0.7071067811865471,-0.25881904510252063,-0.5000000000000004,-0.7071067811865479,5.0,5.0,5.0,-0.9749279121818236,-0.9749279121818236,-0.9749279121818236,-0.2225209339563146,-0.2225209339563146,-0.2225209339563146,4.0,4.0,4.0,0.8660254037844387,0.8660254037844387,0.8660254037844387,-0.4999999999999998,-0.4999999999999998,-0.4999999999999998,32.18466566666667,30.667999666666663,20.868247999999998,21.442267833333332,51.333333333333336,58.666666666666664,36.42699466666667,35.438199833333336,1012.6433066666667,1013.2746933333333,19.333333333333332,30.333333333333332,19.333333333333332,30.333333333333332,0.0,0.0,0.7149559166666667,0.579702935,2.3379058,1.8717220549999996,14.011395333333333,8.182035266666666,130.81651333333335,172.98512666666667,24.719999333333337,16.199999516666665,1.0,1.0,3600.0,3600.0,24.416678,24.26885916666667,798.3333333333334,646.6666666666666,917.0,767.0,203.66666666666666,169.33333333333334,917.0,767.0000100000001,918.3413533333332,806.7809783333333,204.82587,178.42225333333332,918.3413533333332,806.7809883333333,713.3333333333334,597.6666666666666,737.3683500000001,729.32146,1312.3870333333334,1106.7269833333332,713.5155,628.3587216666666,737.7936333333332,780.151005,1314.8664,1165.85445,1015.9333333333334,1016.5833333333334,0.0,0.0,17.0,15.5,-0.9439837433578356,-0.7163128427270958,-0.2529396817008404,-0.5496461760604293,5.0,5.0,-0.9749279121818236,-0.9749279121818236,-0.2225209339563146,-0.2225209339563146,4.0,4.0,0.8660254037844387,0.8660254037844387,-0.4999999999999998,-0.4999999999999998
2025-04-19 19:00:00+00:00,32.267998,20.526394,50.0,35.087513,1011.714,10.0,9.0,3.0,0.7021063,2.4116886,20.111729,135.72514,33.12,1.0,3600.0,24.246683,825.0,881.0,129.0,881.0,822.53613,120.43945,822.53613,752.0,843.144,1209.6912,702.0967,787.19226,1129.4149,1015.0,19,-0.9659258262890684,0.2588190451025203,5,-0.9749279121818236,-0.2225209339563146,4,0.8660254037844387,-0.4999999999999998,32.567997,32.118,31.868,20.473433,21.025835,21.105476,49.0,52.0,53.0,36.17092,36.32923,36.780834,1012.0161,1012.70917,1013.20465,0.0,21.0,37.0,0.0,21.0,37.0,0.0,0.0,0.0,0.7536263,0.7060587,0.68518275,2.5018406,2.2956176,2.2162592,17.581125,14.264361,10.1887,137.4896,132.95459,122.00535,30.599998,24.84,18.72,1.0,1.0,1.0,3600.0,3600.0,3600.0,24.316607,24.485037,24.44839,835.0,900.0,660.0,955.0,904.0,892.0,155.0,236.0,220.0,955.0,904.0,892.0,925.8242,905.70886,923.491,150.26466,236.4461,227.76685,925.8242,905.70886,923.491,800.0,668.0,672.0,823.68085,675.6836,712.7406,1317.3448,1340.9468,1278.8695,775.5596,669.2627,695.7242,798.5169,676.9609,737.9031,1277.0992,1343.4816,1324.0184,1015.3,1016.0,1016.5,0.0,0.0,0.0,18.0,17.0,16.0,-1.0,-0.9659258262890683,-0.8660254037844385,-1.8369701987210297e-16,-0.25881904510252063,-0.5000000000000004,5.0,5.0,5.0,-0.9749279121818236,-0.9749279121818236,-0.9749279121818236,-0.2225209339563146,-0.2225209339563146,-0.2225209339563146,4.0,4.0,4.0,0.8660254037844387,0.8660254037844387,0.8660254037844387,-0.4999999999999998,-0.4999999999999998,-0.4999999999999998,32.31799833333333,31.49299933333333,20.675220666666668,21.077526833333334,50.333333333333336,54.333333333333336,35.86255433333334,35.89249783333333,1012.1464233333332,1012.8850433333333,10.333333333333334,23.833333333333332,10.0,23.666666666666668,1.0,0.5,0.7205971,0.6487805616666666,2.403048933333333,2.1284945,17.31907166666667,11.210880233333334,135.38977666666668,146.97240333333332,29.519999333333335,20.69999951666667,1.0,1.0,3600.0,3600.0,24.349442333333332,24.313820833333335,853.3333333333334,710.0,913.3333333333334,843.1666666666666,173.33333333333334,175.83333333333334,913.3333333333334,843.1666666666666,884.68973,857.4764833333332,169.05007,180.15717833333335,884.68973,857.4764833333334,740.0,667.3333333333334,780.83615,753.2780366666666,1289.3276,1200.3765666666666,715.6396666666668,677.319305,754.2233533333333,768.8396983333333,1249.9985666666669,1222.0964166666665,1015.4333333333334,1016.1833333333334,0.0,0.0,18.0,16.5,-0.9772838841927122,-0.8341639729248538,-1.295260195396016e-16,-0.3455220308284979,5.0,5.0,-0.9749279121818236,-0.9749279121818236,-0.2225209339563146,-0.2225209339563146,4.0,4.0,0.8660254037844387,0.8660254037844387,-0.4999999999999998,-0.4999999999999998
2025-04-19 20:00:00+00:00,31.518,20.78233,53.0,33.51575,1011.4067,20.0,19.0,5.0,0.59999216,2.1728425,21.897945,133.66785,35.28,1.0,3600.0,24.143158,635.0,745.0,100.0,745.0,661.5663,88.80085,661.5663,645.0,853.1752,1025.3446,572.76544,757.62683,910.5147,1014.7,20,-0.8660254037844386,0.5000000000000001,5,-0.9749279121818236,-0.2225209339563146,4,0.8660254037844387,-0.4999999999999998,32.267998,32.567997,32.118,20.526394,20.473433,21.025835,50.0,49.0,52.0,35.087513,36.17092,36.32923,1011.714,1012.0161,1012.70917,10.0,0.0,21.0,9.0,0.0,21.0,3.0,0.0,0.0,0.7021063,0.7536263,0.7060587,2.4116886,2.5018406,2.2956176,20.111729,17.581125,14.264361,135.72514,137.4896,132.95459,33.12,30.599998,24.84,1.0,1.0,1.0,3600.0,3600.0,3600.0,24.246683,24.316607,24.485037,825.0,835.0,900.0,881.0,955.0,904.0,129.0,155.0,236.0,881.0,955.0,904.0,822.53613,925.8242,905.70886,120.43945,150.26466,236.4461,822.53613,925.8242,905.70886,752.0,800.0,668.0,843.144,823.68085,675.6836,1209.6912,1317.3448,1340.9468,702.0967,775.5596,669.2627,787.19226,798.5169,676.9609,1129.4149,1277.0992,1343.4816,1015.0,1015.3,1016.0,0.0,0.0,0.0,19.0,18.0,17.0,-0.9659258262890684,-1.0,-0.9659258262890683,0.2588190451025203,-1.8369701987210297e-16,-0.25881904510252063,5.0,5.0,5.0,-0.9749279121818236,-0.9749279121818236,-0.9749279121818236,-0.2225209339563146,-0.2225209339563146,-0.2225209339563146,4.0,4.0,4.0,0.8660254037844387,0.8660254037844387,0.8660254037844387,-0.4999999999999998,-0.4999999999999998,-0.4999999999999998,32.11799833333333,31.88466583333333,20.594052333333334,20.847026333333332,50.666666666666664,52.166666666666664,34.92472766666667,35.7080645,1011.7122666666668,1012.45736,10.0,20.666666666666668,9.333333333333334,20.333333333333332,2.6666666666666665,1.3333333333333333,0.6852415866666667,0.6742339516666668,2.3621239,2.261628433333333,19.86359966666667,14.775684916666664,135.62753,131.750395,32.999999333333335,25.67999958333333,1.0,1.0,3600.0,3600.0,24.235482666666666,24.304265,765.0,730.0,860.3333333333334,863.1666666666666,128.0,169.33333333333334,860.3333333333334,863.1666666666666,803.3088766666666,850.1588383333333,119.83498666666667,168.80782000000002,803.3088766666666,850.1588383333333,732.3333333333334,693.8333333333334,840.0000166666667,776.05662,1184.1268666666667,1217.9203833333333,683.4739133333334,681.3510233333333,781.1119966666665,760.3179083333334,1105.6762666666666,1200.7576333333334,1015.0,1015.75,0.0,0.0,19.0,17.5,-0.9439837433578356,-0.8951682068889268,0.2529396817008401,-0.11785113019775813,5.0,5.0,-0.9749279121818236,-0.9749279121818236,-0.2225209339563146,-0.2225209339563146,4.0,4.0,0.8660254037844387,0.8660254037844387,-0.4999999999999998,-0.4999999999999998
2025-04-19 21:00:00+00:00,30.668001,20.88975,56.0,31.860332,1011.3975,30.0,28.0,8.0,0.4579799,1.9381588,21.38897,133.63614,37.8,1.0,3600.0,23.92057,580.0,545.0,77.0,545.0,445.69983,62.970432,445.69983,468.0,817.00714,776.8878,382.7294,668.14667,635.3372,1014.7,21,-0.7071067811865477,0.7071067811865474,5,-0.9749279121818236,-0.2225209339563146,4,0.8660254037844387,-0.4999999999999998,31.518,32.267998,32.567997,20.78233,20.526394,20.473433,53.0,50.0,49.0,33.51575,35.087513,36.17092,1011.4067,1011.714,1012.0161,20.0,10.0,0.0,19.0,9.0,0.0,5.0,3.0,0.0,0.59999216,0.7021063,0.7536263,2.1728425,2.4116886,2.5018406,21.897945,20.111729,17.581125,133.66785,135.72514,137.4896,35.28,33.12,30.599998,1.0,1.0,1.0,3600.0,3600.0,3600.0,24.143158,24.246683,24.316607,635.0,825.0,835.0,745.0,881.0,955.0,100.0,129.0,155.0,745.0,881.0,955.0,661.5663,822.53613,925.8242,88.80085,120.43945,150.26466,661.5663,822.53613,925.8242,645.0,752.0,800.0,853.1752,843.144,823.68085,1025.3446,1209.6912,1317.3448,572.76544,702.0967,775.5596,757.62683,787.19226,798.5169,910.5147,1129.4149,1277.0992,1014.7,1015.0,1015.3,0.0,0.0,0.0,20.0,19.0,18.0,-0.8660254037844386,-0.9659258262890684,-1.0,0.5000000000000001,0.2588190451025203,-1.8369701987210297e-16,5.0,5.0,5.0,-0.9749279121818236,-0.9749279121818236,-0.9749279121818236,-0.2225209339563146,-0.2225209339563146,-0.2225209339563146,4.0,4.0,4.0,0.8660254037844387,0.8660254037844387,0.8660254037844387,-0.4999999999999998,-0.4999999999999998,-0.4999999999999998,31.484666333333333,31.834666,20.732824666666666,20.800536333333334,53.0,52.166666666666664,33.487865,34.957429833333336,1011.5060666666668,1012.0746866666667,20.0,19.666666666666668,18.666666666666668,19.0,5.333333333333333,2.6666666666666665,0.5866927866666667,0.6508243516666666,2.1742299666666667,2.2560678833333334,21.132881333333334,17.57213833333333,134.34304333333333,132.57977833333334,35.4,30.059999666666666,1.0,1.0,3600.0,3600.0,24.103470333333334,24.260074166666666,680.0,739.1666666666666,723.6666666666666,820.3333333333334,102.0,152.83333333333334,723.6666666666666,820.3333333333334,643.2674199999999,780.8043866666666,90.73691066666667,147.78139033333335,643.26742,780.8043866666667,621.6666666666666,667.5,837.7754466666667,787.5718983333333,1003.9745333333332,1158.1807833333335,552.5305133333334,633.0230066666667,737.6552533333333,737.7244433333334,891.7556000000001,1103.3110000000001,1014.8000000000001,1015.3666666666667,0.0,0.0,20.0,18.5,-0.8463526704200183,-0.895168206888927,0.488641942096356,0.11785113019775773,5.0,5.0,-0.9749279121818236,-0.9749279121818236,-0.2225209339563146,-0.2225209339563146,4.0,4.0,0.8660254037844387,0.8660254037844387,-0.4999999999999998,-0.4999999999999998
2025-04-19 22:00:00+00:00,29.618,21.031706,60.0,31.442265,1011.58545,31.0,24.0,13.0,0.28048968,1.6591246,17.581125,137.4896,31.68,1.0,3600.0,23.65227,580.0,302.0,57.0,302.0,202.46533,38.213654,202.46533,245.0,690.403,481.27316,164.25168,462.8565,322.65274,1014.9,22,-0.5000000000000004,0.8660254037844384,5,-0.9749279121818236,-0.2225209339563146,4,0.8660254037844387,-0.4999999999999998,30.668001,31.518,32.267998,20.88975,20.78233,20.526394,56.0,53.0,50.0,31.860332,33.51575,35.087513,1011.3975,1011.4067,1011.714,30.0,20.0,10.0,28.0,19.0,9.0,8.0,5.0,3.0,0.4579799,0.59999216,0.7021063,1.9381588,2.1728425,2.4116886,21.38897,21.897945,20.111729,133.63614,133.66785,135.72514,37.8,35.28,33.12,1.0,1.0,1.0,3600.0,3600.0,3600.0,23.92057,24.143158,24.246683,580.0,635.0,825.0,545.0,745.0,881.0,77.0,100.0,129.0,545.0,745.0,881.0,445.69983,661.5663,822.53613,62.970432,88.80085,120.43945,445.69983,661.5663,822.53613,468.0,645.0,752.0,817.00714,853.1752,843.144,776.8878,1025.3446,1209.6912,382.7294,572.76544,702.0967,668.14667,757.62683,787.19226,635.3372,910.5147,1129.4149,1014.7,1014.7,1015.0,0.0,0.0,0.0,21.0,20.0,19.0,-0.7071067811865477,-0.8660254037844386,-0.9659258262890684,0.7071067811865474,0.5000000000000001,0.2588190451025203,5.0,5.0,5.0,-0.9749279121818236,-0.9749279121818236,-0.9749279121818236,-0.2225209339563146,-0.2225209339563146,-0.2225209339563146,4.0,4.0,4.0,0.8660254037844387,0.8660254037844387,0.8660254037844387,-0.4999999999999998,-0.4999999999999998,-0.4999999999999998,30.601333666666665,31.459666,20.901262,20.788241333333335,56.333333333333336,53.333333333333336,32.27278233333333,34.06766833333334,1011.4632166666667,1011.80482,27.0,18.666666666666668,23.666666666666668,16.833333333333332,8.666666666666666,4.833333333333333,0.44615391333333326,0.5833755066666667,1.9233753,2.1632121166666667,20.28934666666667,18.804209166666666,134.93119666666666,135.16048666666666,34.92000000000001,32.219999666666666,1.0,1.0,3600.0,3600.0,23.905332666666666,24.1273875,598.3333333333334,725.8333333333334,530.6666666666666,722.0,78.0,125.66666666666667,530.6666666666666,722.0,436.57715333333334,660.6334416666667,63.328312000000004,116.189191,436.57715333333334,660.6334416666666,452.6666666666667,596.3333333333334,786.8617800000001,783.848965,761.1685200000001,1025.2480600000001,373.24884000000003,544.4442533333333,629.5433333333333,691.8833433333333,622.83488,936.4167233333334,1014.7666666666668,1015.1,0.0,0.0,21.0,19.5,-0.6910440616569956,-0.8341639729248539,0.6910440616569954,0.3455220308284976,5.0,5.0,-0.9749279121818236,-0.9749279121818236,-0.2225209339563146,-0.2225209339563146,4.0,4.0,0.8660254037844387,0.8660254037844387,-0.4999999999999998,-0.4999999999999998
2025-04-19 23:00:00+00:00,28.418001,20.951784,64.0,31.09053,1012.07086,31.0,21.0,18.0,0.10558565,1.3932595,11.4862,147.80429,25.199999,1.0,2457.8567,23.20192,630.0,84.0,24.0,84.000015,0.0,0.0,0.0,60.0,385.73495,158.66248,0.0,0.0,0.0,1015.4,23,-0.25881904510252157,0.9659258262890681,5,-0.9749279121818236,-0.2225209339563146,4,0.8660254037844387,-0.4999999999999998,29.618,30.668001,31.518,21.031706,20.88975,20.78233,60.0,56.0,53.0,31.442265,31.860332,33.51575,1011.58545,1011.3975,1011.4067,31.0,30.0,20.0,24.0,28.0,19.0,13.0,8.0,5.0,0.28048968,0.4579799,0.59999216,1.6591246,1.9381588,2.1728425,17.581125,21.38897,21.897945,137.4896,133.63614,133.66785,31.68,37.8,35.28,1.0,1.0,1.0,3600.0,3600.0,3600.0,23.65227,23.92057,24.143158,580.0,580.0,635.0,302.0,545.0,745.0,57.0,77.0,100.0,302.0,545.0,745.0,202.46533,445.69983,661.5663,38.213654,62.970432,88.80085,202.46533,445.69983,661.5663,245.0,468.0,645.0,690.403,817.00714,853.1752,481.27316,776.8878,1025.3446,164.25168,382.7294,572.76544,462.8565,668.14667,757.62683,322.65274,635.3372,910.5147,1014.9,1014.7,1014.7,0.0,0.0,0.0,22.0,21.0,20.0,-0.5000000000000004,-0.7071067811865477,-0.8660254037844386,0.8660254037844384,0.7071067811865474,0.5000000000000001,5.0,5.0,5.0,-0.9749279121818236,-0.9749279121818236,-0.9749279121818236,-0.2225209339563146,-0.2225209339563146,-0.2225209339563146,4.0,4.0,4.0,0.8660254037844387,0.8660254037844387,0.8660254037844387,-0.4999999999999998,-0.4999999999999998,-0.4999999999999998,29.568000666666666,30.8429995,20.957746666666665,20.7758995,60.0,55.333333333333336,31.46437566666667,33.19455166666666,1011.6846033333335,1011.6984349999999,30.666666666666668,20.333333333333332,24.333333333333332,16.833333333333332,13.0,7.833333333333333,0.28135174333333335,0.48329666499999996,1.6635143000000001,2.0128191,16.818765,18.341182333333332,139.64334333333332,137.63543666666666,31.55999966666667,32.279999499999995,1.0,1.0,3219.285566666667,3409.6427833333328,23.591586666666668,23.913534666666667,596.6666666666666,680.8333333333334,310.3333333333333,585.3333333333334,52.666666666666664,90.33333333333333,310.3333383333333,585.3333358333333,216.0550533333333,509.681965,33.72802866666667,76.78150766666666,216.05505333333335,509.68196499999993,257.6666666666667,495.0,631.0483633333333,735.52419,472.27448,828.2006733333333,182.3270266666667,432.90047,377.00105666666667,579.0565266666666,319.3299800000001,712.5031233333333,1015.0,1015.0,0.0,0.0,22.0,20.5,-0.4886419420963566,-0.716312842727096,0.846352670420018,0.549646176060429,5.0,5.0,-0.9749279121818236,-0.9749279121818236,-0.2225209339563146,-0.2225209339563146,4.0,4.0,0.8660254037844387,0.8660254037844387,-0.4999999999999998,-0.4999999999999998
2025-04-20 00:00:00+00:00,27.318,20.893576,68.0,30.474262,1012.4571,32.0,17.0,23.0,0.03489059,1.1616046,7.968939,161.56496,19.08,0.0,0.0,22.8,565.0,0.0,0.0,0.0,0.0,0.0,0.0,0.0,0.0,0.0,0.0,0.0,0.0,1015.8,0,0.0,1.0,6,-0.7818314824680299,0.6234898018587334,4,0.8660254037844387,-0.4999999999999998,28.418001,29.618,30.668001,20.951784,21.031706,20.88975,64.0,60.0,56.0,31.09053,31.442265,31.860332,1012.07086,1011.58545,1011.3975,31.0,31.0,30.0,21.0,24.0,28.0,18.0,13.0,8.0,0.10558565,0.28048968,0.4579799,1.3932595,1.6591246,1.9381588,11.4862,17.581125,21.38897,147.80429,137.4896,133.63614,25.199999,31.68,37.8,1.0,1.0,1.0,2457.8567,3600.0,3600.0,23.20192,23.65227,23.92057,630.0,580.0,580.0,84.0,302.0,545.0,24.0,57.0,77.0,84.000015,302.0,545.0,0.0,202.46533,445.69983,0.0,38.213654,62.970432,0.0,202.46533,445.69983,60.0,245.0,468.0,385.73495,690.403,817.00714,158.66248,481.27316,776.8878,0.0,164.25168,382.7294,0.0,462.8565,668.14667,0.0,322.65274,635.3372,1015.4,1014.9,1014.7,0.0,0.0,0.0,23.0,22.0,21.0,-0.25881904510252157,-0.5000000000000004,-0.7071067811865477,0.9659258262890681,0.8660254037844384,0.7071067811865474,5.0,5.0,5.0,-0.9749279121818236,-0.9749279121818236,-0.9749279121818236,-0.2225209339563146,-0.2225209339563146,-0.2225209339563146,4.0,4.0,4.0,0.8660254037844387,0.8660254037844387,0.8660254037844387,-0.4999999999999998,-0.4999999999999998,-0.4999999999999998,28.451333666666667,29.968000000000004,20.959022,20.845923333333335,64.0,58.5,31.002352333333334,32.24510866666667,1012.0378033333333,1011.7719350000001,31.333333333333332,25.666666666666668,20.666666666666668,19.666666666666668,18.0,11.666666666666666,0.14032197333333332,0.36350738,1.4046629,1.7894464333333333,12.345421333333334,16.739151333333336,148.95295000000002,141.64799666666667,25.31999966666667,30.35999983333333,0.6666666666666666,0.8333333333333334,2019.2855666666665,2809.6427833333328,23.218063333333333,23.660766833333337,591.6666666666666,635.8333333333334,128.66666666666666,426.1666666666667,27.0,64.5,128.66667166666667,426.1666691666667,67.4884433333333,355.37793166666665,12.737884666666666,51.73739766666667,67.48844333333334,355.3779316666666,101.66666666666667,361.6666666666667,358.71264999999994,598.2440483333334,213.31188,608.6432066666666,54.750560000000036,303.64053666666666,154.28549999999996,445.97037666666665,107.55091333333341,499.65325666666666,1015.3666666666667,1015.0833333333334,0.0,0.0,15.0,17.5,-0.2529396817008407,-0.5496461760604295,0.9439837433578355,0.7163128427270956,5.333333333333333,5.166666666666667,-0.9105624356105592,-0.9427451738961913,0.0594826446487014,-0.08151914465380661,4.0,4.0,0.8660254037844387,0.8660254037844387,-0.4999999999999998,-0.4999999999999998
2025-04-20 01:00:00+00:00,26.418001,20.962523,72.0,29.760033,1012.9456,21.0,11.0,15.0,0.02256284,0.96411324,6.9527545,158.74942,17.28,0.0,0.0,22.548563,540.0,0.0,0.0,0.0,0.0,0.0,0.0,0.0,0.0,0.0,0.0,0.0,0.0,1016.3,1,0.25881904510252074,0.9659258262890683,6,-0.7818314824680299,0.6234898018587334,4,0.8660254037844387,-0.4999999999999998,27.318,28.418001,29.618,20.893576,20.951784,21.031706,68.0,64.0,60.0,30.474262,31.09053,31.442265,1012.4571,1012.07086,1011.58545,32.0,31.0,31.0,17.0,21.0,24.0,23.0,18.0,13.0,0.03489059,0.10558565,0.28048968,1.1616046,1.3932595,1.6591246,7.968939,11.4862,17.581125,161.56496,147.80429,137.4896,19.08,25.199999,31.68,0.0,1.0,1.0,0.0,2457.8567,3600.0,22.8,23.20192,23.65227,565.0,630.0,580.0,0.0,84.0,302.0,0.0,24.0,57.0,0.0,84.000015,302.0,0.0,0.0,202.46533,0.0,0.0,38.213654,0.0,0.0,202.46533,0.0,60.0,245.0,0.0,385.73495,690.403,0.0,158.66248,481.27316,0.0,0.0,164.25168,0.0,0.0,462.8565,0.0,0.0,322.65274,1015.8,1015.4,1014.9,0.0,0.0,0.0,0.0,23.0,22.0,0.0,-0.25881904510252157,-0.5000000000000004,1.0,0.9659258262890681,0.8660254037844384,6.0,5.0,5.0,-0.7818314824680299,-0.9749279121818236,-0.9749279121818236,0.6234898018587334,-0.2225209339563146,-0.2225209339563146,4.0,4.0,4.0,0.8660254037844387,0.8660254037844387,0.8660254037844387,-0.4999999999999998,-0.4999999999999998,-0.4999999999999998,27.384667333333336,28.993000500000004,20.935961000000002,20.9186115,68.0,62.166666666666664,30.441608333333335,31.357195333333333,1012.4911866666666,1011.9772016666667,28.0,27.5,16.333333333333332,20.0,18.666666666666668,13.666666666666666,0.05434636,0.2502501366666667,1.1729924466666666,1.5481838733333333,8.802631166666666,14.545988916666666,156.03955666666667,145.48537666666667,20.519999666666667,27.719999833333333,0.3333333333333333,0.6666666666666666,819.2855666666666,2209.642783333333,22.850161000000003,23.377746833333333,578.3333333333334,588.3333333333334,28.0,279.3333333333333,8.0,43.0,28.000005,279.3333358333333,0.0,218.28857666666667,0.0,31.664156000000002,0.0,218.28857666666667,20.0,236.33333333333334,128.57831666666667,457.72004833333335,52.88749333333333,407.0280066666666,0.0,186.62442,0.0,314.77166666666665,0.0,311.41744,1015.8333333333334,1015.2999999999998,0.0,0.0,8.0,14.5,-2.7755575615628914e-16,-0.3455220308284979,0.9772838841927122,0.8341639729248538,5.666666666666667,5.333333333333333,-0.8461969590392945,-0.9105624356105592,0.3414862232537174,0.0594826446487014,4.0,4.0,0.8660254037844387,0.8660254037844387,-0.4999999999999998,-0.4999999999999998
2025-04-20 02:00:00+00:00,25.618,21.285103,77.0,29.02356,1013.43506,11.0,6.0,8.0,0.018289473,0.75538325,7.7043357,142.59457,15.84,0.0,0.0,22.50374,555.0,0.0,0.0,0.0,0.0,0.0,0.0,0.0,0.0,0.0,0.0,0.0,0.0,1016.8,2,0.49999999999999994,0.8660254037844387,6,-0.7818314824680299,0.6234898018587334,4,0.8660254037844387,-0.4999999999999998,26.418001,27.318,28.418001,20.962523,20.893576,20.951784,72.0,68.0,64.0,29.760033,30.474262,31.09053,1012.9456,1012.4571,1012.07086,21.0,32.0,31.0,11.0,17.0,21.0,15.0,23.0,18.0,0.02256284,0.03489059,0.10558565,0.96411324,1.1616046,1.3932595,6.9527545,7.968939,11.4862,158.74942,161.56496,147.80429,17.28,19.08,25.199999,0.0,0.0,1.0,0.0,0.0,2457.8567,22.548563,22.8,23.20192,540.0,565.0,630.0,0.0,0.0,84.0,0.0,0.0,24.0,0.0,0.0,84.000015,0.0,0.0,0.0,0.0,0.0,0.0,0.0,0.0,0.0,0.0,0.0,60.0,0.0,0.0,385.73495,0.0,0.0,158.66248,0.0,0.0,0.0,0.0,0.0,0.0,0.0,0.0,0.0,1016.3,1015.8,1015.4,0.0,0.0,0.0,1.0,0.0,23.0,0.25881904510252074,0.0,-0.25881904510252157,0.9659258262890683,1.0,0.9659258262890681,6.0,6.0,5.0,-0.7818314824680299,-0.7818314824680299,-0.9749279121818236,0.6234898018587334,0.6234898018587334,-0.2225209339563146,4.0,4.0,4.0,0.8660254037844387,0.8660254037844387,0.8660254037844387,-0.4999999999999998,-0.4999999999999998,-0.4999999999999998,26.451333666666667,28.00966716666667,21.04706733333333,21.002407,72.33333333333333,66.16666666666667,29.752618333333334,30.608497,1012.94592,1012.3152616666666,21.333333333333332,26.0,11.333333333333334,17.833333333333332,15.333333333333334,14.166666666666666,0.025247634333333335,0.15329968883333334,0.96036703,1.3119406649999998,7.542009733333333,12.180387366666666,154.30298333333334,146.97316333333333,17.400000000000002,24.479999833333334,0.0,0.5,0.0,1609.6427833333335,22.617434333333335,23.104510500000004,553.3333333333334,575.0,0.0,155.16666666666666,0.0,26.333333333333332,0.0,155.16666916666665,0.0,108.02752666666667,0.0,16.864014333333333,0.0,108.02752666666665,0.0,128.83333333333334,0.0,315.52418166666666,0.0,236.13724,0.0,91.16351333333331,0.0,188.50052833333334,0.0,159.66499000000002,1016.2999999999998,1015.65,0.0,0.0,1.0,11.5,0.25293968170084025,-0.11785113019775821,0.9439837433578356,0.8951682068889268,6.0,5.5,-0.7818314824680299,-0.8783796973249268,0.6234898018587334,0.20048443395120938,4.0,4.0,0.8660254037844387,0.8660254037844387,-0.4999999999999998,-0.4999999999999998
2025-04-20 03:00:00+00:00,24.968,21.277786,80.0,28.268353,1013.62683,0.0,0.0,0.0,0.015817957,0.6319864,8.404285,136.73567,14.04,0.0,0.0,22.298782,615.0,0.0,0.0,0.0,0.0,0.0,0.0,0.0,0.0,0.0,0.0,0.0,0.0,1017.0,3,0.7071067811865476,0.7071067811865476,6,-0.7818314824680299,0.6234898018587334,4,0.8660254037844387,-0.4999999999999998,25.618,26.418001,27.318,21.285103,20.962523,20.893576,77.0,72.0,68.0,29.02356,29.760033,30.474262,1013.43506,1012.9456,1012.4571,11.0,21.0,32.0,6.0,11.0,17.0,8.0,15.0,23.0,0.018289473,0.02256284,0.03489059,0.75538325,0.96411324,1.1616046,7.7043357,6.9527545,7.968939,142.59457,158.74942,161.56496,15.84,17.28,19.08,0.0,0.0,0.0,0.0,0.0,0.0,22.50374,22.548563,22.8,555.0,540.0,565.0,0.0,0.0,0.0,0.0,0.0,0.0,0.0,0.0,0.0,0.0,0.0,0.0,0.0,0.0,0.0,0.0,0.0,0.0,0.0,0.0,0.0,0.0,0.0,0.0,0.0,0.0,0.0,0.0,0.0,0.0,0.0,0.0,0.0,0.0,0.0,0.0,1016.8,1016.3,1015.8,0.0,0.0,0.0,2.0,1.0,0.0,0.49999999999999994,0.25881904510252074,0.0,0.8660254037844387,0.9659258262890683,1.0,6.0,6.0,6.0,-0.7818314824680299,-0.7818314824680299,-0.7818314824680299,0.6234898018587334,0.6234898018587334,0.6234898018587334,4.0,4.0,4.0,0.8660254037844387,0.8660254037844387,0.8660254037844387,-0.4999999999999998,-0.4999999999999998,-0.4999999999999998,25.668000333333335,27.059667,21.175137333333335,21.067079666666668,76.33333333333333,70.16666666666667,29.01731533333334,30.00983383333333,1013.33583,1012.6868166666667,10.666666666666666,21.0,5.666666666666667,13.166666666666666,7.666666666666667,12.833333333333334,0.018890090000000002,0.07960603166666667,0.7838276299999999,1.0942452649999999,7.687125066666667,10.0162732,146.02655333333334,147.48975166666665,15.720000000000004,20.519999833333333,0.0,0.3333333333333333,0.0,1009.6427833333333,22.450361666666666,22.834212500000003,570.0,580.8333333333334,0.0,64.33333333333333,0.0,13.5,0.0,64.33333583333334,0.0,33.74422166666667,0.0,6.368942333333333,0.0,33.74422166666665,0.0,50.833333333333336,0.0,179.35632499999997,0.0,106.65594,0.0,27.37527999999998,0.0,77.14274999999998,0.0,53.77545666666666,1016.6999999999999,1016.0333333333333,0.0,0.0,2.0,8.5,0.4886419420963561,0.11785113019775768,0.8463526704200183,0.8951682068889268,6.0,5.666666666666667,-0.7818314824680299,-0.8461969590392945,0.6234898018587334,0.3414862232537174,4.0,4.0,0.8660254037844387,0.8660254037844387,-0.4999999999999998,-0.4999999999999998
2025-04-20 04:00:00+00:00,24.518,21.042171,81.0,27.762333,1013.32275,11.0,11.0,0.0,0.012273427,0.5845046,7.928177,140.52757,13.679999,0.0,0.0,22.00296,575.0,0.0,0.0,0.0,0.0,0.0,0.0,0.0,0.0,0.0,0.0,0.0,0.0,1016.7,4,0.8660254037844386,0.5000000000000001,6,-0.7818314824680299,0.6234898018587334,4,0.8660254037844387,-0.4999999999999998,24.968,25.618,26.418001,21.277786,21.285103,20.962523,80.0,77.0,72.0,28.268353,29.02356,29.760033,1013.62683,1013.43506,1012.9456,0.0,11.0,21.0,0.0,6.0,11.0,0.0,8.0,15.0,0.015817957,0.018289473,0.02256284,0.6319864,0.75538325,0.96411324,8.404285,7.7043357,6.9527545,136.73567,142.59457,158.74942,14.04,15.84,17.28,0.0,0.0,0.0,0.0,0.0,0.0,22.298782,22.50374,22.548563,615.0,555.0,540.0,0.0,0.0,0.0,0.0,0.0,0.0,0.0,0.0,0.0,0.0,0.0,0.0,0.0,0.0,0.0,0.0,0.0,0.0,0.0,0.0,0.0,0.0,0.0,0.0,0.0,0.0,0.0,0.0,0.0,0.0,0.0,0.0,0.0,0.0,0.0,0.0,1017.0,1016.8,1016.3,0.0,0.0,0.0,3.0,2.0,1.0,0.7071067811865476,0.49999999999999994,0.25881904510252074,0.7071067811865476,0.8660254037844387,0.9659258262890683,6.0,6.0,6.0,-0.7818314824680299,-0.7818314824680299,-0.7818314824680299,0.6234898018587334,0.6234898018587334,0.6234898018587334,4.0,4.0,4.0,0.8660254037844387,0.8660254037844387,0.8660254037844387,-0.4999999999999998,-0.4999999999999998,-0.4999999999999998,25.034666666666666,26.209667,21.201686666666664,21.068823833333333,79.33333333333333,73.66666666666667,28.351415333333335,29.396511833333335,1013.4615466666668,1012.9763666666668,7.333333333333333,17.666666666666668,5.666666666666667,11.0,2.6666666666666665,10.666666666666666,0.015460285666666665,0.03490332283333333,0.6572914166666667,0.9151419316666666,8.012265900000001,8.407448533333334,139.95260333333331,147.99608,14.519999666666669,17.519999666666667,0.0,0.16666666666666666,0.0,409.6427833333333,22.268494,22.5593275,581.6666666666666,580.0,0.0,14.0,0.0,4.0,0.0,14.0000025,0.0,0.0,0.0,0.0,0.0,0.0,0.0,10.0,0.0,64.28915833333333,0.0,26.443746666666666,0.0,0.0,0.0,0.0,0.0,0.0,1016.8333333333334,1016.3333333333331,0.0,0.0,3.0,5.5,0.6910440616569954,0.3455220308284976,0.6910440616569956,0.8341639729248538,6.0,5.833333333333333,-0.7818314824680299,-0.8140142207536621,0.6234898018587334,0.4824880125562254,4.0,4.0,0.8660254037844387,0.8660254037844387,-0.4999999999999998,-0.4999999999999998
2025-04-20 05:00:00+00:00,24.218,20.949389,82.0,27.53423,1012.82117,22.0,22.0,0.0,0.007935919,0.5439007,7.10031,149.53453,13.32,0.0,0.0,21.84935,555.0,0.0,0.0,0.0,0.0,0.0,0.0,0.0,0.0,0.0,0.0,0.0,0.0,1016.2,5,0.9659258262890683,0.25881904510252074,6,-0.7818314824680299,0.6234898018587334,4,0.8660254037844387,-0.4999999999999998,24.518,24.968,25.618,21.042171,21.277786,21.285103,81.0,80.0,77.0,27.762333,28.268353,29.02356,1013.32275,1013.62683,1013.43506,11.0,0.0,11.0,11.0,0.0,6.0,0.0,0.0,8.0,0.012273427,0.015817957,0.018289473,0.5845046,0.6319864,0.75538325,7.928177,8.404285,7.7043357,140.52757,136.73567,142.59457,13.679999,14.04,15.84,0.0,0.0,0.0,0.0,0.0,0.0,22.00296,22.298782,22.50374,575.0,615.0,555.0,0.0,0.0,0.0,0.0,0.0,0.0,0.0,0.0,0.0,0.0,0.0,0.0,0.0,0.0,0.0,0.0,0.0,0.0,0.0,0.0,0.0,0.0,0.0,0.0,0.0,0.0,0.0,0.0,0.0,0.0,0.0,0.0,0.0,0.0,0.0,0.0,1016.7,1017.0,1016.8,0.0,0.0,0.0,4.0,3.0,2.0,0.8660254037844386,0.7071067811865476,0.49999999999999994,0.5000000000000001,0.7071067811865476,0.8660254037844387,6.0,6.0,6.0,-0.7818314824680299,-0.7818314824680299,-0.7818314824680299,0.6234898018587334,0.6234898018587334,0.6234898018587334,4.0,4.0,4.0,0.8660254037844387,0.8660254037844387,0.8660254037844387,-0.4999999999999998,-0.4999999999999998,-0.4999999999999998,24.568,25.50966683333333,21.089782,21.068424666666665,81.0,76.66666666666667,27.854972000000004,28.803795166666664,1013.2569166666667,1013.1014183333335,11.0,16.166666666666668,11.0,11.166666666666666,0.0,7.666666666666667,0.012009101,0.018628367666666666,0.5867972333333333,0.7735821316666666,7.810924,7.676466866666666,142.26592333333335,148.28445333333335,13.679999666666669,15.539999833333333,0.0,0.0,0.0,0.0,22.050364000000002,22.33389916666667,581.6666666666666,567.5,0.0,0.0,0.0,0.0,0.0,0.0,0.0,0.0,0.0,0.0,0.0,0.0,0.0,0.0,0.0,0.0,0.0,0.0,0.0,0.0,0.0,0.0,0.0,0.0,1016.6333333333333,1016.4666666666667,0.0,0.0,4.0,2.5,0.8463526704200182,0.5496461760604292,0.4886419420963562,0.7163128427270959,6.0,6.0,-0.7818314824680299,-0.7818314824680299,0.6234898018587334,0.6234898018587334,4.0,4.0,0.8660254037844387,0.8660254037844387,-0.4999999999999998,-0.4999999999999998
2025-04-20 06:00:00+00:00,23.868,20.804733,83.0,27.197437,1012.4184,33.0,33.0,0.0,0.0044814604,0.503026,6.489992,160.55988,12.959999,0.0,0.0,21.645582,535.0,0.0,0.0,0.0,0.0,0.0,0.0,0.0,0.0,0.0,0.0,0.0,0.0,1015.8,6,1.0,6.123233995736766e-17,6,-0.7818314824680299,0.6234898018587334,4,0.8660254037844387,-0.4999999999999998,24.218,24.518,24.968,20.949389,21.042171,21.277786,82.0,81.0,80.0,27.53423,27.762333,28.268353,1012.82117,1013.32275,1013.62683,22.0,11.0,0.0,22.0,11.0,0.0,0.0,0.0,0.0,0.007935919,0.012273427,0.015817957,0.5439007,0.5845046,0.6319864,7.10031,7.928177,8.404285,149.53453,140.52757,136.73567,13.32,13.679999,14.04,0.0,0.0,0.0,0.0,0.0,0.0,21.84935,22.00296,22.298782,555.0,575.0,615.0,0.0,0.0,0.0,0.0,0.0,0.0,0.0,0.0,0.0,0.0,0.0,0.0,0.0,0.0,0.0,0.0,0.0,0.0,0.0,0.0,0.0,0.0,0.0,0.0,0.0,0.0,0.0,0.0,0.0,0.0,0.0,0.0,0.0,0.0,0.0,0.0,1016.2,1016.7,1017.0,0.0,0.0,0.0,5.0,4.0,3.0,0.9659258262890683,0.8660254037844386,0.7071067811865476,0.25881904510252074,0.5000000000000001,0.7071067811865476,6.0,6.0,6.0,-0.7818314824680299,-0.7818314824680299,-0.7818314824680299,0.6234898018587334,0.6234898018587334,0.6234898018587334,4.0,4.0,4.0,0.8660254037844387,0.8660254037844387,0.8660254037844387,-0.4999999999999998,-0.4999999999999998,-0.4999999999999998,24.201333333333334,24.934666833333335,20.932097666666664,21.053617499999998,82.0,79.16666666666667,27.498,28.257657666666663,1012.8541066666667,1013.0949683333333,22.0,16.333333333333332,22.0,13.833333333333334,0.0,3.8333333333333335,0.008230268800000001,0.013560179399999999,0.5438104333333333,0.6638190316666666,7.172826333333333,7.4299757,150.20732666666666,148.11694,13.319999333333335,14.519999666666665,0.0,0.0,0.0,0.0,21.83263066666667,22.141496166666666,555.0,562.5,0.0,0.0,0.0,0.0,0.0,0.0,0.0,0.0,0.0,0.0,0.0,0.0,0.0,0.0,0.0,0.0,0.0,0.0,0.0,0.0,0.0,0.0,0.0,0.0,1016.2333333333335,1016.4666666666666,0.0,0.0,5.0,3.5,0.9439837433578356,0.7163128427270958,0.25293968170084036,0.5496461760604293,6.0,6.0,-0.7818314824680299,-0.7818314824680299,0.6234898018587334,0.6234898018587334,4.0,4.0,0.8660254037844387,0.8660254037844387,-0.4999999999999998,-0.4999999999999998
2025-04-20 07:00:00+00:00,23.318,20.84321,86.0,26.799679,1012.213,38.0,38.0,0.0,0.0,0.4007759,5.5887027,165.06853,11.159999,0.0,0.0,21.51032,540.0,0.0,0.0,0.0,0.0,0.0,0.0,0.0,0.0,0.0,0.0,0.0,0.0,1015.6,7,0.9659258262890683,-0.25881904510252063,6,-0.7818314824680299,0.6234898018587334,4,0.8660254037844387,-0.4999999999999998,23.868,24.218,24.518,20.804733,20.949389,21.042171,83.0,82.0,81.0,27.197437,27.53423,27.762333,1012.4184,1012.82117,1013.32275,33.0,22.0,11.0,33.0,22.0,11.0,0.0,0.0,0.0,0.0044814604,0.007935919,0.012273427,0.503026,0.5439007,0.5845046,6.489992,7.10031,7.928177,160.55988,149.53453,140.52757,12.959999,13.32,13.679999,0.0,0.0,0.0,0.0,0.0,0.0,21.645582,21.84935,22.00296,535.0,555.0,575.0,0.0,0.0,0.0,0.0,0.0,0.0,0.0,0.0,0.0,0.0,0.0,0.0,0.0,0.0,0.0,0.0,0.0,0.0,0.0,0.0,0.0,0.0,0.0,0.0,0.0,0.0,0.0,0.0,0.0,0.0,0.0,0.0,0.0,0.0,0.0,0.0,1015.8,1016.2,1016.7,0.0,0.0,0.0,6.0,5.0,4.0,1.0,0.9659258262890683,0.8660254037844386,6.123233995736766e-17,0.25881904510252074,0.5000000000000001,6.0,6.0,6.0,-0.7818314824680299,-0.7818314824680299,-0.7818314824680299,0.6234898018587334,0.6234898018587334,0.6234898018587334,4.0,4.0,4.0,0.8660254037844387,0.8660254037844387,0.8660254037844387,-0.4999999999999998,-0.4999999999999998,-0.4999999999999998,23.801333333333332,24.418000000000003,20.86577733333333,21.033731999999997,83.66666666666667,81.5,27.177115333333337,27.76426533333333,1012.48419,1012.9728683333333,31.0,19.166666666666668,31.0,18.333333333333332,0.0,1.3333333333333333,0.004139126466666666,0.009799706066666667,0.4825675333333333,0.5699294749999998,6.393001566666666,7.202633733333333,158.38764666666668,149.170125,12.479999333333334,13.4999995,0.0,0.0,0.0,0.0,21.668417333333334,21.968455666666667,543.3333333333334,562.5,0.0,0.0,0.0,0.0,0.0,0.0,0.0,0.0,0.0,0.0,0.0,0.0,0.0,0.0,0.0,0.0,0.0,0.0,0.0,0.0,0.0,0.0,0.0,0.0,1015.8666666666667,1016.35,0.0,0.0,6.0,4.5,0.9772838841927122,0.8341639729248538,9.251858538542972e-17,0.3455220308284977,6.0,6.0,-0.7818314824680299,-0.7818314824680299,0.6234898018587334,0.6234898018587334,4.0,4.0,0.8660254037844387,0.8660254037844387,-0.4999999999999998,-0.4999999999999998
2025-04-20 08:00:00+00:00,22.668001,20.761106,89.0,26.23177,1012.10583,42.0,42.0,0.0,0.0,0.30276942,4.73506,171.25392,9.36,0.0,0.0,21.267488,535.0,0.0,0.0,0.0,0.0,0.0,0.0,0.0,0.0,0.0,0.0,0.0,0.0,1015.5,8,0.8660254037844387,-0.4999999999999998,6,-0.7818314824680299,0.6234898018587334,4,0.8660254037844387,-0.4999999999999998,23.318,23.868,24.218,20.84321,20.804733,20.949389,86.0,83.0,82.0,26.799679,27.197437,27.53423,1012.213,1012.4184,1012.82117,38.0,33.0,22.0,38.0,33.0,22.0,0.0,0.0,0.0,0.0,0.0044814604,0.007935919,0.4007759,0.503026,0.5439007,5.5887027,6.489992,7.10031,165.06853,160.55988,149.53453,11.159999,12.959999,13.32,0.0,0.0,0.0,0.0,0.0,0.0,21.51032,21.645582,21.84935,540.0,535.0,555.0,0.0,0.0,0.0,0.0,0.0,0.0,0.0,0.0,0.0,0.0,0.0,0.0,0.0,0.0,0.0,0.0,0.0,0.0,0.0,0.0,0.0,0.0,0.0,0.0,0.0,0.0,0.0,0.0,0.0,0.0,0.0,0.0,0.0,0.0,0.0,0.0,1015.6,1015.8,1016.2,0.0,0.0,0.0,7.0,6.0,5.0,0.9659258262890683,1.0,0.9659258262890683,-0.25881904510252063,6.123233995736766e-17,0.25881904510252074,6.0,6.0,6.0,-0.7818314824680299,-0.7818314824680299,-0.7818314824680299,0.6234898018587334,0.6234898018587334,0.6234898018587334,4.0,4.0,4.0,0.8660254037844387,0.8660254037844387,0.8660254037844387,-0.4999999999999998,-0.4999999999999998,-0.4999999999999998,23.284667,23.926333500000002,20.803016333333336,20.946399166666666,86.0,83.5,26.742962000000006,27.298967,1012.2457433333333,1012.75133,37.666666666666664,24.333333333333332,37.666666666666664,24.333333333333332,0.0,0.0,0.0014938201333333332,0.006751460566666667,0.40219044000000004,0.4944938366666665,5.6045849,6.70775445,165.62744333333333,153.94668333333334,11.159999333333333,12.419999499999998,0.0,0.0,0.0,0.0,21.474463333333333,21.76241366666667,536.6666666666666,559.1666666666666,0.0,0.0,0.0,0.0,0.0,0.0,0.0,0.0,0.0,0.0,0.0,0.0,0.0,0.0,0.0,0.0,0.0,0.0,0.0,0.0,0.0,0.0,0.0,0.0,1015.6333333333333,1016.1333333333333,0.0,0.0,7.0,5.5,0.9439837433578356,0.8951682068889268,-0.2529396817008401,0.11785113019775799,6.0,6.0,-0.7818314824680299,-0.7818314824680299,0.6234898018587334,0.6234898018587334,4.0,4.0,0.8660254037844387,0.8660254037844387,-0.4999999999999998,-0.4999999999999998
2025-04-20 09:00:00+00:00,22.518,20.974379,91.0,26.357119,1012.1041,47.0,47.0,0.0,0.0,0.24547362,3.6179552,174.2895,7.5599995,0.0,0.0,21.37974,455.0,0.0,0.0,0.0,0.0,0.0,0.0,0.0,0.0,0.0,0.0,0.0,0.0,1015.5,9,0.7071067811865476,-0.7071067811865475,6,-0.7818314824680299,0.6234898018587334,4,0.8660254037844387,-0.4999999999999998,22.668001,23.318,23.868,20.761106,20.84321,20.804733,89.0,86.0,83.0,26.23177,26.799679,27.197437,1012.10583,1012.213,1012.4184,42.0,38.0,33.0,42.0,38.0,33.0,0.0,0.0,0.0,0.0,0.0,0.0044814604,0.30276942,0.4007759,0.503026,4.73506,5.5887027,6.489992,171.25392,165.06853,160.55988,9.36,11.159999,12.959999,0.0,0.0,0.0,0.0,0.0,0.0,21.267488,21.51032,21.645582,535.0,540.0,535.0,0.0,0.0,0.0,0.0,0.0,0.0,0.0,0.0,0.0,0.0,0.0,0.0,0.0,0.0,0.0,0.0,0.0,0.0,0.0,0.0,0.0,0.0,0.0,0.0,0.0,0.0,0.0,0.0,0.0,0.0,0.0,0.0,0.0,0.0,0.0,0.0,1015.5,1015.6,1015.8,0.0,0.0,0.0,8.0,7.0,6.0,0.8660254037844387,0.9659258262890683,1.0,-0.4999999999999998,-0.25881904510252063,6.123233995736766e-17,6.0,6.0,6.0,-0.7818314824680299,-0.7818314824680299,-0.7818314824680299,0.6234898018587334,0.6234898018587334,0.6234898018587334,4.0,4.0,4.0,0.8660254037844387,0.8660254037844387,0.8660254037844387,-0.4999999999999998,-0.4999999999999998,-0.4999999999999998,22.834667,23.518000166666667,20.859565,20.895831333333334,88.66666666666667,85.33333333333333,26.462856000000002,26.980428000000003,1012.1409766666666,1012.4975416666666,42.333333333333336,32.166666666666664,42.333333333333336,32.166666666666664,0.0,0.0,0.0,0.0041151344000000005,0.31633964666666664,0.4300750399999998,4.6472393,5.910032816666667,170.20398333333333,160.205655,9.359999500000002,11.339999416666666,0.0,0.0,0.0,0.0,21.385849333333336,21.60924,510.0,532.5,0.0,0.0,0.0,0.0,0.0,0.0,0.0,0.0,0.0,0.0,0.0,0.0,0.0,0.0,0.0,0.0,0.0,0.0,0.0,0.0,0.0,0.0,0.0,0.0,1015.5333333333333,1015.8833333333333,0.0,0.0,8.0,6.5,0.8463526704200183,0.8951682068889268,-0.4886419420963559,-0.11785113019775785,6.0,6.0,-0.7818314824680299,-0.7818314824680299,0.6234898018587334,0.6234898018587334,4.0,4.0,0.8660254037844387,0.8660254037844387,-0.4999999999999998,-0.4999999999999998
2025-04-20 10:00:00+00:00,22.968,21.23887,90.0,27.052055,1012.40826,44.0,44.0,0.0,0.0,0.2802739,2.9024127,187.12492,6.4799995,0.0,0.0,21.693197,420.0,0.0,0.0,0.0,0.0,0.0,0.0,0.0,0.0,0.0,0.0,0.0,0.0,1015.8,10,0.49999999999999994,-0.8660254037844387,6,-0.7818314824680299,0.6234898018587334,4,0.8660254037844387,-0.4999999999999998,22.518,22.668001,23.318,20.974379,20.761106,20.84321,91.0,89.0,86.0,26.357119,26.23177,26.799679,1012.1041,1012.10583,1012.213,47.0,42.0,38.0,47.0,42.0,38.0,0.0,0.0,0.0,0.0,0.0,0.0,0.24547362,0.30276942,0.4007759,3.6179552,4.73506,5.5887027,174.2895,171.25392,165.06853,7.5599995,9.36,11.159999,0.0,0.0,0.0,0.0,0.0,0.0,21.37974,21.267488,21.51032,455.0,535.0,540.0,0.0,0.0,0.0,0.0,0.0,0.0,0.0,0.0,0.0,0.0,0.0,0.0,0.0,0.0,0.0,0.0,0.0,0.0,0.0,0.0,0.0,0.0,0.0,0.0,0.0,0.0,0.0,0.0,0.0,0.0,0.0,0.0,0.0,0.0,0.0,0.0,1015.5,1015.5,1015.6,0.0,0.0,0.0,9.0,8.0,7.0,0.7071067811865476,0.8660254037844387,0.9659258262890683,-0.7071067811865475,-0.4999999999999998,-0.25881904510252063,6.0,6.0,6.0,-0.7818314824680299,-0.7818314824680299,-0.7818314824680299,0.6234898018587334,0.6234898018587334,0.6234898018587334,4.0,4.0,4.0,0.8660254037844387,0.8660254037844387,0.8660254037844387,-0.4999999999999998,-0.4999999999999998,-0.4999999999999998,22.718000333333332,23.25966683333333,20.991451666666666,20.9286145,90.0,86.83333333333333,26.54698133333334,26.862048333333334,1012.2060633333334,1012.3451266666666,44.333333333333336,37.666666666666664,44.333333333333336,37.666666666666664,0.0,0.0,0.0,0.002069563233333333,0.27617231333333336,0.3793699233333332,3.7518093,5.0724054333333335,177.55611333333331,167.97188,7.799999666666669,10.1399995,0.0,0.0,0.0,0.0,21.446808333333337,21.557612833333337,470.0,506.6666666666667,0.0,0.0,0.0,0.0,0.0,0.0,0.0,0.0,0.0,0.0,0.0,0.0,0.0,0.0,0.0,0.0,0.0,0.0,0.0,0.0,0.0,0.0,0.0,0.0,1015.6,1015.7333333333335,0.0,0.0,9.0,7.5,0.6910440616569954,0.8341639729248538,-0.6910440616569953,-0.34552203082849764,6.0,6.0,-0.7818314824680299,-0.7818314824680299,0.6234898018587334,0.6234898018587334,4.0,4.0,0.8660254037844387,0.8660254037844387,-0.4999999999999998,-0.4999999999999998
2025-04-20 11:00:00+00:00,23.818,21.522724,87.0,28.195282,1012.91614,40.0,40.0,0.0,0.0077154394,0.3834889,1.9386592,201.80147,5.7599998,1.0,860.1063,22.131315,420.0,38.0,15.0,37.999992,85.52609,33.7603,48.849304,23.0,226.09236,78.777084,51.765793,290.64362,177.30252,1016.3,11,0.258819045102521,-0.9659258262890682,6,-0.7818314824680299,0.6234898018587334,4,0.8660254037844387,-0.4999999999999998,22.968,22.518,22.668001,21.23887,20.974379,20.761106,90.0,91.0,89.0,27.052055,26.357119,26.23177,1012.40826,1012.1041,1012.10583,44.0,47.0,42.0,44.0,47.0,42.0,0.0,0.0,0.0,0.0,0.0,0.0,0.2802739,0.24547362,0.30276942,2.9024127,3.6179552,4.73506,187.12492,174.2895,171.25392,6.4799995,7.5599995,9.36,0.0,0.0,0.0,0.0,0.0,0.0,21.693197,21.37974,21.267488,420.0,455.0,535.0,0.0,0.0,0.0,0.0,0.0,0.0,0.0,0.0,0.0,0.0,0.0,0.0,0.0,0.0,0.0,0.0,0.0,0.0,0.0,0.0,0.0,0.0,0.0,0.0,0.0,0.0,0.0,0.0,0.0,0.0,0.0,0.0,0.0,0.0,0.0,0.0,1015.8,1015.5,1015.5,0.0,0.0,0.0,10.0,9.0,8.0,0.49999999999999994,0.7071067811865476,0.8660254037844387,-0.8660254037844387,-0.7071067811865475,-0.4999999999999998,6.0,6.0,6.0,-0.7818314824680299,-0.7818314824680299,-0.7818314824680299,0.6234898018587334,0.6234898018587334,0.6234898018587334,4.0,4.0,4.0,0.8660254037844387,0.8660254037844387,0.8660254037844387,-0.4999999999999998,-0.4999999999999998,-0.4999999999999998,23.101333333333333,23.193000166666668,21.245324333333333,21.024170333333334,89.33333333333333,87.66666666666667,27.201485333333334,26.972223666666665,1012.4761666666667,1012.360955,43.666666666666664,40.666666666666664,43.666666666666664,40.666666666666664,0.0,0.0,0.0025718131333333336,0.0020328166333333335,0.3030788066666667,0.35263462333333323,2.8196757,4.2121303,187.73862999999997,176.68303666666668,6.599999600000003,8.879999466666666,0.3333333333333333,0.16666666666666666,286.70210000000003,143.35105000000001,21.734750666666667,21.604607,431.6666666666667,484.1666666666667,12.666666666666666,6.333333333333333,5.0,2.5,12.666663999999999,6.3333319999999995,28.508696666666626,14.254348333333333,11.253433333333334,5.626716666666667,16.28310133333333,8.141550666666648,7.666666666666667,3.8333333333333335,75.36412,37.68206,26.259028,13.129514,17.255264333333372,8.627632166666649,96.88120666666663,48.440603333333314,59.10084000000007,29.55042,1015.8666666666667,1015.75,0.0,0.0,10.0,8.5,0.4886419420963562,0.7163128427270959,-0.846352670420018,-0.5496461760604291,6.0,6.0,-0.7818314824680299,-0.7818314824680299,0.6234898018587334,0.6234898018587334,4.0,4.0,0.8660254037844387,0.8660254037844387,-0.4999999999999998,-0.4999999999999998
2025-04-20 12:00:00+00:00,25.018,21.729912,82.0,29.600876,1013.2287,37.0,37.0,0.0,0.10275651,0.5704584,1.2979984,213.6901,4.68,1.0,3600.0,22.62158,435.0,170.0,63.0,169.99998,249.84674,92.59026,249.84673,107.0,426.5736,340.07745,157.25648,626.9296,499.80734,1016.6,12,1.2246467991473532e-16,-1.0,6,-0.7818314824680299,0.6234898018587334,4,0.8660254037844387,-0.4999999999999998,23.818,22.968,22.518,21.522724,21.23887,20.974379,87.0,90.0,91.0,28.195282,27.052055,26.357119,1012.91614,1012.40826,1012.1041,40.0,44.0,47.0,40.0,44.0,47.0,0.0,0.0,0.0,0.0077154394,0.0,0.0,0.3834889,0.2802739,0.24547362,1.9386592,2.9024127,3.6179552,201.80147,187.12492,174.2895,5.7599998,6.4799995,7.5599995,1.0,0.0,0.0,860.1063,0.0,0.0,22.131315,21.693197,21.37974,420.0,420.0,455.0,38.0,0.0,0.0,15.0,0.0,0.0,37.999992,0.0,0.0,85.52609,0.0,0.0,33.7603,0.0,0.0,48.849304,0.0,0.0,23.0,0.0,0.0,226.09236,0.0,0.0,78.777084,0.0,0.0,51.765793,0.0,0.0,290.64362,0.0,0.0,177.30252,0.0,0.0,1016.3,1015.8,1015.5,0.0,0.0,0.0,11.0,10.0,9.0,0.258819045102521,0.49999999999999994,0.7071067811865476,-0.9659258262890682,-0.8660254037844387,-0.7071067811865475,6.0,6.0,6.0,-0.7818314824680299,-0.7818314824680299,-0.7818314824680299,0.6234898018587334,0.6234898018587334,0.6234898018587334,4.0,4.0,4.0,0.8660254037844387,0.8660254037844387,0.8660254037844387,-0.4999999999999998,-0.4999999999999998,-0.4999999999999998,23.93466666666667,23.384666833333338,21.497168666666667,21.17836683333333,86.33333333333333,87.5,28.282737666666673,27.372796833333336,1012.8510333333334,1012.496005,40.333333333333336,41.333333333333336,40.333333333333336,41.333333333333336,0.0,0.0,0.03682398313333333,0.018411991566666664,0.41140706666666665,0.36387335666666654,2.046356766666667,3.3467980333333336,200.87216333333333,185.5380733333333,5.639999766666669,7.499999633333332,0.6666666666666666,0.3333333333333333,1486.7021000000002,743.3510500000001,22.148697333333335,21.767273333333335,425.0,467.5,69.33333333333333,34.666666666666664,26.0,13.0,69.33332399999999,34.666661999999995,111.7909433333333,55.89547166666667,42.11685333333333,21.058426666666666,99.56534466666666,49.782672333333316,43.333333333333336,21.666666666666668,217.55532000000002,108.77766000000001,139.618178,69.809089,69.67409100000005,34.83704549999998,305.85774,152.92887,225.70328666666674,112.85164333333334,1016.2333333333332,1015.8833333333333,0.0,0.0,11.0,9.5,0.2529396817008404,0.5496461760604293,-0.9439837433578356,-0.7163128427270958,6.0,6.0,-0.7818314824680299,-0.7818314824680299,0.6234898018587334,0.6234898018587334,4.0,4.0,0.8660254037844387,0.8660254037844387,-0.4999999999999998,-0.4999999999999998
2025-04-20 13:00:00+00:00,26.718,21.4756,73.0,31.348736,1013.4472,36.0,36.0,0.0,0.24525067,0.9461849,0.0,270.0,6.4799995,1.0,3600.0,22.974882,625.0,365.0,114.0,365.0,445.7471,139.21964,445.7471,251.0,523.35254,650.21564,306.52747,639.13116,794.0596,1016.8,13,-0.2588190451025208,-0.9659258262890683,6,-0.7818314824680299,0.6234898018587334,4,0.8660254037844387,-0.4999999999999998,25.018,23.818,22.968,21.729912,21.522724,21.23887,82.0,87.0,90.0,29.600876,28.195282,27.052055,1013.2287,1012.91614,1012.40826,37.0,40.0,44.0,37.0,40.0,44.0,0.0,0.0,0.0,0.10275651,0.0077154394,0.0,0.5704584,0.3834889,0.2802739,1.2979984,1.9386592,2.9024127,213.6901,201.80147,187.12492,4.68,5.7599998,6.4799995,1.0,1.0,0.0,3600.0,860.1063,0.0,22.62158,22.131315,21.693197,435.0,420.0,420.0,170.0,38.0,0.0,63.0,15.0,0.0,169.99998,37.999992,0.0,249.84674,85.52609,0.0,92.59026,33.7603,0.0,249.84673,48.849304,0.0,107.0,23.0,0.0,426.5736,226.09236,0.0,340.07745,78.777084,0.0,157.25648,51.765793,0.0,626.9296,290.64362,0.0,499.80734,177.30252,0.0,1016.6,1016.3,1015.8,0.0,0.0,0.0,12.0,11.0,10.0,1.2246467991473532e-16,0.258819045102521,0.49999999999999994,-1.0,-0.9659258262890682,-0.8660254037844387,6.0,6.0,6.0,-0.7818314824680299,-0.7818314824680299,-0.7818314824680299,0.6234898018587334,0.6234898018587334,0.6234898018587334,4.0,4.0,4.0,0.8660254037844387,0.8660254037844387,0.8660254037844387,-0.4999999999999998,-0.4999999999999998,-0.4999999999999998,25.18466666666667,23.9513335,21.576078666666664,21.283765166666665,80.66666666666667,85.33333333333333,29.71496466666667,28.130973,1013.1973466666667,1012.7017050000001,37.666666666666664,41.0,37.666666666666664,41.0,0.0,0.0,0.11857420646666667,0.05928710323333333,0.6333774,0.4547748566666665,1.0788858666666667,2.4153475833333333,228.49719000000002,203.02665166666665,5.639999766666669,6.719999716666666,1.0,0.5,2686.7021,1343.35105,22.575925666666667,22.011366999999996,493.3333333333333,481.6666666666667,191.0,95.5,64.0,32.0,190.99999066666666,95.49999533333333,260.37330999999995,130.186655,88.5234,44.2617,248.14771133333332,124.07385566666665,127.0,63.5,392.0061666666666,196.0030833333333,356.35672466666665,178.17836233333333,171.84991433333337,85.92495716666666,518.9014599999999,259.45072999999996,490.3898200000001,245.19491000000002,1016.5666666666666,1016.0833333333334,0.0,0.0,12.0,10.5,1.4802973661668753e-16,0.3455220308284978,-0.9772838841927122,-0.8341639729248538,6.0,6.0,-0.7818314824680299,-0.7818314824680299,0.6234898018587334,0.6234898018587334,4.0,4.0,0.8660254037844387,0.8660254037844387,-0.4999999999999998,-0.4999999999999998
2025-04-20 14:00:00+00:00,28.718,20.455048,61.0,32.784508,1013.5691,35.0,35.0,0.0,0.4216418,1.5358956,2.0364676,44.999897,8.28,1.0,3600.0,23.002834,725.0,591.0,146.0,591.0,666.7493,164.71303,666.7493,445.0,654.43164,921.8576,502.0363,738.31104,1040.0134,1016.9,14,-0.4999999999999997,-0.8660254037844388,6,-0.7818314824680299,0.6234898018587334,4,0.8660254037844387,-0.4999999999999998,26.718,25.018,23.818,21.4756,21.729912,21.522724,73.0,82.0,87.0,31.348736,29.600876,28.195282,1013.4472,1013.2287,1012.91614,36.0,37.0,40.0,36.0,37.0,40.0,0.0,0.0,0.0,0.24525067,0.10275651,0.0077154394,0.9461849,0.5704584,0.3834889,0.0,1.2979984,1.9386592,270.0,213.6901,201.80147,6.4799995,4.68,5.7599998,1.0,1.0,1.0,3600.0,3600.0,860.1063,22.974882,22.62158,22.131315,625.0,435.0,420.0,365.0,170.0,38.0,114.0,63.0,15.0,365.0,169.99998,37.999992,445.7471,249.84674,85.52609,139.21964,92.59026,33.7603,445.7471,249.84673,48.849304,251.0,107.0,23.0,523.35254,426.5736,226.09236,650.21564,340.07745,78.777084,306.52747,157.25648,51.765793,639.13116,626.9296,290.64362,794.0596,499.80734,177.30252,1016.8,1016.6,1016.3,0.0,0.0,0.0,13.0,12.0,11.0,-0.2588190451025208,1.2246467991473532e-16,0.258819045102521,-0.9659258262890683,-1.0,-0.9659258262890682,6.0,6.0,6.0,-0.7818314824680299,-0.7818314824680299,-0.7818314824680299,0.6234898018587334,0.6234898018587334,0.6234898018587334,4.0,4.0,4.0,0.8660254037844387,0.8660254037844387,0.8660254037844387,-0.4999999999999998,-0.4999999999999998,-0.4999999999999998,26.818,24.959666666666667,21.220186666666667,21.2327555,72.0,80.66666666666667,31.244706666666673,29.223095999999998,1013.415,1012.9455833333333,36.0,39.833333333333336,36.0,39.833333333333336,0.0,0.0,0.25654965999999996,0.12956073656666667,1.0175129666666667,0.6602958866666665,1.1114886666666666,1.9655821833333336,176.22999900000002,181.9843145,6.479999833333335,6.539999716666666,1.0,0.6666666666666666,3600.0,1943.35105,22.866432000000003,22.300591333333333,595.0,513.3333333333334,375.3333333333333,194.0,107.66666666666667,56.333333333333336,375.33332666666666,193.99999533333335,454.11438,241.31153833333335,132.17431,71.71387166666666,454.11437666666666,235.19873899999996,267.6666666666667,137.66666666666666,534.7859266666666,305.0750233333333,637.3835633333333,331.8212956666667,321.94008333333335,169.59767383333332,668.1239333333333,382.50256999999993,777.9601133333335,418.53047666666663,1016.7666666666668,1016.3166666666666,0.0,0.0,13.0,11.5,-0.2529396817008401,0.117851130197758,-0.9439837433578356,-0.8951682068889268,6.0,6.0,-0.7818314824680299,-0.7818314824680299,0.6234898018587334,0.6234898018587334,4.0,4.0,0.8660254037844387,0.8660254037844387,-0.4999999999999998,-0.4999999999999998
2025-04-20 15:00:00+00:00,30.368,19.10179,51.0,34.86409,1013.3879,34.0,34.0,0.0,0.5906018,2.1220667,3.7585104,73.300674,10.08,1.0,3600.0,22.790304,870.0,801.0,164.0,801.0,860.4971,176.18167,860.4971,637.0,759.85004,1136.5006,684.31537,816.2905,1220.9181,1016.7,15,-0.7071067811865471,-0.7071067811865479,6,-0.7818314824680299,0.6234898018587334,4,0.8660254037844387,-0.4999999999999998,28.718,26.718,25.018,20.455048,21.4756,21.729912,61.0,73.0,82.0,32.784508,31.348736,29.600876,1013.5691,1013.4472,1013.2287,35.0,36.0,37.0,35.0,36.0,37.0,0.0,0.0,0.0,0.4216418,0.24525067,0.10275651,1.5358956,0.9461849,0.5704584,2.0364676,0.0,1.2979984,44.999897,270.0,213.6901,8.28,6.4799995,4.68,1.0,1.0,1.0,3600.0,3600.0,3600.0,23.002834,22.974882,22.62158,725.0,625.0,435.0,591.0,365.0,170.0,146.0,114.0,63.0,591.0,365.0,169.99998,666.7493,445.7471,249.84674,164.71303,139.21964,92.59026,666.7493,445.7471,249.84673,445.0,251.0,107.0,654.43164,523.35254,426.5736,921.8576,650.21564,340.07745,502.0363,306.52747,157.25648,738.31104,639.13116,626.9296,1040.0134,794.0596,499.80734,1016.9,1016.8,1016.6,0.0,0.0,0.0,14.0,13.0,12.0,-0.4999999999999997,-0.2588190451025208,1.2246467991473532e-16,-0.8660254037844388,-0.9659258262890683,-1.0,6.0,6.0,6.0,-0.7818314824680299,-0.7818314824680299,-0.7818314824680299,0.6234898018587334,0.6234898018587334,0.6234898018587334,4.0,4.0,4.0,0.8660254037844387,0.8660254037844387,0.8660254037844387,-0.4999999999999998,-0.4999999999999998,-0.4999999999999998,28.601333333333333,26.268,20.344146000000002,20.920657333333335,61.666666666666664,74.0,32.99911133333334,30.640924499999997,1013.4680666666667,1013.15955,35.0,37.666666666666664,35.0,37.666666666666664,0.0,0.0,0.4191647566666667,0.2279943699,1.5347157333333332,0.9730613999999997,1.9316593333333334,1.98900805,129.43352366666667,165.1528435,8.279999833333335,6.959999799999999,1.0,0.8333333333333334,3600.0,2543.3510499999998,22.922673333333336,22.535685333333333,740.0,582.5,585.6666666666666,327.5,141.33333333333334,83.66666666666667,585.6666666666666,327.49999533333335,657.6645,384.72772166666664,160.0381133333333,101.07748333333332,657.6645,378.61492233333337,444.3333333333333,243.83333333333334,645.8780733333333,431.7166966666667,902.8579466666666,521.2380623333333,497.62638,283.6502355,731.2442333333333,518.5509866666666,1018.3303666666667,622.0168266666667,1016.8000000000001,1016.5166666666668,0.0,0.0,14.0,12.5,-0.48864194209635586,-0.11785113019775778,-0.8463526704200183,-0.895168206888927,6.0,6.0,-0.7818314824680299,-0.7818314824680299,0.6234898018587334,0.6234898018587334,4.0,4.0,0.8660254037844387,0.8660254037844387,-0.4999999999999998,-0.4999999999999998
2025-04-20 16:00:00+00:00,31.318,17.248066,43.0,35.194798,1012.7999,23.0,23.0,0.0,0.7070116,2.6061668,7.072878,104.743614,16.919998,1.0,3600.0,22.114544,1000.0,933.0,169.0,933.0,965.76196,174.93437,965.76196,764.0,809.45245,1279.5289,790.8276,837.87616,1324.4592,1016.1,16,-0.8660254037844385,-0.5000000000000004,6,-0.7818314824680299,0.6234898018587334,4,0.8660254037844387,-0.4999999999999998,30.368,28.718,26.718,19.10179,20.455048,21.4756,51.0,61.0,73.0,34.86409,32.784508,31.348736,1013.3879,1013.5691,1013.4472,34.0,35.0,36.0,34.0,35.0,36.0,0.0,0.0,0.0,0.5906018,0.4216418,0.24525067,2.1220667,1.5358956,0.9461849,3.7585104,2.0364676,0.0,73.300674,44.999897,270.0,10.08,8.28,6.4799995,1.0,1.0,1.0,3600.0,3600.0,3600.0,22.790304,23.002834,22.974882,870.0,725.0,625.0,801.0,591.0,365.0,164.0,146.0,114.0,801.0,591.0,365.0,860.4971,666.7493,445.7471,176.18167,164.71303,139.21964,860.4971,666.7493,445.7471,637.0,445.0,251.0,759.85004,654.43164,523.35254,1136.5006,921.8576,650.21564,684.31537,502.0363,306.52747,816.2905,738.31104,639.13116,1220.9181,1040.0134,794.0596,1016.7,1016.9,1016.8,0.0,0.0,0.0,15.0,14.0,13.0,-0.7071067811865471,-0.4999999999999997,-0.2588190451025208,-0.7071067811865479,-0.8660254037844388,-0.9659258262890683,6.0,6.0,6.0,-0.7818314824680299,-0.7818314824680299,-0.7818314824680299,0.6234898018587334,0.6234898018587334,0.6234898018587334,4.0,4.0,4.0,0.8660254037844387,0.8660254037844387,0.8660254037844387,-0.4999999999999998,-0.4999999999999998,-0.4999999999999998,30.134666666666664,27.659666666666666,18.934968,20.255523333333333,51.666666666666664,66.16666666666667,34.28113200000001,31.998048333333333,1013.2523,1013.2248233333333,30.666666666666668,34.166666666666664,30.666666666666668,34.166666666666664,0.0,0.0,0.5730850666666667,0.34582963656666665,2.0880430333333333,1.3607102166666667,4.289285333333333,2.6840856,74.34806166666665,151.42262583333334,11.759999333333335,8.69999955,1.0,1.0,3600.0,3143.3510499999998,22.635893999999997,22.60590983333333,865.0,679.1666666666666,775.0,483.0,159.66666666666666,111.83333333333333,775.0,482.99999533333335,831.0027866666666,545.6880483333333,171.94302333333334,130.23321166666668,831.0027866666666,539.575249,615.3333333333334,371.1666666666667,741.2447099999999,566.6254383333334,1112.6290333333334,734.492879,659.0597566666667,415.4548355,797.4925666666667,658.1970133333333,1195.1302333333335,842.7600266666667,1016.5666666666666,1016.5666666666666,0.0,0.0,15.0,13.5,-0.6910440616569952,-0.3455220308284975,-0.6910440616569957,-0.8341639729248541,6.0,6.0,-0.7818314824680299,-0.7818314824680299,0.6234898018587334,0.6234898018587334,4.0,4.0,0.8660254037844387,0.8660254037844387,-0.4999999999999998,-0.4999999999999998
2025-04-20 17:00:00+00:00,31.918001,15.422923,37.0,34.274868,1012.00916,11.0,11.0,0.0,0.7778713,2.9804492,12.904882,120.141304,23.4,1.0,3600.0,21.383282,990.0,988.0,164.0,988.0,989.7579,164.2918,989.7579,824.0,832.85236,1341.2117,825.46606,834.33417,1343.5979,1015.3,17,-0.9659258262890683,-0.25881904510252063,6,-0.7818314824680299,0.6234898018587334,4,0.8660254037844387,-0.4999999999999998,31.318,30.368,28.718,17.248066,19.10179,20.455048,43.0,51.0,61.0,35.194798,34.86409,32.784508,1012.7999,1013.3879,1013.5691,23.0,34.0,35.0,23.0,34.0,35.0,0.0,0.0,0.0,0.7070116,0.5906018,0.4216418,2.6061668,2.1220667,1.5358956,7.072878,3.7585104,2.0364676,104.743614,73.300674,44.999897,16.919998,10.08,8.28,1.0,1.0,1.0,3600.0,3600.0,3600.0,22.114544,22.790304,23.002834,1000.0,870.0,725.0,933.0,801.0,591.0,169.0,164.0,146.0,933.0,801.0,591.0,965.76196,860.4971,666.7493,174.93437,176.18167,164.71303,965.76196,860.4971,666.7493,764.0,637.0,445.0,809.45245,759.85004,654.43164,1279.5289,1136.5006,921.8576,790.8276,684.31537,502.0363,837.87616,816.2905,738.31104,1324.4592,1220.9181,1040.0134,1016.1,1016.7,1016.9,0.0,0.0,0.0,16.0,15.0,14.0,-0.8660254037844385,-0.7071067811865471,-0.4999999999999997,-0.5000000000000004,-0.7071067811865479,-0.8660254037844388,6.0,6.0,6.0,-0.7818314824680299,-0.7818314824680299,-0.7818314824680299,0.6234898018587334,0.6234898018587334,0.6234898018587334,4.0,4.0,4.0,0.8660254037844387,0.8660254037844387,0.8660254037844387,-0.4999999999999998,-0.4999999999999998,-0.4999999999999998,31.201333666666667,29.00966683333333,17.257593,19.238889833333335,43.666666666666664,57.833333333333336,34.777918666666665,33.01131266666667,1012.73232,1013.07366,22.666666666666668,29.333333333333332,22.666666666666668,29.333333333333332,0.0,0.0,0.6918282333333332,0.47418894666666667,2.5695609,1.793536933333333,7.912090133333334,4.5117894000000005,99.39519733333333,137.81259816666667,16.799999333333336,11.639999583333333,1.0,1.0,3600.0,3600.0,22.09604333333333,22.48123766666667,953.3333333333334,774.1666666666666,907.3333333333334,641.3333333333334,165.66666666666666,136.66666666666666,907.3333333333334,641.33333,938.67232,696.3933499999999,171.8026133333333,151.98846166666667,938.67232,696.3933483333334,741.6666666666666,504.6666666666667,800.7182833333333,667.7521049999999,1252.4137333333335,944.8986483333333,766.8696766666667,544.4048799999999,829.5002766666667,748.812105,1296.3250666666665,1037.1425900000002,1016.0333333333333,1016.4000000000001,0.0,0.0,16.0,14.5,-0.846352670420018,-0.5496461760604291,-0.4886419420963563,-0.716312842727096,6.0,6.0,-0.7818314824680299,-0.7818314824680299,0.6234898018587334,0.6234898018587334,4.0,4.0,0.8660254037844387,0.8660254037844387,-0.4999999999999998,-0.4999999999999998
2025-04-20 18:00:00+00:00,32.168,14.329587,34.0,33.19074,1011.2143,0.0,0.0,0.0,0.7931504,3.1669824,17.49615,126.63421,30.239998,1.0,3600.0,20.92718,945.0,972.0,149.0,972.0,942.25494,144.4403,942.25494,823.0,846.88153,1317.3624,797.81464,820.96533,1277.0486,1014.5,18,-1.0,-1.8369701987210297e-16,6,-0.7818314824680299,0.6234898018587334,4,0.8660254037844387,-0.4999999999999998,31.918001,31.318,30.368,15.422923,17.248066,19.10179,37.0,43.0,51.0,34.274868,35.194798,34.86409,1012.00916,1012.7999,1013.3879,11.0,23.0,34.0,11.0,23.0,34.0,0.0,0.0,0.0,0.7778713,0.7070116,0.5906018,2.9804492,2.6061668,2.1220667,12.904882,7.072878,3.7585104,120.141304,104.743614,73.300674,23.4,16.919998,10.08,1.0,1.0,1.0,3600.0,3600.0,3600.0,21.383282,22.114544,22.790304,990.0,1000.0,870.0,988.0,933.0,801.0,164.0,169.0,164.0,988.0,933.0,801.0,989.7579,965.76196,860.4971,164.2918,174.93437,176.18167,989.7579,965.76196,860.4971,824.0,764.0,637.0,832.85236,809.45245,759.85004,1341.2117,1279.5289,1136.5006,825.46606,790.8276,684.31537,834.33417,837.87616,816.2905,1343.5979,1324.4592,1220.9181,1015.3,1016.1,1016.7,0.0,0.0,0.0,17.0,16.0,15.0,-0.9659258262890683,-0.8660254037844385,-0.7071067811865471,-0.25881904510252063,-0.5000000000000004,-0.7071067811865479,6.0,6.0,6.0,-0.7818314824680299,-0.7818314824680299,-0.7818314824680299,0.6234898018587334,0.6234898018587334,0.6234898018587334,4.0,4.0,4.0,0.8660254037844387,0.8660254037844387,0.8660254037844387,-0.4999999999999998,-0.4999999999999998,-0.4999999999999998,31.801333666666665,30.2013335,15.666858666666668,18.005502333333336,38.0,49.833333333333336,34.22013533333333,33.60962333333333,1012.0077866666667,1012.7379266666667,11.333333333333334,23.166666666666668,11.333333333333334,23.166666666666668,0.0,0.0,0.7593444333333332,0.589254595,2.9178661333333333,2.2262909333333334,12.491303333333335,7.211481333333334,117.17304266666667,123.30328316666667,23.51999866666667,15.899999249999999,1.0,1.0,3600.0,3600.0,21.475002,22.198837666666666,978.3333333333334,859.1666666666666,964.3333333333334,775.0,160.66666666666666,151.0,964.3333333333334,775.0,965.9249333333333,811.7947166666668,161.22215666666668,160.630135,965.9249333333333,811.7947166666667,803.6666666666666,624.0,829.7287799999999,737.8034266666667,1312.701,1107.7794733333333,804.7027666666667,651.1645733333334,831.0585533333333,781.1513933333332,1315.0352333333333,1166.6828000000003,1015.3000000000001,1016.0500000000001,0.0,0.0,17.0,15.5,-0.9439837433578356,-0.7163128427270958,-0.2529396817008404,-0.5496461760604293,6.0,6.0,-0.7818314824680299,-0.7818314824680299,0.6234898018587334,0.6234898018587334,4.0,4.0,0.8660254037844387,0.8660254037844387,-0.4999999999999998,-0.4999999999999998
2025-04-20 19:00:00+00:00,32.168,14.778618,35.0,32.46965,1010.51654,0.0,0.0,0.0,0.7531094,3.1189096,20.421871,130.71075,33.12,1.0,3600.0,21.148766,765.0,897.0,124.0,897.0,837.48315,115.77248,837.48315,773.0,866.2551,1209.6278,721.7107,808.77826,1129.3679,1013.8,19,-0.9659258262890684,0.2588190451025203,6,-0.7818314824680299,0.6234898018587334,4,0.8660254037844387,-0.4999999999999998,32.168,31.918001,31.318,14.329587,15.422923,17.248066,34.0,37.0,43.0,33.19074,34.274868,35.194798,1011.2143,1012.00916,1012.7999,0.0,11.0,23.0,0.0,11.0,23.0,0.0,0.0,0.0,0.7931504,0.7778713,0.7070116,3.1669824,2.9804492,2.6061668,17.49615,12.904882,7.072878,126.63421,120.141304,104.743614,30.239998,23.4,16.919998,1.0,1.0,1.0,3600.0,3600.0,3600.0,20.92718,21.383282,22.114544,945.0,990.0,1000.0,972.0,988.0,933.0,149.0,164.0,169.0,972.0,988.0,933.0,942.25494,989.7579,965.76196,144.4403,164.2918,174.93437,942.25494,989.7579,965.76196,823.0,824.0,764.0,846.88153,832.85236,809.45245,1317.3624,1341.2117,1279.5289,797.81464,825.46606,790.8276,820.96533,834.33417,837.87616,1277.0486,1343.5979,1324.4592,1014.5,1015.3,1016.1,0.0,0.0,0.0,18.0,17.0,16.0,-1.0,-0.9659258262890683,-0.8660254037844385,-1.8369701987210297e-16,-0.25881904510252063,-0.5000000000000004,6.0,6.0,6.0,-0.7818314824680299,-0.7818314824680299,-0.7818314824680299,0.6234898018587334,0.6234898018587334,0.6234898018587334,4.0,4.0,4.0,0.8660254037844387,0.8660254037844387,0.8660254037844387,-0.4999999999999998,-0.4999999999999998,-0.4999999999999998,32.084667,31.109666833333335,14.843709333333335,16.889338666666667,35.333333333333336,43.5,33.31175266666667,33.79644233333333,1011.2466666666666,1012.2494833333334,3.6666666666666665,17.166666666666668,3.6666666666666665,17.166666666666668,0.0,0.0,0.7747103666666666,0.6738977166666666,3.0887803999999996,2.5884117166666667,16.940967666666666,10.6151265,125.82875466666667,100.08840816666667,28.919999333333333,20.339999333333335,1.0,1.0,3600.0,3600.0,21.153076000000002,21.894485,900.0,882.5,952.3333333333334,863.6666666666666,145.66666666666666,152.66666666666666,952.3333333333334,863.6666666666666,923.1653299999999,877.0840583333334,141.50152666666665,156.722275,923.1653299999999,877.0840583333334,806.6666666666666,711.0,848.6629966666666,794.9538533333333,1289.4006333333334,1201.0148333333334,781.6637999999999,720.3617783333333,821.3592533333334,809.4259099999999,1250.0048,1222.5675166666667,1014.5333333333333,1015.5500000000001,0.0,0.0,18.0,16.5,-0.9772838841927122,-0.8341639729248538,-1.295260195396016e-16,-0.3455220308284979,6.0,6.0,-0.7818314824680299,-0.7818314824680299,0.6234898018587334,0.6234898018587334,4.0,4.0,0.8660254037844387,0.8660254037844387,-0.4999999999999998,-0.4999999999999998
2025-04-20 20:00:00+00:00,31.818,15.750839,38.0,31.545406,1009.9148,0.0,0.0,0.0,0.66005987,2.9165425,22.148046,134.34154,35.64,1.0,3600.0,21.514145,700.0,760.0,96.0,760.0,674.96295,85.25848,674.96295,664.0,877.8003,1025.3698,589.70447,779.58246,910.64026,1013.2,20,-0.8660254037844386,0.5000000000000001,6,-0.7818314824680299,0.6234898018587334,4,0.8660254037844387,-0.4999999999999998,32.168,32.168,31.918001,14.778618,14.329587,15.422923,35.0,34.0,37.0,32.46965,33.19074,34.274868,1010.51654,1011.2143,1012.00916,0.0,0.0,11.0,0.0,0.0,11.0,0.0,0.0,0.0,0.7531094,0.7931504,0.7778713,3.1189096,3.1669824,2.9804492,20.421871,17.49615,12.904882,130.71075,126.63421,120.141304,33.12,30.239998,23.4,1.0,1.0,1.0,3600.0,3600.0,3600.0,21.148766,20.92718,21.383282,765.0,945.0,990.0,897.0,972.0,988.0,124.0,149.0,164.0,897.0,972.0,988.0,837.48315,942.25494,989.7579,115.77248,144.4403,164.2918,837.48315,942.25494,989.7579,773.0,823.0,824.0,866.2551,846.88153,832.85236,1209.6278,1317.3624,1341.2117,721.7107,797.81464,825.46606,808.77826,820.96533,834.33417,1129.3679,1277.0486,1343.5979,1013.8,1014.5,1015.3,0.0,0.0,0.0,19.0,18.0,17.0,-0.9659258262890684,-1.0,-0.9659258262890683,0.2588190451025203,-1.8369701987210297e-16,-0.25881904510252063,6.0,6.0,6.0,-0.7818314824680299,-0.7818314824680299,-0.7818314824680299,0.6234898018587334,0.6234898018587334,0.6234898018587334,4.0,4.0,4.0,0.8660254037844387,0.8660254037844387,0.8660254037844387,-0.4999999999999998,-0.4999999999999998,-0.4999999999999998,32.05133333333333,31.6263335,14.953014666666666,16.105303833333334,35.666666666666664,39.666666666666664,32.401932,33.58992533333333,1010.5485466666665,1011.6404333333334,0.0,11.333333333333334,0.0,11.333333333333334,0.0,0.0,0.73543989,0.7136340616666667,3.067478166666666,2.8185195333333333,20.022022333333336,13.967056233333333,130.56216666666668,114.97868199999999,32.999999333333335,24.89999933333333,1.0,1.0,3600.0,3600.0,21.196697,21.646370166666667,803.3333333333334,878.3333333333334,876.3333333333334,891.8333333333334,123.0,144.33333333333334,876.3333333333334,891.8333333333334,818.2336799999999,878.4530000000001,115.15708666666667,143.47985,818.2336799999999,878.453,753.3333333333334,747.5,863.6456433333333,832.1819633333333,1184.1200000000001,1218.2668666666666,703.0766033333334,734.9731400000001,803.1086833333333,816.3044800000001,1105.6855866666667,1201.0053266666666,1013.8333333333334,1014.9333333333334,0.0,0.0,19.0,17.5,-0.9439837433578356,-0.8951682068889268,0.2529396817008401,-0.11785113019775813,6.0,6.0,-0.7818314824680299,-0.7818314824680299,0.6234898018587334,0.6234898018587334,4.0,4.0,0.8660254037844387,0.8660254037844387,-0.4999999999999998,-0.4999999999999998
2025-04-20 21:00:00+00:00,31.168001,16.741806,42.0,30.321037,1009.5091,0.0,0.0,0.0,0.5212009,2.6294906,22.42427,137.60262,38.519997,1.0,3600.0,21.795393,705.0,564.0,72.0,564.0,461.4034,58.902565,461.4034,492.0,858.1233,777.1656,402.50085,702.0231,635.79224,1012.8,21,-0.7071067811865477,0.7071067811865474,6,-0.7818314824680299,0.6234898018587334,4,0.8660254037844387,-0.4999999999999998,31.818,32.168,32.168,15.750839,14.778618,14.329587,38.0,35.0,34.0,31.545406,32.46965,33.19074,1009.9148,1010.51654,1011.2143,0.0,0.0,0.0,0.0,0.0,0.0,0.0,0.0,0.0,0.66005987,0.7531094,0.7931504,2.9165425,3.1189096,3.1669824,22.148046,20.421871,17.49615,134.34154,130.71075,126.63421,35.64,33.12,30.239998,1.0,1.0,1.0,3600.0,3600.0,3600.0,21.514145,21.148766,20.92718,700.0,765.0,945.0,760.0,897.0,972.0,96.0,124.0,149.0,760.0,897.0,972.0,674.96295,837.48315,942.25494,85.25848,115.77248,144.4403,674.96295,837.48315,942.25494,664.0,773.0,823.0,877.8003,866.2551,846.88153,1025.3698,1209.6278,1317.3624,589.70447,721.7107,797.81464,779.58246,808.77826,820.96533,910.64026,1129.3679,1277.0486,1013.2,1013.8,1014.5,0.0,0.0,0.0,20.0,19.0,18.0,-0.8660254037844386,-0.9659258262890684,-1.0,0.5000000000000001,0.2588190451025203,-1.8369701987210297e-16,6.0,6.0,6.0,-0.7818314824680299,-0.7818314824680299,-0.7818314824680299,0.6234898018587334,0.6234898018587334,0.6234898018587334,4.0,4.0,4.0,0.8660254037844387,0.8660254037844387,0.8660254037844387,-0.4999999999999998,-0.4999999999999998,-0.4999999999999998,31.718000333333332,31.759666999999997,15.757087666666669,15.711973166666667,38.333333333333336,38.166666666666664,31.44536433333334,32.83274983333333,1009.9801466666667,1010.9939666666668,0.0,5.666666666666667,0.0,5.666666666666667,0.0,0.0,0.6447900566666666,0.702067245,2.888314233333333,2.903090183333333,21.664728999999998,17.078016166666668,134.21830333333332,125.695673,35.759999,29.639998833333333,1.0,1.0,3600.0,3600.0,21.486101333333334,21.480551666666667,723.3333333333334,850.8333333333334,740.3333333333334,852.3333333333334,97.33333333333333,129.0,740.3333333333334,852.3333333333334,657.9498333333333,811.9373833333333,86.64450833333335,123.93333249999999,657.9498333333333,811.9373833333334,643.0,723.3333333333334,867.3928999999999,848.56084,1004.0544,1158.3777,571.30534,688.0040533333332,763.4612733333333,797.2599133333333,891.9334666666667,1103.48435,1013.2666666666665,1014.2833333333333,0.0,0.0,20.0,18.5,-0.8463526704200183,-0.895168206888927,0.488641942096356,0.11785113019775773,6.0,6.0,-0.7818314824680299,-0.7818314824680299,0.6234898018587334,0.6234898018587334,4.0,4.0,0.8660254037844387,0.8660254037844387,-0.4999999999999998,-0.4999999999999998
2025-04-20 22:00:00+00:00,30.018,17.139124,46.0,29.452156,1009.49677,3.0,3.0,0.0,0.35128403,2.292569,21.203358,139.82083,35.28,1.0,3600.0,21.59452,680.0,327.0,51.0,326.99997,219.54224,34.240532,219.5422,276.0,776.2375,481.95068,185.3017,521.15265,323.5735,1012.8,22,-0.5000000000000004,0.8660254037844384,6,-0.7818314824680299,0.6234898018587334,4,0.8660254037844387,-0.4999999999999998,31.168001,31.818,32.168,16.741806,15.750839,14.778618,42.0,38.0,35.0,30.321037,31.545406,32.46965,1009.5091,1009.9148,1010.51654,0.0,0.0,0.0,0.0,0.0,0.0,0.0,0.0,0.0,0.5212009,0.66005987,0.7531094,2.6294906,2.9165425,3.1189096,22.42427,22.148046,20.421871,137.60262,134.34154,130.71075,38.519997,35.64,33.12,1.0,1.0,1.0,3600.0,3600.0,3600.0,21.795393,21.514145,21.148766,705.0,700.0,765.0,564.0,760.0,897.0,72.0,96.0,124.0,564.0,760.0,897.0,461.4034,674.96295,837.48315,58.902565,85.25848,115.77248,461.4034,674.96295,837.48315,492.0,664.0,773.0,858.1233,877.8003,866.2551,777.1656,1025.3698,1209.6278,402.50085,589.70447,721.7107,702.0231,779.58246,808.77826,635.79224,910.64026,1129.3679,1012.8,1013.2,1013.8,0.0,0.0,0.0,21.0,20.0,19.0,-0.7071067811865477,-0.8660254037844386,-0.9659258262890684,0.7071067811865474,0.5000000000000001,0.2588190451025203,6.0,6.0,6.0,-0.7818314824680299,-0.7818314824680299,-0.7818314824680299,0.6234898018587334,0.6234898018587334,0.6234898018587334,4.0,4.0,4.0,0.8660254037844387,0.8660254037844387,0.8660254037844387,-0.4999999999999998,-0.4999999999999998,-0.4999999999999998,31.001333666666667,31.543000333333328,16.543923,15.693816166666666,42.0,38.666666666666664,30.439533,31.87564283333333,1009.6402233333333,1010.443445,1.0,2.3333333333333335,1.0,2.3333333333333335,0.0,0.0,0.5108482666666666,0.6427793166666667,2.6128673666666664,2.8508238833333333,21.92522466666667,19.43309616666667,137.25499666666667,131.54187566666667,36.479999,32.699999166666665,1.0,1.0,3600.0,3600.0,21.634686,21.393881000000004,695.0,797.5,550.3333333333334,751.3333333333334,73.0,109.33333333333333,550.3333233333334,751.3333283333333,451.9695299999999,687.5674300000001,59.46719233333334,100.4843595,451.9695166666666,687.5674233333333,477.3333333333333,642.0,837.3870333333333,843.025015,761.49536,1025.4479966666665,392.50234000000006,587.08307,667.58607,744.4726616666667,623.3353333333334,936.6700666666667,1012.9333333333334,1013.7333333333332,0.0,0.0,21.0,19.5,-0.6910440616569956,-0.8341639729248539,0.6910440616569954,0.3455220308284976,6.0,6.0,-0.7818314824680299,-0.7818314824680299,0.6234898018587334,0.6234898018587334,4.0,4.0,0.8660254037844387,0.8660254037844387,-0.4999999999999998,-0.4999999999999998
2025-04-20 23:00:00+00:00,28.518,17.087444,50.0,28.32539,1009.879,7.0,7.0,0.0,0.18097818,1.9469516,18.504139,142.90709,32.039997,1.0,2472.6382,21.022715,675.0,99.0,21.0,98.99998,0.0,0.0,0.0,78.0,500.15387,159.86057,0.0,0.0,0.0,1013.2,23,-0.25881904510252157,0.9659258262890681,6,-0.7818314824680299,0.6234898018587334,4,0.8660254037844387,-0.4999999999999998,30.018,31.168001,31.818,17.139124,16.741806,15.750839,46.0,42.0,38.0,29.452156,30.321037,31.545406,1009.49677,1009.5091,1009.9148,3.0,0.0,0.0,3.0,0.0,0.0,0.0,0.0,0.0,0.35128403,0.5212009,0.66005987,2.292569,2.6294906,2.9165425,21.203358,22.42427,22.148046,139.82083,137.60262,134.34154,35.28,38.519997,35.64,1.0,1.0,1.0,3600.0,3600.0,3600.0,21.59452,21.795393,21.514145,680.0,705.0,700.0,327.0,564.0,760.0,51.0,72.0,96.0,326.99997,564.0,760.0,219.54224,461.4034,674.96295,34.240532,58.902565,85.25848,219.5422,461.4034,674.96295,276.0,492.0,664.0,776.2375,858.1233,877.8003,481.95068,777.1656,1025.3698,185.3017,402.50085,589.70447,521.15265,702.0231,779.58246,323.5735,635.79224,910.64026,1012.8,1012.8,1013.2,0.0,0.0,0.0,22.0,21.0,20.0,-0.5000000000000004,-0.7071067811865477,-0.8660254037844386,0.8660254037844384,0.7071067811865474,0.5000000000000001,6.0,6.0,6.0,-0.7818314824680299,-0.7818314824680299,-0.7818314824680299,0.6234898018587334,0.6234898018587334,0.6234898018587334,4.0,4.0,4.0,0.8660254037844387,0.8660254037844387,0.8660254037844387,-0.4999999999999998,-0.4999999999999998,-0.4999999999999998,29.90133366666667,30.9763335,16.989458,15.971236333333332,46.0,40.833333333333336,29.366194333333336,30.884063166666667,1009.62829,1010.0884183333333,3.3333333333333335,1.6666666666666667,3.3333333333333335,1.6666666666666667,0.0,0.0,0.35115436999999994,0.54329713,2.2896704,2.678574283333333,20.710589,20.366305666666666,140.11018,135.33617333333333,35.279998000000006,34.13999866666666,1.0,1.0,3224.2127333333333,3412.106366666667,21.470876,21.3337865,686.6666666666666,745.0,330.0,603.1666666666666,48.0,85.5,329.9999833333333,603.1666583333333,226.98187999999996,522.6077799999999,31.047699000000005,73.10239283333334,226.98186666666666,522.6077733333333,282.0,517.6666666666666,711.5048899999998,787.5752666666667,472.99228333333343,828.5561416666666,195.93418333333338,449.50539333333336,407.72524999999996,605.4169666666667,319.7885800000001,712.7370833333334,1012.9333333333333,1013.3833333333333,0.0,0.0,22.0,20.5,-0.4886419420963566,-0.716312842727096,0.846352670420018,0.549646176060429,6.0,6.0,-0.7818314824680299,-0.7818314824680299,0.6234898018587334,0.6234898018587334,4.0,4.0,0.8660254037844387,0.8660254037844387,-0.4999999999999998,-0.4999999999999998
2025-04-21 00:00:00+00:00,27.168001,17.058247,54.0,27.347528,1010.26276,10.0,10.0,0.0,0.11376439,1.6557387,15.876775,147.0306,28.8,0.0,0.0,20.509775,555.0,0.0,0.0,0.0,0.0,0.0,0.0,0.0,0.0,0.0,0.0,0.0,0.0,1013.6,0,0.0,1.0,0,0.0,1.0,4,0.8660254037844387,-0.4999999999999998,28.518,30.018,31.168001,17.087444,17.139124,16.741806,50.0,46.0,42.0,28.32539,29.452156,30.321037,1009.879,1009.49677,1009.5091,7.0,3.0,0.0,7.0,3.0,0.0,0.0,0.0,0.0,0.18097818,0.35128403,0.5212009,1.9469516,2.292569,2.6294906,18.504139,21.203358,22.42427,142.90709,139.82083,137.60262,32.039997,35.28,38.519997,1.0,1.0,1.0,2472.6382,3600.0,3600.0,21.022715,21.59452,21.795393,675.0,680.0,705.0,99.0,327.0,564.0,21.0,51.0,72.0,98.99998,326.99997,564.0,0.0,219.54224,461.4034,0.0,34.240532,58.902565,0.0,219.5422,461.4034,78.0,276.0,492.0,500.15387,776.2375,858.1233,159.86057,481.95068,777.1656,0.0,185.3017,402.50085,0.0,521.15265,702.0231,0.0,323.5735,635.79224,1013.2,1012.8,1012.8,0.0,0.0,0.0,23.0,22.0,21.0,-0.25881904510252157,-0.5000000000000004,-0.7071067811865477,0.9659258262890681,0.8660254037844384,0.7071067811865474,6.0,6.0,6.0,-0.7818314824680299,-0.7818314824680299,-0.7818314824680299,0.6234898018587334,0.6234898018587334,0.6234898018587334,4.0,4.0,4.0,0.8660254037844387,0.8660254037844387,0.8660254037844387,-0.4999999999999998,-0.4999999999999998,-0.4999999999999998,28.568000333333334,30.143000333333333,17.094938333333335,16.426013,50.0,44.166666666666664,28.375024666666665,29.910194500000003,1009.8795100000001,1009.9298283333334,6.666666666666667,3.3333333333333335,6.666666666666667,3.3333333333333335,0.0,0.0,0.21534219999999996,0.43006612833333335,1.9650864333333333,2.426700333333333,18.528090666666667,20.096409833333336,143.25284,138.73557166666666,32.039999,33.899999,0.6666666666666666,0.8333333333333334,2024.212733333333,2812.106366666667,21.042336666666667,21.264219,636.6666666666666,680.0,142.0,441.1666666666667,24.0,60.666666666666664,141.99998333333335,441.1666583333333,73.18074666666662,365.56529,11.413510666666667,49.0290095,73.18073333333334,365.56528333333335,118.0,380.5,425.46378999999996,646.4283449999999,213.9370833333334,608.9957416666666,61.76723333333337,316.5362866666667,173.71754999999996,468.58941166666665,107.85783333333342,499.89565,1013.2000000000002,1013.2333333333332,0.0,0.0,15.0,17.5,-0.2529396817008407,-0.5496461760604295,0.9439837433578355,0.7163128427270956,4.0,5.0,-0.5212209883120199,-0.651526235390025,0.7489932012391556,0.6862415015489445,4.0,4.0,0.8660254037844387,0.8660254037844387,-0.4999999999999998,-0.4999999999999998
2025-04-21 01:00:00+00:00,26.168001,16.982143,57.0,26.682598,1010.8497,15.0,7.0,8.0,0.08700013,1.4594296,13.363711,152.74475,25.199999,0.0,0.0,20.096804,600.0,0.0,0.0,0.0,0.0,0.0,0.0,0.0,0.0,0.0,0.0,0.0,0.0,1014.2,1,0.25881904510252074,0.9659258262890683,0,0.0,1.0,4,0.8660254037844387,-0.4999999999999998,27.168001,28.518,30.018,17.058247,17.087444,17.139124,54.0,50.0,46.0,27.347528,28.32539,29.452156,1010.26276,1009.879,1009.49677,10.0,7.0,3.0,10.0,7.0,3.0,0.0,0.0,0.0,0.11376439,0.18097818,0.35128403,1.6557387,1.9469516,2.292569,15.876775,18.504139,21.203358,147.0306,142.90709,139.82083,28.8,32.039997,35.28,0.0,1.0,1.0,0.0,2472.6382,3600.0,20.509775,21.022715,21.59452,555.0,675.0,680.0,0.0,99.0,327.0,0.0,21.0,51.0,0.0,98.99998,326.99997,0.0,0.0,219.54224,0.0,0.0,34.240532,0.0,0.0,219.5422,0.0,78.0,276.0,0.0,500.15387,776.2375,0.0,159.86057,481.95068,0.0,0.0,185.3017,0.0,0.0,521.15265,0.0,0.0,323.5735,1013.6,1013.2,1012.8,0.0,0.0,0.0,0.0,23.0,22.0,0.0,-0.25881904510252157,-0.5000000000000004,1.0,0.9659258262890681,0.8660254037844384,0.0,6.0,6.0,0.0,-0.7818314824680299,-0.7818314824680299,1.0,0.6234898018587334,0.6234898018587334,4.0,4.0,4.0,0.8660254037844387,0.8660254037844387,0.8660254037844387,-0.4999999999999998,-0.4999999999999998,-0.4999999999999998,27.284667333333335,29.1430005,17.042611333333337,16.793267166666666,53.666666666666664,47.833333333333336,27.45183866666667,28.945685833333332,1010.3304866666667,1009.9853549999999,10.666666666666666,5.833333333333333,8.0,4.5,2.6666666666666665,1.3333333333333333,0.12724756666666662,0.31904791666666665,1.6873733,2.150120333333333,15.914875,18.920049833333334,147.56081333333336,142.407905,28.679998666666666,32.57999883333333,0.3333333333333333,0.6666666666666666,824.2127333333333,2212.106366666667,20.543098,21.088892,610.0,652.5,33.0,291.6666666666667,7.0,40.0,32.99999333333333,291.6666583333333,0.0,225.984765,0.0,29.73359616666667,0.0,225.9847583333333,26.0,251.66666666666666,166.71795666666662,502.0524949999999,53.28685666666674,407.39110833333325,0.0,196.25117,0.0,333.793035,0.0,311.66766666666666,1013.6666666666666,1013.2999999999998,0.0,0.0,8.0,14.5,-2.7755575615628914e-16,-0.3455220308284979,0.9772838841927122,0.8341639729248538,2.0,4.0,-0.26061049415600995,-0.5212209883120199,0.8744966006195778,0.7489932012391556,4.0,4.0,0.8660254037844387,0.8660254037844387,-0.4999999999999998,-0.4999999999999998
2025-04-21 02:00:00+00:00,25.368,17.304485,61.0,26.342257,1011.63824,20.0,3.0,17.0,0.06287454,1.2624463,11.165805,159.22766,21.96,0.0,0.0,19.980787,620.0,0.0,0.0,0.0,0.0,0.0,0.0,0.0,0.0,0.0,0.0,0.0,0.0,1015.0,2,0.49999999999999994,0.8660254037844387,0,0.0,1.0,4,0.8660254037844387,-0.4999999999999998,26.168001,27.168001,28.518,16.982143,17.058247,17.087444,57.0,54.0,50.0,26.682598,27.347528,28.32539,1010.8497,1010.26276,1009.879,15.0,10.0,7.0,7.0,10.0,7.0,8.0,0.0,0.0,0.08700013,0.11376439,0.18097818,1.4594296,1.6557387,1.9469516,13.363711,15.876775,18.504139,152.74475,147.0306,142.90709,25.199999,28.8,32.039997,0.0,0.0,1.0,0.0,0.0,2472.6382,20.096804,20.509775,21.022715,600.0,555.0,675.0,0.0,0.0,99.0,0.0,0.0,21.0,0.0,0.0,98.99998,0.0,0.0,0.0,0.0,0.0,0.0,0.0,0.0,0.0,0.0,0.0,78.0,0.0,0.0,500.15387,0.0,0.0,159.86057,0.0,0.0,0.0,0.0,0.0,0.0,0.0,0.0,0.0,1014.2,1013.6,1013.2,0.0,0.0,0.0,1.0,0.0,23.0,0.25881904510252074,0.0,-0.25881904510252157,0.9659258262890683,1.0,0.9659258262890681,0.0,0.0,6.0,0.0,0.0,-0.7818314824680299,1.0,1.0,0.6234898018587334,4.0,4.0,4.0,0.8660254037844387,0.8660254037844387,0.8660254037844387,-0.4999999999999998,-0.4999999999999998,-0.4999999999999998,26.234667333333334,28.068000499999997,17.114958333333334,17.05220816666667,57.333333333333336,51.666666666666664,26.790794333333338,28.078494333333328,1010.9169,1010.272595,15.0,9.166666666666666,6.666666666666667,5.0,8.333333333333334,4.166666666666667,0.08787968666666664,0.2195170283333333,1.4592048666666664,1.874437633333333,13.468763666666668,17.089676333333333,153.00100333333333,146.5555916666667,25.31999966666667,30.299998833333333,0.0,0.5,0.0,1612.1063666666669,20.195788666666665,20.83333233333333,591.6666666666666,639.1666666666666,0.0,165.0,0.0,24.0,0.0,164.99999166666666,0.0,113.49093999999998,0.0,15.523849500000003,0.0,113.49093333333332,0.0,141.0,0.0,355.7524449999999,0.0,236.49614166666666,0.0,97.96709166666665,0.0,203.86262499999998,0.0,159.89428999999998,1014.2666666666668,1013.6,0.0,0.0,1.0,11.5,0.25293968170084025,-0.11785113019775821,0.9439837433578356,0.8951682068889268,0.0,3.0,0.0,-0.390915741234015,1.0,0.8117449009293667,4.0,4.0,0.8660254037844387,0.8660254037844387,-0.4999999999999998,-0.4999999999999998
2025-04-21 03:00:00+00:00,24.518,17.261906,64.0,25.702106,1012.0271,25.0,0.0,25.0,0.04660835,1.1078342,9.605998,167.00539,18.359999,0.0,0.0,19.643646,690.0,0.0,0.0,0.0,0.0,0.0,0.0,0.0,0.0,0.0,0.0,0.0,0.0,1015.4,3,0.7071067811865476,0.7071067811865476,0,0.0,1.0,4,0.8660254037844387,-0.4999999999999998,25.368,26.168001,27.168001,17.304485,16.982143,17.058247,61.0,57.0,54.0,26.342257,26.682598,27.347528,1011.63824,1010.8497,1010.26276,20.0,15.0,10.0,3.0,7.0,10.0,17.0,8.0,0.0,0.06287454,0.08700013,0.11376439,1.2624463,1.4594296,1.6557387,11.165805,13.363711,15.876775,159.22766,152.74475,147.0306,21.96,25.199999,28.8,0.0,0.0,0.0,0.0,0.0,0.0,19.980787,20.096804,20.509775,620.0,600.0,555.0,0.0,0.0,0.0,0.0,0.0,0.0,0.0,0.0,0.0,0.0,0.0,0.0,0.0,0.0,0.0,0.0,0.0,0.0,0.0,0.0,0.0,0.0,0.0,0.0,0.0,0.0,0.0,0.0,0.0,0.0,0.0,0.0,0.0,0.0,0.0,0.0,1015.0,1014.2,1013.6,0.0,0.0,0.0,2.0,1.0,0.0,0.49999999999999994,0.25881904510252074,0.0,0.8660254037844387,0.9659258262890683,1.0,0.0,0.0,0.0,0.0,0.0,0.0,1.0,1.0,1.0,4.0,4.0,4.0,0.8660254037844387,0.8660254037844387,0.8660254037844387,-0.4999999999999998,-0.4999999999999998,-0.4999999999999998,25.351333666666665,26.959667,17.182844666666668,17.138891500000003,60.666666666666664,55.333333333333336,26.24232033333334,27.3086725,1011.5050133333334,1010.6922616666666,20.0,13.333333333333334,3.3333333333333335,5.0,16.666666666666668,8.333333333333334,0.06549433999999997,0.14041827,1.2765700333333332,1.6208282333333333,11.378504666666666,14.953297666666666,159.65926666666667,151.45605333333333,21.83999933333334,26.939999166666666,0.0,0.3333333333333333,0.0,1012.1063666666668,19.907079,20.474707833333333,636.6666666666666,636.6666666666666,0.0,71.0,0.0,12.0,0.0,70.99999166666667,0.0,36.59037333333333,0.0,5.706755333333334,0.0,36.59036666666665,0.0,59.0,0.0,212.73189499999998,0.0,106.96854166666667,0.0,30.88361666666665,0.0,86.85877499999998,0.0,53.92891666666667,1014.8666666666667,1014.0333333333333,0.0,0.0,2.0,8.5,0.4886419420963561,0.11785113019775768,0.8463526704200183,0.8951682068889268,0.0,2.0,0.0,-0.26061049415600995,1.0,0.8744966006195778,4.0,4.0,0.8660254037844387,0.8660254037844387,-0.4999999999999998,-0.4999999999999998
2025-04-21 04:00:00+00:00,23.618,17.36618,68.0,24.961924,1011.9172,17.0,0.0,17.0,0.034468595,0.9330263,8.825508,168.23174,16.919998,0.0,0.0,19.376194,610.0,0.0,0.0,0.0,0.0,0.0,0.0,0.0,0.0,0.0,0.0,0.0,0.0,1015.3,4,0.8660254037844386,0.5000000000000001,0,0.0,1.0,4,0.8660254037844387,-0.4999999999999998,24.518,25.368,26.168001,17.261906,17.304485,16.982143,64.0,61.0,57.0,25.702106,26.342257,26.682598,1012.0271,1011.63824,1010.8497,25.0,20.0,15.0,0.0,3.0,7.0,25.0,17.0,8.0,0.04660835,0.06287454,0.08700013,1.1078342,1.2624463,1.4594296,9.605998,11.165805,13.363711,167.00539,159.22766,152.74475,18.359999,21.96,25.199999,0.0,0.0,0.0,0.0,0.0,0.0,19.643646,19.980787,20.096804,690.0,620.0,600.0,0.0,0.0,0.0,0.0,0.0,0.0,0.0,0.0,0.0,0.0,0.0,0.0,0.0,0.0,0.0,0.0,0.0,0.0,0.0,0.0,0.0,0.0,0.0,0.0,0.0,0.0,0.0,0.0,0.0,0.0,0.0,0.0,0.0,0.0,0.0,0.0,1015.4,1015.0,1014.2,0.0,0.0,0.0,3.0,2.0,1.0,0.7071067811865476,0.49999999999999994,0.25881904510252074,0.7071067811865476,0.8660254037844387,0.9659258262890683,0.0,0.0,0.0,0.0,0.0,0.0,1.0,1.0,1.0,4.0,4.0,4.0,0.8660254037844387,0.8660254037844387,0.8660254037844387,-0.4999999999999998,-0.4999999999999998,-0.4999999999999998,24.50133333333333,25.893000333333333,17.310857000000002,17.176734166666666,64.33333333333333,59.0,25.668762333333337,26.5603005,1011.8608466666666,1011.0956666666666,20.666666666666668,15.666666666666666,1.0,4.5,19.666666666666668,11.166666666666666,0.04798382833333329,0.08761569749999999,1.1011022666666668,1.394237783333333,9.865770333333332,12.890322666666668,164.82159666666666,156.191205,19.079999,23.87999883333333,0.0,0.16666666666666666,0.0,412.10636666666664,19.666875666666666,20.10498683333333,640.0,625.0,0.0,16.5,0.0,3.5,0.0,16.499996666666664,0.0,0.0,0.0,0.0,0.0,0.0,0.0,13.0,0.0,83.35897833333331,0.0,26.643428333333333,0.0,0.0,0.0,0.0,0.0,0.0,1015.2333333333332,1014.4500000000002,0.0,0.0,3.0,5.5,0.6910440616569954,0.3455220308284976,0.6910440616569956,0.8341639729248538,0.0,1.0,0.0,-0.13030524707800498,1.0,0.9372483003097889,4.0,4.0,0.8660254037844387,0.8660254037844387,-0.4999999999999998,-0.4999999999999998
2025-04-21 05:00:00+00:00,22.718,17.409836,72.0,24.120829,1011.5084,8.0,0.0,8.0,0.025926776,0.7732414,8.557102,165.37909,15.4800005,0.0,0.0,19.079527,560.0,0.0,0.0,0.0,0.0,0.0,0.0,0.0,0.0,0.0,0.0,0.0,0.0,1014.9,5,0.9659258262890683,0.25881904510252074,0,0.0,1.0,4,0.8660254037844387,-0.4999999999999998,23.618,24.518,25.368,17.36618,17.261906,17.304485,68.0,64.0,61.0,24.961924,25.702106,26.342257,1011.9172,1012.0271,1011.63824,17.0,25.0,20.0,0.0,0.0,3.0,17.0,25.0,17.0,0.034468595,0.04660835,0.06287454,0.9330263,1.1078342,1.2624463,8.825508,9.605998,11.165805,168.23174,167.00539,159.22766,16.919998,18.359999,21.96,0.0,0.0,0.0,0.0,0.0,0.0,19.376194,19.643646,19.980787,610.0,690.0,620.0,0.0,0.0,0.0,0.0,0.0,0.0,0.0,0.0,0.0,0.0,0.0,0.0,0.0,0.0,0.0,0.0,0.0,0.0,0.0,0.0,0.0,0.0,0.0,0.0,0.0,0.0,0.0,0.0,0.0,0.0,0.0,0.0,0.0,0.0,0.0,0.0,1015.3,1015.4,1015.0,0.0,0.0,0.0,4.0,3.0,2.0,0.8660254037844386,0.7071067811865476,0.49999999999999994,0.5000000000000001,0.7071067811865476,0.8660254037844387,0.0,0.0,0.0,0.0,0.0,0.0,1.0,1.0,1.0,4.0,4.0,4.0,0.8660254037844387,0.8660254037844387,0.8660254037844387,-0.4999999999999998,-0.4999999999999998,-0.4999999999999998,23.618,24.926333666666665,17.345974000000002,17.230466166666666,68.0,62.666666666666664,24.928286333333336,25.85954033333333,1011.8175666666666,1011.3672333333334,16.666666666666668,15.833333333333334,0.0,3.3333333333333335,16.666666666666668,12.5,0.035667906999999964,0.06177379683333334,0.9380339666666666,1.1986194166666664,8.996202666666667,11.232483166666668,166.87207333333333,159.93653833333335,16.91999916666667,21.119999416666666,0.0,0.0,0.0,0.0,19.366455666666667,19.781122166666666,620.0,605.8333333333334,0.0,0.0,0.0,0.0,0.0,0.0,0.0,0.0,0.0,0.0,0.0,0.0,0.0,0.0,0.0,0.0,0.0,0.0,0.0,0.0,0.0,0.0,0.0,0.0,1015.1999999999999,1014.7333333333332,0.0,0.0,4.0,2.5,0.8463526704200182,0.5496461760604292,0.4886419420963562,0.7163128427270959,0.0,0.0,0.0,0.0,1.0,1.0,4.0,4.0,0.8660254037844387,0.8660254037844387,-0.4999999999999998,-0.4999999999999998
2025-04-21 06:00:00+00:00,21.968,17.543726,76.0,23.53129,1011.20087,0.0,0.0,0.0,0.01651584,0.63326526,7.8625183,164.05453,14.04,0.0,0.0,18.899128,605.0,0.0,0.0,0.0,0.0,0.0,0.0,0.0,0.0,0.0,0.0,0.0,0.0,1014.6,6,1.0,6.123233995736766e-17,0,0.0,1.0,4,0.8660254037844387,-0.4999999999999998,22.718,23.618,24.518,17.409836,17.36618,17.261906,72.0,68.0,64.0,24.120829,24.961924,25.702106,1011.5084,1011.9172,1012.0271,8.0,17.0,25.0,0.0,0.0,0.0,8.0,17.0,25.0,0.025926776,0.034468595,0.04660835,0.7732414,0.9330263,1.1078342,8.557102,8.825508,9.605998,165.37909,168.23174,167.00539,15.4800005,16.919998,18.359999,0.0,0.0,0.0,0.0,0.0,0.0,19.079527,19.376194,19.643646,560.0,610.0,690.0,0.0,0.0,0.0,0.0,0.0,0.0,0.0,0.0,0.0,0.0,0.0,0.0,0.0,0.0,0.0,0.0,0.0,0.0,0.0,0.0,0.0,0.0,0.0,0.0,0.0,0.0,0.0,0.0,0.0,0.0,0.0,0.0,0.0,0.0,0.0,0.0,1014.9,1015.3,1015.4,0.0,0.0,0.0,5.0,4.0,3.0,0.9659258262890683,0.8660254037844386,0.7071067811865476,0.25881904510252074,0.5000000000000001,0.7071067811865476,0.0,0.0,0.0,0.0,0.0,0.0,1.0,1.0,1.0,4.0,4.0,4.0,0.8660254037844387,0.8660254037844387,0.8660254037844387,-0.4999999999999998,-0.4999999999999998,-0.4999999999999998,22.768,24.059666833333335,17.439913999999998,17.31137933333333,72.0,66.33333333333333,24.204681000000004,25.223500666666666,1011.5421566666668,1011.523585,8.333333333333334,14.166666666666666,0.0,1.6666666666666667,8.333333333333334,12.5,0.025637070333333293,0.045565705166666665,0.77984432,1.0282071766666665,8.415042766666668,9.896773716666667,165.88845333333333,162.77386,15.4799995,18.65999941666667,0.0,0.0,0.0,0.0,19.118283,19.512681,591.6666666666666,614.1666666666666,0.0,0.0,0.0,0.0,0.0,0.0,0.0,0.0,0.0,0.0,0.0,0.0,0.0,0.0,0.0,0.0,0.0,0.0,0.0,0.0,0.0,0.0,0.0,0.0,1014.9333333333333,1014.9000000000001,0.0,0.0,5.0,3.5,0.9439837433578356,0.7163128427270958,0.25293968170084036,0.5496461760604293,0.0,0.0,0.0,0.0,1.0,1.0,4.0,4.0,0.8660254037844387,0.8660254037844387,-0.4999999999999998,-0.4999999999999998
2025-04-21 07:00:00+00:00,21.318,17.924292,81.0,23.266977,1010.89417,0.0,0.0,0.0,0.004475276,0.4818163,6.379216,163.61038,12.24,0.0,0.0,18.922367,605.0,0.0,0.0,0.0,0.0,0.0,0.0,0.0,0.0,0.0,0.0,0.0,0.0,1014.3,7,0.9659258262890683,-0.25881904510252063,0,0.0,1.0,4,0.8660254037844387,-0.4999999999999998,21.968,22.718,23.618,17.543726,17.409836,17.36618,76.0,72.0,68.0,23.53129,24.120829,24.961924,1011.20087,1011.5084,1011.9172,0.0,8.0,17.0,0.0,0.0,0.0,0.0,8.0,17.0,0.01651584,0.025926776,0.034468595,0.63326526,0.7732414,0.9330263,7.8625183,8.557102,8.825508,164.05453,165.37909,168.23174,14.04,15.4800005,16.919998,0.0,0.0,0.0,0.0,0.0,0.0,18.899128,19.079527,19.376194,605.0,560.0,610.0,0.0,0.0,0.0,0.0,0.0,0.0,0.0,0.0,0.0,0.0,0.0,0.0,0.0,0.0,0.0,0.0,0.0,0.0,0.0,0.0,0.0,0.0,0.0,0.0,0.0,0.0,0.0,0.0,0.0,0.0,0.0,0.0,0.0,0.0,0.0,0.0,1014.6,1014.9,1015.3,0.0,0.0,0.0,6.0,5.0,4.0,1.0,0.9659258262890683,0.8660254037844386,6.123233995736766e-17,0.25881904510252074,0.5000000000000001,0.0,0.0,0.0,0.0,0.0,0.0,1.0,1.0,1.0,4.0,4.0,4.0,0.8660254037844387,0.8660254037844387,0.8660254037844387,-0.4999999999999998,-0.4999999999999998,-0.4999999999999998,22.001333333333335,23.25133333333333,17.625951333333337,17.46840416666667,76.33333333333333,70.33333333333333,23.63969866666667,24.6542305,1011.2011466666668,1011.5309966666667,2.6666666666666665,11.666666666666666,0.0,0.5,2.6666666666666665,11.166666666666666,0.0156392973333333,0.031811562833333334,0.6294409866666667,0.8652716266666665,7.599612099999999,8.732691216666668,164.34799999999998,164.58479833333334,13.920000166666668,16.49999958333333,0.0,0.0,0.0,0.0,18.96700733333333,19.316941500000002,590.0,615.0,0.0,0.0,0.0,0.0,0.0,0.0,0.0,0.0,0.0,0.0,0.0,0.0,0.0,0.0,0.0,0.0,0.0,0.0,0.0,0.0,0.0,0.0,0.0,0.0,1014.6,1014.9166666666666,0.0,0.0,6.0,4.5,0.9772838841927122,0.8341639729248538,9.251858538542972e-17,0.3455220308284977,0.0,0.0,0.0,0.0,1.0,1.0,4.0,4.0,0.8660254037844387,0.8660254037844387,-0.4999999999999998,-0.4999999999999998
2025-04-21 08:00:00+00:00,20.768,18.340153,86.0,23.201979,1010.6886,0.0,0.0,0.0,0.0,0.34323597,4.3498964,155.55606,10.08,0.0,0.0,19.023077,595.0,0.0,0.0,0.0,0.0,0.0,0.0,0.0,0.0,0.0,0.0,0.0,0.0,1014.1,8,0.8660254037844387,-0.4999999999999998,0,0.0,1.0,4,0.8660254037844387,-0.4999999999999998,21.318,21.968,22.718,17.924292,17.543726,17.409836,81.0,76.0,72.0,23.266977,23.53129,24.120829,1010.89417,1011.20087,1011.5084,0.0,0.0,8.0,0.0,0.0,0.0,0.0,0.0,8.0,0.004475276,0.01651584,0.025926776,0.4818163,0.63326526,0.7732414,6.379216,7.8625183,8.557102,163.61038,164.05453,165.37909,12.24,14.04,15.4800005,0.0,0.0,0.0,0.0,0.0,0.0,18.922367,18.899128,19.079527,605.0,605.0,560.0,0.0,0.0,0.0,0.0,0.0,0.0,0.0,0.0,0.0,0.0,0.0,0.0,0.0,0.0,0.0,0.0,0.0,0.0,0.0,0.0,0.0,0.0,0.0,0.0,0.0,0.0,0.0,0.0,0.0,0.0,0.0,0.0,0.0,0.0,0.0,0.0,1014.3,1014.6,1014.9,0.0,0.0,0.0,7.0,6.0,5.0,0.9659258262890683,1.0,0.9659258262890683,-0.25881904510252063,6.123233995736766e-17,0.25881904510252074,0.0,0.0,0.0,0.0,0.0,0.0,1.0,1.0,1.0,4.0,4.0,4.0,0.8660254037844387,0.8660254037844387,0.8660254037844387,-0.4999999999999998,-0.4999999999999998,-0.4999999999999998,21.351333333333333,22.484666666666666,17.936057,17.6410155,81.0,74.5,23.333415333333335,24.13085083333333,1010.9278800000001,1011.3727233333333,0.0,8.333333333333334,0.0,0.0,0.0,8.333333333333334,0.00699703866666663,0.021332472833333335,0.48610584333333334,0.7120699049999999,6.197210233333333,7.59670645,161.07365666666666,163.972865,12.120000000000003,14.519999583333332,0.0,0.0,0.0,0.0,18.948190666666665,19.157323166666668,601.6666666666666,610.8333333333334,0.0,0.0,0.0,0.0,0.0,0.0,0.0,0.0,0.0,0.0,0.0,0.0,0.0,0.0,0.0,0.0,0.0,0.0,0.0,0.0,0.0,0.0,0.0,0.0,1014.3333333333334,1014.7666666666668,0.0,0.0,7.0,5.5,0.9439837433578356,0.8951682068889268,-0.2529396817008401,0.11785113019775799,0.0,0.0,0.0,0.0,1.0,1.0,4.0,4.0,0.8660254037844387,0.8660254037844387,-0.4999999999999998,-0.4999999999999998
2025-04-21 09:00:00+00:00,20.718,18.658112,88.0,23.484995,1010.68787,0.0,0.0,0.0,0.0,0.29329157,3.0758414,159.44388,8.28,0.0,0.0,19.225708,565.0,0.0,0.0,0.0,0.0,0.0,0.0,0.0,0.0,0.0,0.0,0.0,0.0,1014.1,9,0.7071067811865476,-0.7071067811865475,0,0.0,1.0,4,0.8660254037844387,-0.4999999999999998,20.768,21.318,21.968,18.340153,17.924292,17.543726,86.0,81.0,76.0,23.201979,23.266977,23.53129,1010.6886,1010.89417,1011.20087,0.0,0.0,0.0,0.0,0.0,0.0,0.0,0.0,0.0,0.0,0.004475276,0.01651584,0.34323597,0.4818163,0.63326526,4.3498964,6.379216,7.8625183,155.55606,163.61038,164.05453,10.08,12.24,14.04,0.0,0.0,0.0,0.0,0.0,0.0,19.023077,18.922367,18.899128,595.0,605.0,605.0,0.0,0.0,0.0,0.0,0.0,0.0,0.0,0.0,0.0,0.0,0.0,0.0,0.0,0.0,0.0,0.0,0.0,0.0,0.0,0.0,0.0,0.0,0.0,0.0,0.0,0.0,0.0,0.0,0.0,0.0,0.0,0.0,0.0,0.0,0.0,0.0,1014.1,1014.3,1014.6,0.0,0.0,0.0,8.0,7.0,6.0,0.8660254037844387,0.9659258262890683,1.0,-0.4999999999999998,-0.25881904510252063,6.123233995736766e-17,0.0,0.0,0.0,0.0,0.0,0.0,1.0,1.0,1.0,4.0,4.0,4.0,0.8660254037844387,0.8660254037844387,0.8660254037844387,-0.4999999999999998,-0.4999999999999998,-0.4999999999999998,20.93466666666667,21.851333333333333,18.307519000000003,17.8737165,85.0,78.5,23.317983666666674,23.761332333333332,1010.7568799999999,1011.1495183333333,0.0,4.166666666666667,0.0,0.0,0.0,4.166666666666667,0.0014917586666666298,0.013564414500000002,0.37278128000000005,0.5763127999999998,4.601651266666667,6.508347016666668,159.53677333333334,162.71261333333334,10.200000000000003,12.839999749999999,0.0,0.0,0.0,0.0,19.057050666666665,19.087666833333333,588.3333333333334,590.0,0.0,0.0,0.0,0.0,0.0,0.0,0.0,0.0,0.0,0.0,0.0,0.0,0.0,0.0,0.0,0.0,0.0,0.0,0.0,0.0,0.0,0.0,0.0,0.0,1014.1666666666666,1014.5500000000001,0.0,0.0,8.0,6.5,0.8463526704200183,0.8951682068889268,-0.4886419420963559,-0.11785113019775785,0.0,0.0,0.0,0.0,1.0,1.0,4.0,4.0,0.8660254037844387,0.8660254037844387,-0.4999999999999998,-0.4999999999999998
2025-04-21 10:00:00+00:00,21.268,19.016197,87.0,24.179478,1011.09296,0.0,0.0,0.0,0.0,0.32862687,3.2399998,180.0,9.0,0.0,0.0,19.637836,555.0,0.0,0.0,0.0,0.0,0.0,0.0,0.0,0.0,0.0,0.0,0.0,0.0,1014.5,10,0.49999999999999994,-0.8660254037844387,0,0.0,1.0,4,0.8660254037844387,-0.4999999999999998,20.718,20.768,21.318,18.658112,18.340153,17.924292,88.0,86.0,81.0,23.484995,23.201979,23.266977,1010.68787,1010.6886,1010.89417,0.0,0.0,0.0,0.0,0.0,0.0,0.0,0.0,0.0,0.0,0.0,0.004475276,0.29329157,0.34323597,0.4818163,3.0758414,4.3498964,6.379216,159.44388,155.55606,163.61038,8.28,10.08,12.24,0.0,0.0,0.0,0.0,0.0,0.0,19.225708,19.023077,18.922367,565.0,595.0,605.0,0.0,0.0,0.0,0.0,0.0,0.0,0.0,0.0,0.0,0.0,0.0,0.0,0.0,0.0,0.0,0.0,0.0,0.0,0.0,0.0,0.0,0.0,0.0,0.0,0.0,0.0,0.0,0.0,0.0,0.0,0.0,0.0,0.0,0.0,0.0,0.0,1014.1,1014.1,1014.3,0.0,0.0,0.0,9.0,8.0,7.0,0.7071067811865476,0.8660254037844387,0.9659258262890683,-0.7071067811865475,-0.4999999999999998,-0.25881904510252063,0.0,0.0,0.0,0.0,0.0,0.0,1.0,1.0,1.0,4.0,4.0,4.0,0.8660254037844387,0.8660254037844387,0.8660254037844387,-0.4999999999999998,-0.4999999999999998,-0.4999999999999998,20.918000000000003,21.459666666666667,18.67148733333333,18.148719333333332,87.0,81.66666666666667,23.62215066666667,23.63092466666667,1010.8231433333332,1011.012145,0.0,1.3333333333333333,0.0,0.0,0.0,1.3333333333333333,0.0,0.007819648666666667,0.32171813666666665,0.4755795616666665,3.5552458666666666,5.577428983333334,164.99998000000002,164.67399,9.120000000000003,11.520000083333334,0.0,0.0,0.0,0.0,19.29554033333333,19.131273833333335,571.6666666666666,580.8333333333334,0.0,0.0,0.0,0.0,0.0,0.0,0.0,0.0,0.0,0.0,0.0,0.0,0.0,0.0,0.0,0.0,0.0,0.0,0.0,0.0,0.0,0.0,0.0,0.0,1014.2333333333332,1014.4166666666666,0.0,0.0,9.0,7.5,0.6910440616569954,0.8341639729248538,-0.6910440616569953,-0.34552203082849764,0.0,0.0,0.0,0.0,1.0,1.0,4.0,4.0,0.8660254037844387,0.8660254037844387,-0.4999999999999998,-0.4999999999999998
2025-04-21 11:00:00+00:00,22.318,19.67309,85.0,25.30545,1011.6033,0.0,0.0,0.0,0.013351221,0.40423417,4.896529,197.10281,9.36,1.0,898.62805,20.405197,575.0,42.0,13.0,42.0,94.3073,29.190353,54.359123,29.0,281.5719,80.44413,65.11694,364.42862,180.6302,1015.0,11,0.258819045102521,-0.9659258262890682,0,0.0,1.0,4,0.8660254037844387,-0.4999999999999998,21.268,20.718,20.768,19.016197,18.658112,18.340153,87.0,88.0,86.0,24.179478,23.484995,23.201979,1011.09296,1010.68787,1010.6886,0.0,0.0,0.0,0.0,0.0,0.0,0.0,0.0,0.0,0.0,0.0,0.0,0.32862687,0.29329157,0.34323597,3.2399998,3.0758414,4.3498964,180.0,159.44388,155.55606,9.0,8.28,10.08,0.0,0.0,0.0,0.0,0.0,0.0,19.637836,19.225708,19.023077,555.0,565.0,595.0,0.0,0.0,0.0,0.0,0.0,0.0,0.0,0.0,0.0,0.0,0.0,0.0,0.0,0.0,0.0,0.0,0.0,0.0,0.0,0.0,0.0,0.0,0.0,0.0,0.0,0.0,0.0,0.0,0.0,0.0,0.0,0.0,0.0,0.0,0.0,0.0,1014.5,1014.1,1014.1,0.0,0.0,0.0,10.0,9.0,8.0,0.49999999999999994,0.7071067811865476,0.8660254037844387,-0.8660254037844387,-0.7071067811865475,-0.4999999999999998,0.0,0.0,0.0,0.0,0.0,0.0,1.0,1.0,1.0,4.0,4.0,4.0,0.8660254037844387,0.8660254037844387,0.8660254037844387,-0.4999999999999998,-0.4999999999999998,-0.4999999999999998,21.43466666666667,21.393,19.115799666666664,18.525928333333333,86.66666666666667,83.83333333333333,24.32330766666667,23.8283615,1011.1280433333333,1011.0279616666667,0.0,0.0,0.0,0.0,0.0,0.0,0.004450406999999963,0.005723722833333333,0.34205087,0.41407835666666654,3.7374567333333335,4.967333483333333,178.84889666666666,169.9612766666667,8.880000000000003,10.499999999999998,0.3333333333333333,0.16666666666666666,299.54268333333334,149.77134166666667,19.756247000000002,19.352218833333335,565.0,583.3333333333334,14.0,7.0,4.333333333333333,2.1666666666666665,14.0,7.0,31.435766666666627,15.717883333333333,9.730117666666667,4.865058833333333,18.119707666666667,9.059853833333314,9.666666666666666,4.833333333333333,93.85729999999997,46.92864999999998,26.814710000000076,13.407355,21.705646666666706,10.852823333333314,121.47620666666664,60.73810333333332,60.21006666666674,30.105033333333335,1014.5333333333333,1014.4333333333334,0.0,0.0,10.0,8.5,0.4886419420963562,0.7163128427270959,-0.846352670420018,-0.5496461760604291,0.0,0.0,0.0,0.0,1.0,1.0,4.0,4.0,0.8660254037844387,0.8660254037844387,-0.4999999999999998,-0.4999999999999998
2025-04-21 12:00:00+00:00,23.718,19.85878,79.0,26.758574,1012.0182,0.0,0.0,0.0,0.11440155,0.61586404,5.154415,204.77512,10.08,1.0,3600.0,20.964426,800.0,185.0,56.0,184.99998,270.9563,82.0192,270.95627,129.0,509.4853,343.08896,188.93709,746.2067,502.4979,1015.4,12,1.2246467991473532e-16,-1.0,0,0.0,1.0,4,0.8660254037844387,-0.4999999999999998,22.318,21.268,20.718,19.67309,19.016197,18.658112,85.0,87.0,88.0,25.30545,24.179478,23.484995,1011.6033,1011.09296,1010.68787,0.0,0.0,0.0,0.0,0.0,0.0,0.0,0.0,0.0,0.013351221,0.0,0.0,0.40423417,0.32862687,0.29329157,4.896529,3.2399998,3.0758414,197.10281,180.0,159.44388,9.36,9.0,8.28,1.0,0.0,0.0,898.62805,0.0,0.0,20.405197,19.637836,19.225708,575.0,555.0,565.0,42.0,0.0,0.0,13.0,0.0,0.0,42.0,0.0,0.0,94.3073,0.0,0.0,29.190353,0.0,0.0,54.359123,0.0,0.0,29.0,0.0,0.0,281.5719,0.0,0.0,80.44413,0.0,0.0,65.11694,0.0,0.0,364.42862,0.0,0.0,180.6302,0.0,0.0,1015.0,1014.5,1014.1,0.0,0.0,0.0,11.0,10.0,9.0,0.258819045102521,0.49999999999999994,0.7071067811865476,-0.9659258262890682,-0.8660254037844387,-0.7071067811865475,0.0,0.0,0.0,0.0,0.0,0.0,1.0,1.0,1.0,4.0,4.0,4.0,0.8660254037844387,0.8660254037844387,0.8660254037844387,-0.4999999999999998,-0.4999999999999998,-0.4999999999999998,22.43466666666667,21.68466666666667,19.516022333333336,18.911770666666666,83.66666666666667,84.33333333333333,25.41450066666667,24.366242166666666,1011.5714866666667,1011.1641833333333,0.0,0.0,0.0,0.0,0.0,0.0,0.042584256999999966,0.022038007833333335,0.44957502666666666,0.4111781533333332,4.4303146,4.5159829333333334,193.95931,176.7480416666667,9.480000000000002,9.839999999999998,0.6666666666666666,0.3333333333333333,1499.5426833333333,749.7713416666667,20.335819666666666,19.696435166666667,643.3333333333334,615.8333333333334,75.66666666666667,37.833333333333336,23.0,11.5,75.66666,37.83333,121.7545333333333,60.877266666666664,37.069851,18.5349255,108.43846433333334,54.21923216666665,52.666666666666664,26.333333333333332,263.6857333333333,131.84286666666665,141.17769666666675,70.58884833333333,84.6846766666667,42.342338333333316,370.21177333333327,185.10588666666663,227.70936666666674,113.85468333333334,1014.9666666666667,1014.5666666666666,0.0,0.0,11.0,9.5,0.2529396817008404,0.5496461760604293,-0.9439837433578356,-0.7163128427270958,0.0,0.0,0.0,0.0,1.0,1.0,4.0,4.0,0.8660254037844387,0.8660254037844387,-0.4999999999999998,-0.4999999999999998
2025-04-21 13:00:00+00:00,25.618,19.507877,69.0,28.78952,1012.13934,0.0,0.0,0.0,0.25862715,1.0182865,3.0547013,224.9999,10.440001,1.0,3600.0,21.370502,800.0,388.0,94.0,388.0,473.33008,114.67275,473.33008,294.0,610.45605,652.5768,358.65732,744.7093,796.0933,1015.5,13,-0.2588190451025208,-0.9659258262890683,0,0.0,1.0,4,0.8660254037844387,-0.4999999999999998,23.718,22.318,21.268,19.85878,19.67309,19.016197,79.0,85.0,87.0,26.758574,25.30545,24.179478,1012.0182,1011.6033,1011.09296,0.0,0.0,0.0,0.0,0.0,0.0,0.0,0.0,0.0,0.11440155,0.013351221,0.0,0.61586404,0.40423417,0.32862687,5.154415,4.896529,3.2399998,204.77512,197.10281,180.0,10.08,9.36,9.0,1.0,1.0,0.0,3600.0,898.62805,0.0,20.964426,20.405197,19.637836,800.0,575.0,555.0,185.0,42.0,0.0,56.0,13.0,0.0,184.99998,42.0,0.0,270.9563,94.3073,0.0,82.0192,29.190353,0.0,270.95627,54.359123,0.0,129.0,29.0,0.0,509.4853,281.5719,0.0,343.08896,80.44413,0.0,188.93709,65.11694,0.0,746.2067,364.42862,0.0,502.4979,180.6302,0.0,1015.4,1015.0,1014.5,0.0,0.0,0.0,12.0,11.0,10.0,1.2246467991473532e-16,0.258819045102521,0.49999999999999994,-1.0,-0.9659258262890682,-0.8660254037844387,0.0,0.0,0.0,0.0,0.0,0.0,1.0,1.0,1.0,4.0,4.0,4.0,0.8660254037844387,0.8660254037844387,0.8660254037844387,-0.4999999999999998,-0.4999999999999998,-0.4999999999999998,23.884666666666664,22.40133333333333,19.67991566666667,19.1757015,77.66666666666667,82.33333333333333,26.951181333333334,25.286666,1011.9202799999999,1011.3717116666666,0.0,0.0,0.0,0.0,0.0,0.0,0.12879330699999994,0.0643966535,0.6794615700000001,0.5005898533333332,4.368548433333333,3.9618971500000004,208.95927666666668,186.97962833333335,9.960000333333335,9.540000166666667,1.0,0.5,2699.5426833333336,1349.7713416666668,20.913375,20.104457666666665,725.0,648.3333333333334,205.0,102.5,54.333333333333336,27.166666666666668,204.99999333333335,102.49999666666668,279.53122666666667,139.76561333333333,75.294101,37.6470505,266.2151576666667,133.10757883333332,150.66666666666666,75.33333333333333,467.17108333333334,233.58554166666667,358.70329666666674,179.35164833333337,204.2371166666667,102.11855833333333,618.4482066666666,309.2241033333333,493.0738000000001,246.53689999999997,1015.3000000000001,1014.7666666666668,0.0,0.0,12.0,10.5,1.4802973661668753e-16,0.3455220308284978,-0.9772838841927122,-0.8341639729248538,0.0,0.0,0.0,0.0,1.0,1.0,4.0,4.0,0.8660254037844387,0.8660254037844387,-0.4999999999999998,-0.4999999999999998
2025-04-21 14:00:00+00:00,27.918001,18.044764,55.0,30.996529,1012.06506,0.0,0.0,0.0,0.43571186,1.6921153,2.3051248,321.34018,10.440001,1.0,3600.0,21.328968,775.0,623.0,110.0,623.0,702.49335,124.03574,702.49335,513.0,752.6206,923.5705,578.45764,848.6533,1041.416,1015.4,14,-0.4999999999999997,-0.8660254037844388,0,0.0,1.0,4,0.8660254037844387,-0.4999999999999998,25.618,23.718,22.318,19.507877,19.85878,19.67309,69.0,79.0,85.0,28.78952,26.758574,25.30545,1012.13934,1012.0182,1011.6033,0.0,0.0,0.0,0.0,0.0,0.0,0.0,0.0,0.0,0.25862715,0.11440155,0.013351221,1.0182865,0.61586404,0.40423417,3.0547013,5.154415,4.896529,224.9999,204.77512,197.10281,10.440001,10.08,9.36,1.0,1.0,1.0,3600.0,3600.0,898.62805,21.370502,20.964426,20.405197,800.0,800.0,575.0,388.0,185.0,42.0,94.0,56.0,13.0,388.0,184.99998,42.0,473.33008,270.9563,94.3073,114.67275,82.0192,29.190353,473.33008,270.95627,54.359123,294.0,129.0,29.0,610.45605,509.4853,281.5719,652.5768,343.08896,80.44413,358.65732,188.93709,65.11694,744.7093,746.2067,364.42862,796.0933,502.4979,180.6302,1015.5,1015.4,1015.0,0.0,0.0,0.0,13.0,12.0,11.0,-0.2588190451025208,1.2246467991473532e-16,0.258819045102521,-0.9659258262890683,-1.0,-0.9659258262890682,0.0,0.0,0.0,0.0,0.0,0.0,1.0,1.0,1.0,4.0,4.0,4.0,0.8660254037844387,0.8660254037844387,0.8660254037844387,-0.4999999999999998,-0.4999999999999998,-0.4999999999999998,25.751333666666667,23.593000166666666,19.137140333333335,19.126469999999998,67.66666666666667,77.16666666666667,28.848207666666667,26.585757666666666,1012.0742,1011.6011216666666,0.0,0.0,0.0,0.0,0.0,0.0,0.26958018666666667,0.13701529683333333,1.1087552800000002,0.7254030749999999,3.504747033333333,3.621101883333333,250.3717333333333,214.61031499999999,10.320000666666669,9.600000333333332,1.0,0.6666666666666666,3600.0,1949.7713416666666,21.221298666666666,20.488772833333332,791.6666666666666,678.3333333333334,398.6666666666667,206.33333333333334,86.66666666666667,45.5,398.66666000000004,206.33333000000002,482.25991,256.8478383333333,106.90923,58.31967383333333,482.2599,250.1898038333333,312.0,160.83333333333334,624.1873166666667,359.02230833333334,639.7454200000001,333.280065,375.3506833333334,198.52816499999997,779.8564333333333,450.66632,780.0024,420.10623333333336,1015.4333333333334,1014.9833333333332,0.0,0.0,13.0,11.5,-0.2529396817008401,0.117851130197758,-0.9439837433578356,-0.8951682068889268,0.0,0.0,0.0,0.0,1.0,1.0,4.0,4.0,0.8660254037844387,0.8660254037844387,-0.4999999999999998,-0.4999999999999998
2025-04-21 15:00:00+00:00,29.868,16.65643,45.0,33.475117,1011.78766,0.0,0.0,0.0,0.6100191,2.3151057,3.96,360.0,10.799999,1.0,3600.0,21.285278,770.0,838.0,112.0,838.0,899.9837,120.284225,899.9837,726.0,864.6909,1137.6129,779.6995,928.64886,1221.7578,1015.1,15,-0.7071067811865471,-0.7071067811865479,0,0.0,1.0,4,0.8660254037844387,-0.4999999999999998,27.918001,25.618,23.718,18.044764,19.507877,19.85878,55.0,69.0,79.0,30.996529,28.78952,26.758574,1012.06506,1012.13934,1012.0182,0.0,0.0,0.0,0.0,0.0,0.0,0.0,0.0,0.0,0.43571186,0.25862715,0.11440155,1.6921153,1.0182865,0.61586404,2.3051248,3.0547013,5.154415,321.34018,224.9999,204.77512,10.440001,10.440001,10.08,1.0,1.0,1.0,3600.0,3600.0,3600.0,21.328968,21.370502,20.964426,775.0,800.0,800.0,623.0,388.0,185.0,110.0,94.0,56.0,623.0,388.0,184.99998,702.49335,473.33008,270.9563,124.03574,114.67275,82.0192,702.49335,473.33008,270.95627,513.0,294.0,129.0,752.6206,610.45605,509.4853,923.5705,652.5768,343.08896,578.45764,358.65732,188.93709,848.6533,744.7093,746.2067,1041.416,796.0933,502.4979,1015.4,1015.5,1015.4,0.0,0.0,0.0,14.0,13.0,12.0,-0.4999999999999997,-0.2588190451025208,1.2246467991473532e-16,-0.8660254037844388,-0.9659258262890683,-1.0,0.0,0.0,0.0,0.0,0.0,0.0,1.0,1.0,1.0,4.0,4.0,4.0,0.8660254037844387,0.8660254037844387,0.8660254037844387,-0.4999999999999998,-0.4999999999999998,-0.4999999999999998,27.801333666666665,25.118000166666665,18.069690333333337,18.792856333333333,56.333333333333336,70.0,31.087055333333335,28.250777999999997,1011.9973533333332,1011.78442,0.0,0.0,0.0,0.0,0.0,0.0,0.43478603666666665,0.23868514683333333,1.6751691666666668,1.0623720966666665,3.1066087000000002,3.7684616500000003,302.11336,248.036335,10.560000333333337,10.020000166666668,1.0,0.8333333333333334,3600.0,2549.7713416666666,21.328249333333332,20.832034500000002,781.6666666666666,712.5,616.3333333333334,346.0,105.33333333333333,64.16666666666667,616.3333333333334,345.9999966666667,691.9357100000001,406.84512166666667,119.66423833333333,78.36704466666667,691.9357100000001,400.1870871666667,511.0,281.8333333333333,742.5891833333334,503.1374583333333,904.5867333333335,522.882215,572.2714866666666,328.47808166666664,840.6704866666665,605.44113,1019.7557,623.7325333333333,1015.3333333333334,1015.15,0.0,0.0,14.0,12.5,-0.48864194209635586,-0.11785113019775778,-0.8463526704200183,-0.895168206888927,0.0,0.0,0.0,0.0,1.0,1.0,4.0,4.0,0.8660254037844387,0.8660254037844387,-0.4999999999999998,-0.4999999999999998
2025-04-21 16:00:00+00:00,31.468,15.846328,39.0,35.681023,1011.1074,0.0,0.0,0.0,0.73005116,2.8131711,3.8268526,41.185837,13.32,1.0,3600.0,21.439262,825.0,979.0,112.0,979.0,1013.19586,115.912094,1013.19586,867.0,917.64355,1280.1298,897.2838,949.6963,1324.8439,1014.4,16,-0.8660254037844385,-0.5000000000000004,0,0.0,1.0,4,0.8660254037844387,-0.4999999999999998,29.868,27.918001,25.618,16.65643,18.044764,19.507877,45.0,55.0,69.0,33.475117,30.996529,28.78952,1011.78766,1012.06506,1012.13934,0.0,0.0,0.0,0.0,0.0,0.0,0.0,0.0,0.0,0.6100191,0.43571186,0.25862715,2.3151057,1.6921153,1.0182865,3.96,2.3051248,3.0547013,360.0,321.34018,224.9999,10.799999,10.440001,10.440001,1.0,1.0,1.0,3600.0,3600.0,3600.0,21.285278,21.328968,21.370502,770.0,775.0,800.0,838.0,623.0,388.0,112.0,110.0,94.0,838.0,623.0,388.0,899.9837,702.49335,473.33008,120.284225,124.03574,114.67275,899.9837,702.49335,473.33008,726.0,513.0,294.0,864.6909,752.6206,610.45605,1137.6129,923.5705,652.5768,779.6995,578.45764,358.65732,928.64886,848.6533,744.7093,1221.7578,1041.416,796.0933,1015.1,1015.4,1015.5,0.0,0.0,0.0,15.0,14.0,13.0,-0.7071067811865471,-0.4999999999999997,-0.2588190451025208,-0.7071067811865479,-0.8660254037844388,-0.9659258262890683,0.0,0.0,0.0,0.0,0.0,0.0,1.0,1.0,1.0,4.0,4.0,4.0,0.8660254037844387,0.8660254037844387,0.8660254037844387,-0.4999999999999998,-0.4999999999999998,-0.4999999999999998,29.751333666666667,26.818000166666668,16.849174,18.264544833333332,46.333333333333336,62.0,33.384223,30.16770216666667,1011.6533733333334,1011.7868266666668,0.0,0.0,0.0,0.0,0.0,0.0,0.5919273733333333,0.3603603401666667,2.2734640333333336,1.4764628016666663,3.363992466666667,3.86627045,240.84200566666664,224.90064116666667,11.520000000000003,10.740000166666666,1.0,1.0,3600.0,3149.7713416666666,21.35116933333333,21.132272166666667,790.0,757.5,813.3333333333334,509.1666666666667,111.33333333333333,82.83333333333333,813.3333333333334,509.16666333333336,871.89097,575.7110983333333,120.077353,97.685727,871.89097,569.0530638333333,702.0,426.3333333333333,844.9850166666666,656.07805,1113.771066666667,736.2371816666667,751.8136466666666,478.02538166666665,908.9994866666666,763.7238466666666,1196.0059,844.5398500000001,1014.9666666666667,1015.1333333333332,0.0,0.0,15.0,13.5,-0.6910440616569952,-0.3455220308284975,-0.6910440616569957,-0.8341639729248541,0.0,0.0,0.0,0.0,1.0,1.0,4.0,4.0,0.8660254037844387,0.8660254037844387,-0.4999999999999998,-0.4999999999999998
2025-04-21 17:00:00+00:00,32.767998,15.744795,36.0,36.86963,1010.22424,0.0,0.0,0.0,0.8008448,3.1761994,6.130579,86.63361,15.4800005,1.0,3600.0,21.842018,900.0,1041.0,110.0,1041.0,1042.7395,110.18381,1042.7395,931.0,940.3349,1341.4238,932.55566,941.9061,1343.6653,1013.5,17,-0.9659258262890683,-0.25881904510252063,0,0.0,1.0,4,0.8660254037844387,-0.4999999999999998,31.468,29.868,27.918001,15.846328,16.65643,18.044764,39.0,45.0,55.0,35.681023,33.475117,30.996529,1011.1074,1011.78766,1012.06506,0.0,0.0,0.0,0.0,0.0,0.0,0.0,0.0,0.0,0.73005116,0.6100191,0.43571186,2.8131711,2.3151057,1.6921153,3.8268526,3.96,2.3051248,41.185837,360.0,321.34018,13.32,10.799999,10.440001,1.0,1.0,1.0,3600.0,3600.0,3600.0,21.439262,21.285278,21.328968,825.0,770.0,775.0,979.0,838.0,623.0,112.0,112.0,110.0,979.0,838.0,623.0,1013.19586,899.9837,702.49335,115.912094,120.284225,124.03574,1013.19586,899.9837,702.49335,867.0,726.0,513.0,917.64355,864.6909,752.6206,1280.1298,1137.6129,923.5705,897.2838,779.6995,578.45764,949.6963,928.64886,848.6533,1324.8439,1221.7578,1041.416,1014.4,1015.1,1015.4,0.0,0.0,0.0,16.0,15.0,14.0,-0.8660254037844385,-0.7071067811865471,-0.4999999999999997,-0.5000000000000004,-0.7071067811865479,-0.8660254037844388,0.0,0.0,0.0,0.0,0.0,0.0,1.0,1.0,1.0,4.0,4.0,4.0,0.8660254037844387,0.8660254037844387,0.8660254037844387,-0.4999999999999998,-0.4999999999999998,-0.4999999999999998,31.36799933333333,28.559666500000002,16.082517666666668,17.609829,40.0,53.833333333333336,35.341923333333334,32.0950655,1011.0397666666667,1011.5569833333333,0.0,0.0,0.0,0.0,0.0,0.0,0.7136383533333334,0.49160926999999993,2.7681587333333333,1.9384570066666662,4.639143866666667,4.07194545,162.60648233333333,206.48910783333335,13.199999833333337,11.76000025,1.0,1.0,3600.0,3600.0,21.522186,21.37174233333333,831.6666666666666,811.6666666666666,952.6666666666666,675.6666666666666,111.33333333333333,99.0,952.6666666666666,675.6666633333333,985.3063533333334,733.7831316666667,115.460043,111.18463650000001,985.3063533333334,733.7831266666666,841.3333333333334,576.6666666666666,907.55645,765.8718833333334,1253.0555000000002,946.40046,869.84632,622.5985016666667,940.0837533333333,859.9700933333334,1296.7556666666667,1038.3790333333334,1014.3333333333334,1014.8833333333332,0.0,0.0,16.0,14.5,-0.846352670420018,-0.5496461760604291,-0.4886419420963563,-0.716312842727096,0.0,0.0,0.0,0.0,1.0,1.0,4.0,4.0,0.8660254037844387,0.8660254037844387,-0.4999999999999998,-0.4999999999999998
2025-04-21 18:00:00+00:00,33.317997,16.228931,36.0,36.78741,1009.4325,0.0,0.0,0.0,0.8104774,3.2755213,9.793058,107.10281,18.0,1.0,3600.0,22.277298,945.0,1024.0,104.0,1024.0,992.6136,100.81232,992.6136,920.0,946.19354,1317.3369,891.8013,917.19196,1276.9595,1012.7,18,-1.0,-1.8369701987210297e-16,0,0.0,1.0,4,0.8660254037844387,-0.4999999999999998,32.767998,31.468,29.868,15.744795,15.846328,16.65643,36.0,39.0,45.0,36.86963,35.681023,33.475117,1010.22424,1011.1074,1011.78766,0.0,0.0,0.0,0.0,0.0,0.0,0.0,0.0,0.0,0.8008448,0.73005116,0.6100191,3.1761994,2.8131711,2.3151057,6.130579,3.8268526,3.96,86.63361,41.185837,360.0,15.4800005,13.32,10.799999,1.0,1.0,1.0,3600.0,3600.0,3600.0,21.842018,21.439262,21.285278,900.0,825.0,770.0,1041.0,979.0,838.0,110.0,112.0,112.0,1041.0,979.0,838.0,1042.7395,1013.19586,899.9837,110.18381,115.912094,120.284225,1042.7395,1013.19586,899.9837,931.0,867.0,726.0,940.3349,917.64355,864.6909,1341.4238,1280.1298,1137.6129,932.55566,897.2838,779.6995,941.9061,949.6963,928.64886,1343.6653,1324.8439,1221.7578,1013.5,1014.4,1015.1,0.0,0.0,0.0,17.0,16.0,15.0,-0.9659258262890683,-0.8660254037844385,-0.7071067811865471,-0.25881904510252063,-0.5000000000000004,-0.7071067811865479,0.0,0.0,0.0,0.0,0.0,0.0,1.0,1.0,1.0,4.0,4.0,4.0,0.8660254037844387,0.8660254037844387,0.8660254037844387,-0.4999999999999998,-0.4999999999999998,-0.4999999999999998,32.51799833333333,30.159666,15.940018,17.004854166666664,37.0,46.666666666666664,36.446021,33.76653816666667,1010.2547133333334,1011.1260333333333,0.0,0.0,0.0,0.0,0.0,0.0,0.7804577866666667,0.6076219116666667,3.0882972666666664,2.3817332166666665,6.583496533333332,4.845052616666667,78.307419,190.21038950000002,15.60000016666667,13.08000025,1.0,1.0,3600.0,3600.0,21.85285933333333,21.590554333333333,890.0,835.8333333333334,1014.6666666666666,815.5,108.66666666666667,107.0,1014.6666666666666,815.5,1016.1829866666667,854.0593483333333,108.969408,114.31682316666667,1016.1829866666667,854.0593483333333,906.0,708.5,934.7239966666666,838.6565899999999,1312.9635,1108.7751166666667,907.2135866666667,739.7425366666666,936.2647866666666,888.4676366666666,1315.1562333333331,1167.4559666666667,1013.5333333333333,1014.4333333333334,0.0,0.0,17.0,15.5,-0.9439837433578356,-0.7163128427270958,-0.2529396817008404,-0.5496461760604293,0.0,0.0,0.0,0.0,1.0,1.0,4.0,4.0,0.8660254037844387,0.8660254037844387,-0.4999999999999998,-0.4999999999999998
2025-04-21 19:00:00+00:00,32.668,17.313383,40.0,35.291046,1008.8274,0.0,0.0,0.0,0.7521421,2.960679,14.20062,120.46546,24.84,1.0,3600.0,22.618277,940.0,938.0,95.0,938.0,875.775,88.6979,875.775,843.0,944.2564,1209.5303,787.0771,881.6164,1129.2926,1012.1,19,-0.9659258262890684,0.2588190451025203,0,0.0,1.0,4,0.8660254037844387,-0.4999999999999998,33.317997,32.767998,31.468,16.228931,15.744795,15.846328,36.0,36.0,39.0,36.78741,36.86963,35.681023,1009.4325,1010.22424,1011.1074,0.0,0.0,0.0,0.0,0.0,0.0,0.0,0.0,0.0,0.8104774,0.8008448,0.73005116,3.2755213,3.1761994,2.8131711,9.793058,6.130579,3.8268526,107.10281,86.63361,41.185837,18.0,15.4800005,13.32,1.0,1.0,1.0,3600.0,3600.0,3600.0,22.277298,21.842018,21.439262,945.0,900.0,825.0,1024.0,1041.0,979.0,104.0,110.0,112.0,1024.0,1041.0,979.0,992.6136,1042.7395,1013.19586,100.81232,110.18381,115.912094,992.6136,1042.7395,1013.19586,920.0,931.0,867.0,946.19354,940.3349,917.64355,1317.3369,1341.4238,1280.1298,891.8013,932.55566,897.2838,917.19196,941.9061,949.6963,1276.9595,1343.6653,1324.8439,1012.7,1013.5,1014.4,0.0,0.0,0.0,18.0,17.0,16.0,-1.0,-0.9659258262890683,-0.8660254037844385,-1.8369701987210297e-16,-0.25881904510252063,-0.5000000000000004,0.0,0.0,0.0,0.0,0.0,0.0,1.0,1.0,1.0,4.0,4.0,4.0,0.8660254037844387,0.8660254037844387,0.8660254037844387,-0.4999999999999998,-0.4999999999999998,-0.4999999999999998,32.91799833333334,31.334666,16.429036333333332,16.639105166666667,37.333333333333336,41.833333333333336,36.31602866666666,34.85012583333333,1009.4947133333334,1010.5740433333334,0.0,0.0,0.0,0.0,0.0,0.0,0.7878214333333333,0.6898744033333334,3.137466566666667,2.7054652999999997,10.041419,6.702705733333333,104.73396000000001,172.78798283333333,19.440000166666668,15.480000083333332,1.0,1.0,3600.0,3600.0,22.245864333333333,21.798516833333334,928.3333333333334,859.1666666666666,1001.0,907.1666666666666,103.0,107.16666666666667,1001.0,907.1666666666666,970.3760333333333,921.1335016666666,99.89801,109.98768150000001,970.3760333333333,921.1335016666666,898.0,800.0,943.5949466666666,894.2899816666667,1289.4303333333335,1201.6007,870.47802,811.1458333333334,913.5714866666667,911.2854866666667,1249.9724666666666,1222.9891833333334,1012.7666666666668,1013.8666666666667,0.0,0.0,18.0,16.5,-0.9772838841927122,-0.8341639729248538,-1.295260195396016e-16,-0.3455220308284979,0.0,0.0,0.0,0.0,1.0,1.0,4.0,4.0,0.8660254037844387,0.8660254037844387,-0.4999999999999998,-0.4999999999999998
2025-04-21 20:00:00+00:00,31.268,18.273745,46.0,32.663925,1008.4139,0.0,0.0,0.0,0.6320591,2.4618104,19.174856,129.6678,31.319998,1.0,3600.0,22.64718,905.0,783.0,83.0,783.0,695.4711,73.72172,695.4711,700.0,924.881,1025.3716,621.7494,821.4917,910.74884,1011.7,20,-0.8660254037844386,0.5000000000000001,0,0.0,1.0,4,0.8660254037844387,-0.4999999999999998,32.668,33.317997,32.767998,17.313383,16.228931,15.744795,40.0,36.0,36.0,35.291046,36.78741,36.86963,1008.8274,1009.4325,1010.22424,0.0,0.0,0.0,0.0,0.0,0.0,0.0,0.0,0.0,0.7521421,0.8104774,0.8008448,2.960679,3.2755213,3.1761994,14.20062,9.793058,6.130579,120.46546,107.10281,86.63361,24.84,18.0,15.4800005,1.0,1.0,1.0,3600.0,3600.0,3600.0,22.618277,22.277298,21.842018,940.0,945.0,900.0,938.0,1024.0,1041.0,95.0,104.0,110.0,938.0,1024.0,1041.0,875.775,992.6136,1042.7395,88.6979,100.81232,110.18381,875.775,992.6136,1042.7395,843.0,920.0,931.0,944.2564,946.19354,940.3349,1209.5303,1317.3369,1341.4238,787.0771,891.8013,932.55566,881.6164,917.19196,941.9061,1129.2926,1276.9595,1343.6653,1012.1,1012.7,1013.5,0.0,0.0,0.0,19.0,18.0,17.0,-0.9659258262890684,-1.0,-0.9659258262890683,0.2588190451025203,-1.8369701987210297e-16,-0.25881904510252063,0.0,0.0,0.0,0.0,0.0,0.0,1.0,1.0,1.0,4.0,4.0,4.0,0.8660254037844387,0.8660254037844387,0.8660254037844387,-0.4999999999999998,-0.4999999999999998,-0.4999999999999998,32.417999,31.89299916666667,17.27201966666667,16.677268666666667,40.666666666666664,40.333333333333336,34.914127,35.12802516666667,1008.8912666666666,1009.9655166666666,0.0,0.0,0.0,0.0,0.0,0.0,0.7315595333333332,0.7225989433333333,2.8993368999999998,2.833747816666666,14.389511333333331,9.5143276,119.07869000000001,140.84258616666668,24.719999333333334,18.95999958333333,1.0,1.0,3600.0,3600.0,22.514251666666667,22.018218833333332,930.0,880.8333333333334,915.0,933.8333333333334,94.0,102.66666666666667,915.0,933.8333333333334,854.6199,919.9631266666665,87.74398000000001,101.6020115,854.6199,919.9631266666665,821.0,831.1666666666666,938.4436466666666,923.0000483333333,1184.0796,1218.56755,766.8759333333334,818.3611266666667,873.4333533333332,906.7585533333335,1105.66698,1201.2113233333332,1012.1666666666666,1013.25,0.0,0.0,19.0,17.5,-0.9439837433578356,-0.8951682068889268,0.2529396817008401,-0.11785113019775813,0.0,0.0,0.0,0.0,1.0,1.0,4.0,4.0,0.8660254037844387,0.8660254037844387,-0.4999999999999998,-0.4999999999999998
2025-04-21 21:00:00+00:00,29.868,18.952898,52.0,30.060322,1008.1994,0.0,0.0,0.0,0.4781603,2.020101,22.401142,135.0001,38.16,1.0,3600.0,22.53194,840.0,574.0,70.0,574.0,469.75522,57.28722,469.75522,504.0,878.2681,777.4324,412.468,718.76483,636.24207,1011.5,21,-0.7071067811865477,0.7071067811865474,0,0.0,1.0,4,0.8660254037844387,-0.4999999999999998,31.268,32.668,33.317997,18.273745,17.313383,16.228931,46.0,40.0,36.0,32.663925,35.291046,36.78741,1008.4139,1008.8274,1009.4325,0.0,0.0,0.0,0.0,0.0,0.0,0.0,0.0,0.0,0.6320591,0.7521421,0.8104774,2.4618104,2.960679,3.2755213,19.174856,14.20062,9.793058,129.6678,120.46546,107.10281,31.319998,24.84,18.0,1.0,1.0,1.0,3600.0,3600.0,3600.0,22.64718,22.618277,22.277298,905.0,940.0,945.0,783.0,938.0,1024.0,83.0,95.0,104.0,783.0,938.0,1024.0,695.4711,875.775,992.6136,73.72172,88.6979,100.81232,695.4711,875.775,992.6136,700.0,843.0,920.0,924.881,944.2564,946.19354,1025.3716,1209.5303,1317.3369,621.7494,787.0771,891.8013,821.4917,881.6164,917.19196,910.74884,1129.2926,1276.9595,1011.7,1012.1,1012.7,0.0,0.0,0.0,20.0,19.0,18.0,-0.8660254037844386,-0.9659258262890684,-1.0,0.5000000000000001,0.2588190451025203,-1.8369701987210297e-16,0.0,0.0,0.0,0.0,0.0,0.0,1.0,1.0,1.0,4.0,4.0,4.0,0.8660254037844387,0.8660254037844387,0.8660254037844387,-0.4999999999999998,-0.4999999999999998,-0.4999999999999998,31.268,31.89299916666667,18.18000866666667,17.060013333333334,46.0,41.5,32.671764333333336,34.55889266666667,1008.4802333333333,1009.3674733333334,0.0,0.0,0.0,0.0,0.0,0.0,0.6207871666666667,0.7006224766666667,2.480863466666667,2.7845803666666664,18.592206,12.587851266666666,128.37778666666668,103.34260283333333,31.439999333333333,23.51999975,1.0,1.0,3600.0,3600.0,22.59913233333333,22.225995833333332,895.0,892.5,765.0,889.8333333333334,82.66666666666667,95.66666666666667,765.0,889.8333333333334,680.3337733333333,848.2583799999999,73.23561333333333,91.10251066666666,680.3337733333333,848.2583799999999,682.3333333333334,794.1666666666666,915.8018333333333,925.2629149999999,1004.1114333333334,1158.5374666666667,607.0981666666667,757.1558766666666,807.2909766666667,871.7778816666665,892.0945033333334,1103.6253683333334,1011.7666666666668,1012.65,0.0,0.0,20.0,18.5,-0.8463526704200183,-0.895168206888927,0.488641942096356,0.11785113019775773,0.0,0.0,0.0,0.0,1.0,1.0,4.0,4.0,0.8660254037844387,0.8660254037844387,-0.4999999999999998,-0.4999999999999998
2025-04-21 22:00:00+00:00,28.568,18.93658,56.0,28.636356,1008.3845,6.0,0.0,6.0,0.3142718,1.7180407,22.42427,137.60262,36.719997,1.0,3600.0,22.064535,720.0,331.0,53.0,331.0,222.55011,35.634914,222.55011,278.0,780.33563,482.62817,186.9152,524.66394,324.49835,1011.7,22,-0.5000000000000004,0.8660254037844384,0,0.0,1.0,4,0.8660254037844387,-0.4999999999999998,29.868,31.268,32.668,18.952898,18.273745,17.313383,52.0,46.0,40.0,30.060322,32.663925,35.291046,1008.1994,1008.4139,1008.8274,0.0,0.0,0.0,0.0,0.0,0.0,0.0,0.0,0.0,0.4781603,0.6320591,0.7521421,2.020101,2.4618104,2.960679,22.401142,19.174856,14.20062,135.0001,129.6678,120.46546,38.16,31.319998,24.84,1.0,1.0,1.0,3600.0,3600.0,3600.0,22.53194,22.64718,22.618277,840.0,905.0,940.0,574.0,783.0,938.0,70.0,83.0,95.0,574.0,783.0,938.0,469.75522,695.4711,875.775,57.28722,73.72172,88.6979,469.75522,695.4711,875.775,504.0,700.0,843.0,878.2681,924.881,944.2564,777.4324,1025.3716,1209.5303,412.468,621.7494,787.0771,718.76483,821.4917,881.6164,636.24207,910.74884,1129.2926,1011.5,1011.7,1012.1,0.0,0.0,0.0,21.0,20.0,19.0,-0.7071067811865477,-0.8660254037844386,-0.9659258262890684,0.7071067811865474,0.5000000000000001,0.2588190451025203,0.0,0.0,0.0,0.0,0.0,0.0,1.0,1.0,1.0,4.0,4.0,4.0,0.8660254037844387,0.8660254037844387,0.8660254037844387,-0.4999999999999998,-0.4999999999999998,-0.4999999999999998,29.901333333333337,31.40966583333333,18.721074333333334,17.575055333333335,51.333333333333336,44.333333333333336,30.453534333333334,33.384781499999995,1008.3326000000001,1008.9136566666666,2.0,1.0,0.0,0.0,2.0,1.0,0.47483039999999993,0.6313259166666666,2.0666507000000003,2.6020586333333333,21.333422666666664,15.687420833333332,134.09017333333335,119.41206666666666,35.399998333333336,27.41999925,1.0,1.0,3600.0,3600.0,22.414551666666664,22.330208,821.6666666666666,875.0,562.6666666666666,781.8333333333334,68.66666666666667,85.83333333333333,562.6666666666666,781.8333333333334,462.5921433333333,716.4840883333333,55.54795133333334,77.72298066666666,462.5921433333333,716.4840883333333,494.0,696.0,861.1615766666667,902.3782616666666,761.8107233333334,1025.6205283333331,407.04420000000005,638.76111,688.3068233333333,800.939155,623.8297533333333,936.9011100000001,1011.6333333333333,1012.2000000000002,0.0,0.0,21.0,19.5,-0.6910440616569956,-0.8341639729248539,0.6910440616569954,0.3455220308284976,0.0,0.0,0.0,0.0,1.0,1.0,4.0,4.0,0.8660254037844387,0.8660254037844387,-0.4999999999999998,-0.4999999999999998
2025-04-21 23:00:00+00:00,27.268,18.557997,59.0,27.445988,1008.7689,11.0,0.0,11.0,0.16038743,1.484257,20.466246,140.71062,35.28,1.0,2487.5881,21.38568,570.0,100.0,22.0,99.99998,0.0,0.0,0.0,78.0,498.8518,161.06743,0.0,0.0,0.0,1012.1,23,-0.25881904510252157,0.9659258262890681,0,0.0,1.0,4,0.8660254037844387,-0.4999999999999998,28.568,29.868,31.268,18.93658,18.952898,18.273745,56.0,52.0,46.0,28.636356,30.060322,32.663925,1008.3845,1008.1994,1008.4139,6.0,0.0,0.0,0.0,0.0,0.0,6.0,0.0,0.0,0.3142718,0.4781603,0.6320591,1.7180407,2.020101,2.4618104,22.42427,22.401142,19.174856,137.60262,135.0001,129.6678,36.719997,38.16,31.319998,1.0,1.0,1.0,3600.0,3600.0,3600.0,22.064535,22.53194,22.64718,720.0,840.0,905.0,331.0,574.0,783.0,53.0,70.0,83.0,331.0,574.0,783.0,222.55011,469.75522,695.4711,35.634914,57.28722,73.72172,222.55011,469.75522,695.4711,278.0,504.0,700.0,780.33563,878.2681,924.881,482.62817,777.4324,1025.3716,186.9152,412.468,621.7494,524.66394,718.76483,821.4917,324.49835,636.24207,910.74884,1011.7,1011.5,1011.7,0.0,0.0,0.0,22.0,21.0,20.0,-0.5000000000000004,-0.7071067811865477,-0.8660254037844386,0.8660254037844384,0.7071067811865474,0.5000000000000001,0.0,0.0,0.0,0.0,0.0,0.0,1.0,1.0,1.0,4.0,4.0,4.0,0.8660254037844387,0.8660254037844387,0.8660254037844387,-0.4999999999999998,-0.4999999999999998,-0.4999999999999998,28.568,30.4929995,18.815825,18.04392233333333,55.666666666666664,48.166666666666664,28.714221999999996,31.814174499999996,1008.4509333333332,1008.6711,5.666666666666667,2.8333333333333335,0.0,0.0,5.666666666666667,2.8333333333333335,0.31760650999999995,0.5245830216666666,1.7407995666666667,2.320068233333333,21.763886,18.076698666666665,137.77111333333335,128.42490166666667,36.719999,30.719999166666664,1.0,1.0,3229.1960333333336,3414.598016666667,21.994051666666667,22.25415166666666,710.0,820.0,335.0,625.0,48.333333333333336,71.16666666666667,334.99999333333335,624.9999966666667,230.76844333333335,542.6941716666666,30.974044666666668,59.35901233333334,230.76844333333335,542.6941716666666,286.6666666666667,553.8333333333334,719.1518433333334,828.797745,473.7093333333334,828.8944666666666,199.79440000000002,483.3351666666667,414.47625666666664,643.954805,320.2468066666667,712.9568933333334,1011.7666666666668,1011.9666666666667,0.0,0.0,22.0,20.5,-0.4886419420963566,-0.716312842727096,0.846352670420018,0.549646176060429,0.0,0.0,0.0,0.0,1.0,1.0,4.0,4.0,0.8660254037844387,0.8660254037844387,-0.4999999999999998,-0.4999999999999998
2025-04-22 00:00:00+00:00,26.168001,18.571507,63.0,26.744314,1009.25494,17.0,0.0,17.0,0.09579828,1.2556329,17.786331,144.0578,33.839996,0.0,0.0,21.000875,455.0,0.0,0.0,0.0,0.0,0.0,0.0,0.0,0.0,0.0,0.0,0.0,0.0,1012.6,0,0.0,1.0,1,0.7818314824680298,0.6234898018587336,4,0.8660254037844387,-0.4999999999999998,27.268,28.568,29.868,18.557997,18.93658,18.952898,59.0,56.0,52.0,27.445988,28.636356,30.060322,1008.7689,1008.3845,1008.1994,11.0,6.0,0.0,0.0,0.0,0.0,11.0,6.0,0.0,0.16038743,0.3142718,0.4781603,1.484257,1.7180407,2.020101,20.466246,22.42427,22.401142,140.71062,137.60262,135.0001,35.28,36.719997,38.16,1.0,1.0,1.0,2487.5881,3600.0,3600.0,21.38568,22.064535,22.53194,570.0,720.0,840.0,100.0,331.0,574.0,22.0,53.0,70.0,99.99998,331.0,574.0,0.0,222.55011,469.75522,0.0,35.634914,57.28722,0.0,222.55011,469.75522,78.0,278.0,504.0,498.8518,780.33563,878.2681,161.06743,482.62817,777.4324,0.0,186.9152,412.468,0.0,524.66394,718.76483,0.0,324.49835,636.24207,1012.1,1011.7,1011.5,0.0,0.0,0.0,23.0,22.0,21.0,-0.25881904510252157,-0.5000000000000004,-0.7071067811865477,0.9659258262890681,0.8660254037844384,0.7071067811865474,0.0,0.0,0.0,0.0,0.0,0.0,1.0,1.0,1.0,4.0,4.0,4.0,0.8660254037844387,0.8660254037844387,0.8660254037844387,-0.4999999999999998,-0.4999999999999998,-0.4999999999999998,27.334667,29.3013335,18.688694666666667,18.434351666666668,59.333333333333336,52.666666666666664,27.608886,30.140325166666667,1008.80278,1008.6415066666667,11.333333333333334,5.666666666666667,0.0,0.0,11.333333333333334,5.666666666666667,0.1901525033333333,0.40546983499999995,1.4859768666666666,1.9834201666666667,20.225615666666666,19.408910833333334,140.79034666666666,134.58406666666664,35.27999766666667,33.359998499999996,0.6666666666666666,0.8333333333333334,2029.1960333333334,2814.598016666667,21.483696666666663,22.0414145,581.6666666666666,738.3333333333334,143.66666666666666,454.3333333333333,25.0,53.833333333333336,143.66666,454.33333,74.18337,377.2585716666667,11.878304666666667,42.556959,74.18337,377.2585716666667,118.66666666666667,400.5,426.39581,671.0988216666666,214.5652000000001,609.3383166666666,62.305066666666704,334.70161666666667,174.88797999999997,491.0894783333333,108.16611666666667,500.13030999999995,1012.1333333333333,1011.9499999999999,0.0,0.0,15.0,17.5,-0.2529396817008407,-0.5496461760604295,0.9439837433578355,0.7163128427270956,0.3333333333333333,0.16666666666666666,0.26061049415600995,0.13030524707800498,0.8744966006195778,0.9372483003097889,4.0,4.0,0.8660254037844387,0.8660254037844387,-0.4999999999999998,-0.4999999999999998
2025-04-22 01:00:00+00:00,25.368,18.797497,67.0,26.599821,1009.84424,21.0,0.0,21.0,0.06504469,1.0680978,14.021525,150.80261,27.72,0.0,0.0,20.85226,410.0,0.0,0.0,0.0,0.0,0.0,0.0,0.0,0.0,0.0,0.0,0.0,0.0,1013.2,1,0.25881904510252074,0.9659258262890683,1,0.7818314824680298,0.6234898018587336,4,0.8660254037844387,-0.4999999999999998,26.168001,27.268,28.568,18.571507,18.557997,18.93658,63.0,59.0,56.0,26.744314,27.445988,28.636356,1009.25494,1008.7689,1008.3845,17.0,11.0,6.0,0.0,0.0,0.0,17.0,11.0,6.0,0.09579828,0.16038743,0.3142718,1.2556329,1.484257,1.7180407,17.786331,20.466246,22.42427,144.0578,140.71062,137.60262,33.839996,35.28,36.719997,0.0,1.0,1.0,0.0,2487.5881,3600.0,21.000875,21.38568,22.064535,455.0,570.0,720.0,0.0,100.0,331.0,0.0,22.0,53.0,0.0,99.99998,331.0,0.0,0.0,222.55011,0.0,0.0,35.634914,0.0,0.0,222.55011,0.0,78.0,278.0,0.0,498.8518,780.33563,0.0,161.06743,482.62817,0.0,0.0,186.9152,0.0,0.0,524.66394,0.0,0.0,324.49835,1012.6,1012.1,1011.7,0.0,0.0,0.0,0.0,23.0,22.0,0.0,-0.25881904510252157,-0.5000000000000004,1.0,0.9659258262890681,0.8660254037844384,1.0,0.0,0.0,0.7818314824680298,0.0,0.0,0.6234898018587336,1.0,1.0,4.0,4.0,4.0,0.8660254037844387,0.8660254037844387,0.8660254037844387,-0.4999999999999998,-0.4999999999999998,-0.4999999999999998,26.268000333333333,28.08466683333333,18.64233366666667,18.681704,63.0,57.166666666666664,26.930041,28.691787666666666,1009.2893600000001,1008.8109800000001,16.333333333333332,9.166666666666666,0.0,0.0,16.333333333333332,9.166666666666666,0.10707679999999997,0.2909536,1.2693292333333335,1.6679899666666664,17.424700666666666,19.379061666666665,145.19034333333335,139.64025833333335,32.27999866666667,33.8399985,0.3333333333333333,0.6666666666666666,829.1960333333333,2214.598016666667,21.079605,21.747078333333334,478.3333333333333,650.0,33.333333333333336,298.0,7.333333333333333,38.0,33.333326666666665,297.9999966666667,0.0,231.29607166666665,0.0,27.77397566666667,0.0,231.29607166666665,26.0,260.0,166.28393333333335,513.722755,53.68914333333341,407.74993333333333,0.0,203.5221,0.0,344.15341166666667,0.0,311.91487666666666,1012.6333333333333,1012.1333333333333,0.0,0.0,8.0,14.5,-2.7755575615628914e-16,-0.3455220308284979,0.9772838841927122,0.8341639729248538,0.6666666666666666,0.3333333333333333,0.5212209883120199,0.26061049415600995,0.7489932012391557,0.8744966006195778,4.0,4.0,0.8660254037844387,0.8660254037844387,-0.4999999999999998,-0.4999999999999998
2025-04-22 02:00:00+00:00,24.768,19.153807,71.0,26.800869,1010.4351,25.0,0.0,25.0,0.03538566,0.90569735,9.6932955,164.93146,21.24,0.0,0.0,20.861881,405.0,0.0,0.0,0.0,0.0,0.0,0.0,0.0,0.0,0.0,0.0,0.0,0.0,1013.8,2,0.49999999999999994,0.8660254037844387,1,0.7818314824680298,0.6234898018587336,4,0.8660254037844387,-0.4999999999999998,25.368,26.168001,27.268,18.797497,18.571507,18.557997,67.0,63.0,59.0,26.599821,26.744314,27.445988,1009.84424,1009.25494,1008.7689,21.0,17.0,11.0,0.0,0.0,0.0,21.0,17.0,11.0,0.06504469,0.09579828,0.16038743,1.0680978,1.2556329,1.484257,14.021525,17.786331,20.466246,150.80261,144.0578,140.71062,27.72,33.839996,35.28,0.0,0.0,1.0,0.0,0.0,2487.5881,20.85226,21.000875,21.38568,410.0,455.0,570.0,0.0,0.0,100.0,0.0,0.0,22.0,0.0,0.0,99.99998,0.0,0.0,0.0,0.0,0.0,0.0,0.0,0.0,0.0,0.0,0.0,78.0,0.0,0.0,498.8518,0.0,0.0,161.06743,0.0,0.0,0.0,0.0,0.0,0.0,0.0,0.0,0.0,1013.2,1012.6,1012.1,0.0,0.0,0.0,1.0,0.0,23.0,0.25881904510252074,0.0,-0.25881904510252157,0.9659258262890683,1.0,0.9659258262890681,1.0,1.0,0.0,0.7818314824680298,0.7818314824680298,0.0,0.6234898018587336,0.6234898018587336,1.0,4.0,4.0,4.0,0.8660254037844387,0.8660254037844387,0.8660254037844387,-0.4999999999999998,-0.4999999999999998,-0.4999999999999998,25.434667,27.0013335,18.840937,18.828381,67.0,61.333333333333336,26.715001333333333,27.714611666666666,1009.84476,1009.1478466666666,21.0,13.333333333333334,0.0,0.0,21.0,13.333333333333334,0.0654095433333333,0.19150802666666666,1.076476016666667,1.4086377916666664,13.833717166666666,17.798801583333333,153.26395666666667,145.51753499999998,27.599998666666668,32.159998833333326,0.0,0.5,0.0,1614.5980166666668,20.905005333333335,21.4495285,423.3333333333333,566.6666666666666,0.0,167.5,0.0,24.166666666666668,0.0,167.49999666666668,0.0,115.38422166666668,0.0,15.487022333333334,0.0,115.38422166666668,0.0,143.33333333333334,0.0,359.5759216666667,0.0,236.8546666666667,0.0,99.89719999999998,0.0,207.23812833333332,0.0,160.12340333333336,1013.2000000000002,1012.4833333333335,0.0,0.0,1.0,11.5,0.25293968170084025,-0.11785113019775821,0.9439837433578356,0.8951682068889268,1.0,0.5,0.7818314824680298,0.3909157412340149,0.6234898018587336,0.8117449009293668,4.0,4.0,0.8660254037844387,0.8660254037844387,-0.4999999999999998,-0.4999999999999998
2025-04-22 03:00:00+00:00,24.218,19.505608,75.0,26.784088,1010.8278,29.0,0.0,29.0,0.01740924,0.75551486,7.208994,182.86235,15.119999,0.0,0.0,20.897938,405.0,0.0,0.0,0.0,0.0,0.0,0.0,0.0,0.0,0.0,0.0,0.0,0.0,1014.2,3,0.7071067811865476,0.7071067811865476,1,0.7818314824680298,0.6234898018587336,4,0.8660254037844387,-0.4999999999999998,24.768,25.368,26.168001,19.153807,18.797497,18.571507,71.0,67.0,63.0,26.800869,26.599821,26.744314,1010.4351,1009.84424,1009.25494,25.0,21.0,17.0,0.0,0.0,0.0,25.0,21.0,17.0,0.03538566,0.06504469,0.09579828,0.90569735,1.0680978,1.2556329,9.6932955,14.021525,17.786331,164.93146,150.80261,144.0578,21.24,27.72,33.839996,0.0,0.0,0.0,0.0,0.0,0.0,20.861881,20.85226,21.000875,405.0,410.0,455.0,0.0,0.0,0.0,0.0,0.0,0.0,0.0,0.0,0.0,0.0,0.0,0.0,0.0,0.0,0.0,0.0,0.0,0.0,0.0,0.0,0.0,0.0,0.0,0.0,0.0,0.0,0.0,0.0,0.0,0.0,0.0,0.0,0.0,0.0,0.0,0.0,1013.8,1013.2,1012.6,0.0,0.0,0.0,2.0,1.0,0.0,0.49999999999999994,0.25881904510252074,0.0,0.8660254037844387,0.9659258262890683,1.0,1.0,1.0,1.0,0.7818314824680298,0.7818314824680298,0.7818314824680298,0.6234898018587336,0.6234898018587336,0.6234898018587336,4.0,4.0,4.0,0.8660254037844387,0.8660254037844387,0.8660254037844387,-0.4999999999999998,-0.4999999999999998,-0.4999999999999998,24.784666666666666,26.059666833333335,19.152304,18.920499333333336,71.0,65.16666666666667,26.72825933333333,27.168572666666666,1010.3690466666667,1009.5859133333333,25.0,18.166666666666668,0.0,0.0,25.0,18.166666666666668,0.0392798633333333,0.11471618333333333,0.9097700033333336,1.1978734349999998,10.307938166666665,15.26677691666667,166.19880666666666,153.49457666666666,21.359999666666667,28.319998666666663,0.0,0.3333333333333333,0.0,1014.5980166666667,20.870693,21.177194833333335,406.6666666666667,494.1666666666667,0.0,71.83333333333333,0.0,12.5,0.0,71.83333,0.0,37.091685,0.0,5.939152333333333,0.0,37.091685,0.0,59.333333333333336,0.0,213.197905,0.0,107.2826,0.0,31.152533333333313,0.0,87.44398999999999,0.0,54.083058333333334,1013.7333333333332,1012.9333333333333,0.0,0.0,2.0,8.5,0.4886419420963561,0.11785113019775768,0.8463526704200183,0.8951682068889268,1.0,0.6666666666666666,0.7818314824680298,0.5212209883120199,0.6234898018587336,0.7489932012391557,4.0,4.0,0.8660254037844387,0.8660254037844387,-0.4999999999999998,-0.4999999999999998
2025-04-22 04:00:00+00:00,23.668001,19.604904,78.0,26.46879,1010.72186,47.0,24.0,36.0,0.007998028,0.6432705,5.937272,194.03627,12.959999,0.0,0.0,20.782162,415.0,0.0,0.0,0.0,0.0,0.0,0.0,0.0,0.0,0.0,0.0,0.0,0.0,1014.1,4,0.8660254037844386,0.5000000000000001,1,0.7818314824680298,0.6234898018587336,4,0.8660254037844387,-0.4999999999999998,24.218,24.768,25.368,19.505608,19.153807,18.797497,75.0,71.0,67.0,26.784088,26.800869,26.599821,1010.8278,1010.4351,1009.84424,29.0,25.0,21.0,0.0,0.0,0.0,29.0,25.0,21.0,0.01740924,0.03538566,0.06504469,0.75551486,0.90569735,1.0680978,7.208994,9.6932955,14.021525,182.86235,164.93146,150.80261,15.119999,21.24,27.72,0.0,0.0,0.0,0.0,0.0,0.0,20.897938,20.861881,20.85226,405.0,405.0,410.0,0.0,0.0,0.0,0.0,0.0,0.0,0.0,0.0,0.0,0.0,0.0,0.0,0.0,0.0,0.0,0.0,0.0,0.0,0.0,0.0,0.0,0.0,0.0,0.0,0.0,0.0,0.0,0.0,0.0,0.0,0.0,0.0,0.0,0.0,0.0,0.0,1014.2,1013.8,1013.2,0.0,0.0,0.0,3.0,2.0,1.0,0.7071067811865476,0.49999999999999994,0.25881904510252074,0.7071067811865476,0.8660254037844387,0.9659258262890683,1.0,1.0,1.0,0.7818314824680298,0.7818314824680298,0.7818314824680298,0.6234898018587336,0.6234898018587336,0.6234898018587336,4.0,4.0,4.0,0.8660254037844387,0.8660254037844387,0.8660254037844387,-0.4999999999999998,-0.4999999999999998,-0.4999999999999998,24.218000333333332,25.243000333333338,19.421439666666668,19.03188666666667,74.66666666666667,68.83333333333333,26.684582333333335,26.807311666666667,1010.6615866666667,1009.9754733333334,33.666666666666664,25.0,8.0,4.0,30.0,23.166666666666668,0.020264309333333296,0.06367055466666667,0.7681609033333334,1.018745068333333,7.613187166666665,12.518943916666666,180.61002666666664,162.900185,16.439999333333336,24.359999000000002,0.0,0.16666666666666666,0.0,414.59801666666664,20.847327,20.963466,408.3333333333333,443.3333333333333,0.0,16.666666666666668,0.0,3.6666666666666665,0.0,16.666663333333332,0.0,0.0,0.0,0.0,0.0,0.0,0.0,13.0,0.0,83.14196666666668,0.0,26.844571666666667,0.0,0.0,0.0,0.0,0.0,0.0,1014.0333333333333,1013.3333333333334,0.0,0.0,3.0,5.5,0.6910440616569954,0.3455220308284976,0.6910440616569956,0.8341639729248538,1.0,0.8333333333333334,0.7818314824680298,0.6515262353900249,0.6234898018587336,0.6862415015489446,4.0,4.0,0.8660254037844387,0.8660254037844387,-0.4999999999999998,-0.4999999999999998
2025-04-22 05:00:00+00:00,23.168001,19.726936,81.0,26.143646,1010.51685,64.0,49.0,44.0,0.0016210265,0.5390651,5.1544156,192.09474,10.799999,0.0,0.0,20.703339,440.0,0.0,0.0,0.0,0.0,0.0,0.0,0.0,0.0,0.0,0.0,0.0,0.0,1013.9,5,0.9659258262890683,0.25881904510252074,1,0.7818314824680298,0.6234898018587336,4,0.8660254037844387,-0.4999999999999998,23.668001,24.218,24.768,19.604904,19.505608,19.153807,78.0,75.0,71.0,26.46879,26.784088,26.800869,1010.72186,1010.8278,1010.4351,47.0,29.0,25.0,24.0,0.0,0.0,36.0,29.0,25.0,0.007998028,0.01740924,0.03538566,0.6432705,0.75551486,0.90569735,5.937272,7.208994,9.6932955,194.03627,182.86235,164.93146,12.959999,15.119999,21.24,0.0,0.0,0.0,0.0,0.0,0.0,20.782162,20.897938,20.861881,415.0,405.0,405.0,0.0,0.0,0.0,0.0,0.0,0.0,0.0,0.0,0.0,0.0,0.0,0.0,0.0,0.0,0.0,0.0,0.0,0.0,0.0,0.0,0.0,0.0,0.0,0.0,0.0,0.0,0.0,0.0,0.0,0.0,0.0,0.0,0.0,0.0,0.0,0.0,1014.1,1014.2,1013.8,0.0,0.0,0.0,4.0,3.0,2.0,0.8660254037844386,0.7071067811865476,0.49999999999999994,0.5000000000000001,0.7071067811865476,0.8660254037844387,1.0,1.0,1.0,0.7818314824680298,0.7818314824680298,0.7818314824680298,0.6234898018587336,0.6234898018587336,0.6234898018587336,4.0,4.0,4.0,0.8660254037844387,0.8660254037844387,0.8660254037844387,-0.4999999999999998,-0.4999999999999998,-0.4999999999999998,23.684667333333334,24.559667166666667,19.612482666666665,19.22670983333333,78.0,72.5,26.465508,26.590254666666667,1010.6888366666667,1010.2667983333334,46.666666666666664,33.833333333333336,24.333333333333332,12.166666666666666,36.333333333333336,28.666666666666668,0.009009431499999963,0.037209487416666666,0.6459501533333335,0.8612130849999998,6.100227199999999,9.966972183333334,189.6644533333333,171.464205,12.959999000000002,20.279998833333334,0.0,0.0,0.0,0.0,20.794479666666664,20.8497425,420.0,421.6666666666667,0.0,0.0,0.0,0.0,0.0,0.0,0.0,0.0,0.0,0.0,0.0,0.0,0.0,0.0,0.0,0.0,0.0,0.0,0.0,0.0,0.0,0.0,0.0,0.0,1014.0666666666666,1013.6333333333333,0.0,0.0,4.0,2.5,0.8463526704200182,0.5496461760604292,0.4886419420963562,0.7163128427270959,1.0,1.0,0.7818314824680298,0.7818314824680298,0.6234898018587336,0.6234898018587336,4.0,4.0,0.8660254037844387,0.8660254037844387,-0.4999999999999998,-0.4999999999999998
2025-04-22 06:00:00+00:00,22.818,19.97191,84.0,26.069132,1010.2139,82.0,73.0,51.0,0.0,0.44444084,4.1046314,195.25517,8.64,0.0,0.0,20.76056,445.0,0.0,0.0,0.0,0.0,0.0,0.0,0.0,0.0,0.0,0.0,0.0,0.0,1013.6,6,1.0,6.123233995736766e-17,1,0.7818314824680298,0.6234898018587336,4,0.8660254037844387,-0.4999999999999998,23.168001,23.668001,24.218,19.726936,19.604904,19.505608,81.0,78.0,75.0,26.143646,26.46879,26.784088,1010.51685,1010.72186,1010.8278,64.0,47.0,29.0,49.0,24.0,0.0,44.0,36.0,29.0,0.0016210265,0.007998028,0.01740924,0.5390651,0.6432705,0.75551486,5.1544156,5.937272,7.208994,192.09474,194.03627,182.86235,10.799999,12.959999,15.119999,0.0,0.0,0.0,0.0,0.0,0.0,20.703339,20.782162,20.897938,440.0,415.0,405.0,0.0,0.0,0.0,0.0,0.0,0.0,0.0,0.0,0.0,0.0,0.0,0.0,0.0,0.0,0.0,0.0,0.0,0.0,0.0,0.0,0.0,0.0,0.0,0.0,0.0,0.0,0.0,0.0,0.0,0.0,0.0,0.0,0.0,0.0,0.0,0.0,1013.9,1014.1,1014.2,0.0,0.0,0.0,5.0,4.0,3.0,0.9659258262890683,0.8660254037844386,0.7071067811865476,0.25881904510252074,0.5000000000000001,0.7071067811865476,1.0,1.0,1.0,0.7818314824680298,0.7818314824680298,0.7818314824680298,0.6234898018587336,0.6234898018587336,0.6234898018587336,4.0,4.0,4.0,0.8660254037844387,0.8660254037844387,0.8660254037844387,-0.4999999999999998,-0.4999999999999998,-0.4999999999999998,23.218000666666665,24.001333666666667,19.767916666666668,19.460110333333333,81.0,76.0,26.22718933333333,26.47772433333333,1010.4842033333333,1010.4266250000001,64.33333333333333,44.666666666666664,48.666666666666664,24.333333333333332,43.666666666666664,34.333333333333336,0.0032063514999999634,0.021243107416666667,0.5422588133333335,0.7260144083333331,5.0654396666666655,7.686688916666667,193.79539333333332,179.99710000000002,10.799999333333338,16.0799995,0.0,0.0,0.0,0.0,20.748687,20.80969,433.3333333333333,420.0,0.0,0.0,0.0,0.0,0.0,0.0,0.0,0.0,0.0,0.0,0.0,0.0,0.0,0.0,0.0,0.0,0.0,0.0,0.0,0.0,0.0,0.0,0.0,0.0,1013.8666666666667,1013.8000000000001,0.0,0.0,5.0,3.5,0.9439837433578356,0.7163128427270958,0.25293968170084036,0.5496461760604293,1.0,1.0,0.7818314824680298,0.7818314824680298,0.6234898018587336,0.6234898018587336,4.0,4.0,0.8660254037844387,0.8660254037844387,-0.4999999999999998,-0.4999999999999998
2025-04-22 07:00:00+00:00,22.668001,20.392382,87.0,26.352608,1010.0129,82.0,76.0,34.0,0.0,0.3578298,2.5959969,213.6901,7.5599995,0.0,0.0,21.006807,420.0,0.0,0.0,0.0,0.0,0.0,0.0,0.0,0.0,0.0,0.0,0.0,0.0,1013.4,7,0.9659258262890683,-0.25881904510252063,1,0.7818314824680298,0.6234898018587336,4,0.8660254037844387,-0.4999999999999998,22.818,23.168001,23.668001,19.97191,19.726936,19.604904,84.0,81.0,78.0,26.069132,26.143646,26.46879,1010.2139,1010.51685,1010.72186,82.0,64.0,47.0,73.0,49.0,24.0,51.0,44.0,36.0,0.0,0.0016210265,0.007998028,0.44444084,0.5390651,0.6432705,4.1046314,5.1544156,5.937272,195.25517,192.09474,194.03627,8.64,10.799999,12.959999,0.0,0.0,0.0,0.0,0.0,0.0,20.76056,20.703339,20.782162,445.0,440.0,415.0,0.0,0.0,0.0,0.0,0.0,0.0,0.0,0.0,0.0,0.0,0.0,0.0,0.0,0.0,0.0,0.0,0.0,0.0,0.0,0.0,0.0,0.0,0.0,0.0,0.0,0.0,0.0,0.0,0.0,0.0,0.0,0.0,0.0,0.0,0.0,0.0,1013.6,1013.9,1014.1,0.0,0.0,0.0,6.0,5.0,4.0,1.0,0.9659258262890683,0.8660254037844386,6.123233995736766e-17,0.25881904510252074,0.5000000000000001,1.0,1.0,1.0,0.7818314824680298,0.7818314824680298,0.7818314824680298,0.6234898018587336,0.6234898018587336,0.6234898018587336,4.0,4.0,4.0,0.8660254037844387,0.8660254037844387,0.8660254037844387,-0.4999999999999998,-0.4999999999999998,-0.4999999999999998,22.884667333333336,23.551333833333334,20.030409333333335,19.7259245,84.0,79.33333333333333,26.188462,26.436522166666666,1010.2478833333333,1010.4547349999999,76.0,54.833333333333336,66.0,37.0,43.0,36.5,0.0005403421666666297,0.01040232575,0.44711191333333344,0.6076364083333331,3.9516812999999984,5.7824342333333325,200.34667000000002,190.47834833333334,8.999999500000003,12.719999416666665,0.0,0.0,0.0,0.0,20.823568666666667,20.835447833333333,435.0,421.6666666666667,0.0,0.0,0.0,0.0,0.0,0.0,0.0,0.0,0.0,0.0,0.0,0.0,0.0,0.0,0.0,0.0,0.0,0.0,0.0,0.0,0.0,0.0,0.0,0.0,1013.6333333333333,1013.8333333333334,0.0,0.0,6.0,4.5,0.9772838841927122,0.8341639729248538,9.251858538542972e-17,0.3455220308284977,1.0,1.0,0.7818314824680298,0.7818314824680298,0.6234898018587336,0.6234898018587336,4.0,4.0,0.8660254037844387,0.8660254037844387,-0.4999999999999998,-0.4999999999999998
2025-04-22 08:00:00+00:00,22.668001,20.761106,89.0,26.6546,1009.91315,82.0,79.0,17.0,0.0,0.30276942,1.835647,258.6901,6.8399997,0.0,0.0,21.267488,380.0,0.0,0.0,0.0,0.0,0.0,0.0,0.0,0.0,0.0,0.0,0.0,0.0,1013.3,8,0.8660254037844387,-0.4999999999999998,1,0.7818314824680298,0.6234898018587336,4,0.8660254037844387,-0.4999999999999998,22.668001,22.818,23.168001,20.392382,19.97191,19.726936,87.0,84.0,81.0,26.352608,26.069132,26.143646,1010.0129,1010.2139,1010.51685,82.0,82.0,64.0,76.0,73.0,49.0,34.0,51.0,44.0,0.0,0.0,0.0016210265,0.3578298,0.44444084,0.5390651,2.5959969,4.1046314,5.1544156,213.6901,195.25517,192.09474,7.5599995,8.64,10.799999,0.0,0.0,0.0,0.0,0.0,0.0,21.006807,20.76056,20.703339,420.0,445.0,440.0,0.0,0.0,0.0,0.0,0.0,0.0,0.0,0.0,0.0,0.0,0.0,0.0,0.0,0.0,0.0,0.0,0.0,0.0,0.0,0.0,0.0,0.0,0.0,0.0,0.0,0.0,0.0,0.0,0.0,0.0,0.0,0.0,0.0,0.0,0.0,0.0,1013.4,1013.6,1013.9,0.0,0.0,0.0,7.0,6.0,5.0,0.9659258262890683,1.0,0.9659258262890683,-0.25881904510252063,6.123233995736766e-17,0.25881904510252074,1.0,1.0,1.0,0.7818314824680298,0.7818314824680298,0.7818314824680298,0.6234898018587336,0.6234898018587336,0.6234898018587336,4.0,4.0,4.0,0.8660254037844387,0.8660254037844387,0.8660254037844387,-0.4999999999999998,-0.4999999999999998,-0.4999999999999998,22.718000666666665,23.201334000000003,20.37513266666667,19.99380766666667,86.66666666666667,82.33333333333333,26.358779999999996,26.412144,1010.0466499999999,1010.3677433333334,82.0,64.33333333333333,76.0,50.166666666666664,34.0,35.166666666666664,0.0,0.00450471575,0.36834668666666676,0.5071484199999998,2.8454250999999986,4.4728261499999995,222.54512333333332,206.10478833333332,7.679999733333336,10.319999366666666,0.0,0.0,0.0,0.0,21.011618333333335,20.903049,415.0,417.5,0.0,0.0,0.0,0.0,0.0,0.0,0.0,0.0,0.0,0.0,0.0,0.0,0.0,0.0,0.0,0.0,0.0,0.0,0.0,0.0,0.0,0.0,0.0,0.0,1013.4333333333334,1013.75,0.0,0.0,7.0,5.5,0.9439837433578356,0.8951682068889268,-0.2529396817008401,0.11785113019775799,1.0,1.0,0.7818314824680298,0.7818314824680298,0.6234898018587336,0.6234898018587336,4.0,4.0,0.8660254037844387,0.8660254037844387,-0.4999999999999998,-0.4999999999999998
2025-04-22 09:00:00+00:00,22.818,20.90896,89.0,26.771269,1010.01465,82.0,82.0,0.0,0.0,0.3055277,2.5959969,303.6901,5.7599998,0.0,0.0,21.414883,360.0,0.0,0.0,0.0,0.0,0.0,0.0,0.0,0.0,0.0,0.0,0.0,0.0,1013.4,9,0.7071067811865476,-0.7071067811865475,1,0.7818314824680298,0.6234898018587336,4,0.8660254037844387,-0.4999999999999998,22.668001,22.668001,22.818,20.761106,20.392382,19.97191,89.0,87.0,84.0,26.6546,26.352608,26.069132,1009.91315,1010.0129,1010.2139,82.0,82.0,82.0,79.0,76.0,73.0,17.0,34.0,51.0,0.0,0.0,0.0,0.30276942,0.3578298,0.44444084,1.835647,2.5959969,4.1046314,258.6901,213.6901,195.25517,6.8399997,7.5599995,8.64,0.0,0.0,0.0,0.0,0.0,0.0,21.267488,21.006807,20.76056,380.0,420.0,445.0,0.0,0.0,0.0,0.0,0.0,0.0,0.0,0.0,0.0,0.0,0.0,0.0,0.0,0.0,0.0,0.0,0.0,0.0,0.0,0.0,0.0,0.0,0.0,0.0,0.0,0.0,0.0,0.0,0.0,0.0,0.0,0.0,0.0,0.0,0.0,0.0,1013.3,1013.4,1013.6,0.0,0.0,0.0,8.0,7.0,6.0,0.8660254037844387,0.9659258262890683,1.0,-0.4999999999999998,-0.25881904510252063,6.123233995736766e-17,1.0,1.0,1.0,0.7818314824680298,0.7818314824680298,0.7818314824680298,0.6234898018587336,0.6234898018587336,0.6234898018587336,4.0,4.0,4.0,0.8660254037844387,0.8660254037844387,0.8660254037844387,-0.4999999999999998,-0.4999999999999998,-0.4999999999999998,22.71800066666667,22.96800066666667,20.687482666666668,20.22769966666667,88.33333333333333,84.66666666666667,26.592825666666666,26.410007500000003,1009.9802333333333,1010.2322183333334,82.0,73.16666666666667,79.0,63.833333333333336,17.0,30.333333333333332,0.0,0.0016031757500000003,0.32204230666666683,0.4321505599999998,2.342546933333332,3.7039933,258.6901,226.24274666666665,6.719999666666669,8.759999500000001,0.0,0.0,0.0,0.0,21.229726,20.989206499999998,386.6666666666667,410.0,0.0,0.0,0.0,0.0,0.0,0.0,0.0,0.0,0.0,0.0,0.0,0.0,0.0,0.0,0.0,0.0,0.0,0.0,0.0,0.0,0.0,0.0,0.0,0.0,1013.3666666666667,1013.6166666666667,0.0,0.0,8.0,6.5,0.8463526704200183,0.8951682068889268,-0.4886419420963559,-0.11785113019775785,1.0,1.0,0.7818314824680298,0.7818314824680298,0.6234898018587336,0.6234898018587336,4.0,4.0,0.8660254037844387,0.8660254037844387,-0.4999999999999998,-0.4999999999999998
2025-04-22 10:00:00+00:00,23.118,20.265518,84.0,26.631842,1010.51624,79.0,79.0,0.0,0.0,0.4525602,3.319036,319.39877,6.8399997,0.0,0.0,21.051678,370.0,0.0,0.0,0.0,0.0,0.0,0.0,0.0,0.0,0.0,0.0,0.0,0.0,1013.9,10,0.49999999999999994,-0.8660254037844387,1,0.7818314824680298,0.6234898018587336,4,0.8660254037844387,-0.4999999999999998,22.818,22.668001,22.668001,20.90896,20.761106,20.392382,89.0,89.0,87.0,26.771269,26.6546,26.352608,1010.01465,1009.91315,1010.0129,82.0,82.0,82.0,82.0,79.0,76.0,0.0,17.0,34.0,0.0,0.0,0.0,0.3055277,0.30276942,0.3578298,2.5959969,1.835647,2.5959969,303.6901,258.6901,213.6901,5.7599998,6.8399997,7.5599995,0.0,0.0,0.0,0.0,0.0,0.0,21.414883,21.267488,21.006807,360.0,380.0,420.0,0.0,0.0,0.0,0.0,0.0,0.0,0.0,0.0,0.0,0.0,0.0,0.0,0.0,0.0,0.0,0.0,0.0,0.0,0.0,0.0,0.0,0.0,0.0,0.0,0.0,0.0,0.0,0.0,0.0,0.0,0.0,0.0,0.0,0.0,0.0,0.0,1013.4,1013.3,1013.4,0.0,0.0,0.0,9.0,8.0,7.0,0.7071067811865476,0.8660254037844387,0.9659258262890683,-0.7071067811865475,-0.4999999999999998,-0.25881904510252063,1.0,1.0,1.0,0.7818314824680298,0.7818314824680298,0.7818314824680298,0.6234898018587336,0.6234898018587336,0.6234898018587336,4.0,4.0,4.0,0.8660254037844387,0.8660254037844387,0.8660254037844387,-0.4999999999999998,-0.4999999999999998,-0.4999999999999998,22.86800033333333,22.876333833333334,20.64519466666667,20.337802,87.33333333333333,85.66666666666667,26.685903666666665,26.437182833333335,1010.1480133333333,1010.1979483333333,81.0,78.5,80.0,73.0,5.666666666666667,24.333333333333332,0.0,0.00027017108333333333,0.3536191066666669,0.40036550999999987,2.5835599666666655,3.2676206333333333,293.9263233333333,247.13649666666666,6.479999733333336,7.739999616666666,0.0,0.0,0.0,0.0,21.244683,21.034125833333334,370.0,402.5,0.0,0.0,0.0,0.0,0.0,0.0,0.0,0.0,0.0,0.0,0.0,0.0,0.0,0.0,0.0,0.0,0.0,0.0,0.0,0.0,0.0,0.0,0.0,0.0,1013.5333333333333,1013.5833333333334,0.0,0.0,9.0,7.5,0.6910440616569954,0.8341639729248538,-0.6910440616569953,-0.34552203082849764,1.0,1.0,0.7818314824680298,0.7818314824680298,0.6234898018587336,0.6234898018587336,4.0,4.0,0.8660254037844387,0.8660254037844387,-0.4999999999999998,-0.4999999999999998
2025-04-22 11:00:00+00:00,23.568,19.300451,77.0,26.49934,1011.2189,77.0,77.0,0.0,0.023608891,0.6684947,4.0249224,333.43503,7.5599995,1.0,205.61412,20.552334,400.0,28.0,19.0,28.0,62.732124,42.568226,36.47537,9.0,86.34149,82.08297,20.163897,112.47633,183.90141,1014.6,11,0.258819045102521,-0.9659258262890682,1,0.7818314824680298,0.6234898018587336,4,0.8660254037844387,-0.4999999999999998,23.118,22.818,22.668001,20.265518,20.90896,20.761106,84.0,89.0,89.0,26.631842,26.771269,26.6546,1010.51624,1010.01465,1009.91315,79.0,82.0,82.0,79.0,82.0,79.0,0.0,0.0,17.0,0.0,0.0,0.0,0.4525602,0.3055277,0.30276942,3.319036,2.5959969,1.835647,319.39877,303.6901,258.6901,6.8399997,5.7599998,6.8399997,0.0,0.0,0.0,0.0,0.0,0.0,21.051678,21.414883,21.267488,370.0,360.0,380.0,0.0,0.0,0.0,0.0,0.0,0.0,0.0,0.0,0.0,0.0,0.0,0.0,0.0,0.0,0.0,0.0,0.0,0.0,0.0,0.0,0.0,0.0,0.0,0.0,0.0,0.0,0.0,0.0,0.0,0.0,0.0,0.0,0.0,0.0,0.0,0.0,1013.9,1013.4,1013.3,0.0,0.0,0.0,10.0,9.0,8.0,0.49999999999999994,0.7071067811865476,0.8660254037844387,-0.8660254037844387,-0.7071067811865475,-0.4999999999999998,1.0,1.0,1.0,0.7818314824680298,0.7818314824680298,0.7818314824680298,0.6234898018587336,0.6234898018587336,0.6234898018587336,4.0,4.0,4.0,0.8660254037844387,0.8660254037844387,0.8660254037844387,-0.4999999999999998,-0.4999999999999998,-0.4999999999999998,23.168000000000003,22.943000333333334,20.158309666666668,20.266721166666667,83.33333333333333,85.0,26.634150333333334,26.496465166666667,1010.5832633333333,1010.3149566666666,79.33333333333333,80.66666666666667,79.33333333333333,77.66666666666667,0.0,17.0,0.007869630333333296,0.003934815166666667,0.47552753333333353,0.42193710999999984,3.313318433333332,3.0793717666666667,318.8413,270.6932116666667,6.719999666666669,7.1999997,0.3333333333333333,0.16666666666666666,68.53804000000001,34.269020000000005,21.006298333333334,21.008958333333332,376.6666666666667,395.8333333333333,9.333333333333334,4.666666666666667,6.333333333333333,3.1666666666666665,9.333333333333334,4.666666666666667,20.910708,10.455354,14.189408666666667,7.0947043333333335,12.158456666666666,6.079228333333333,3.0,1.5,28.780496666666664,14.390248333333332,27.360990000000076,13.680495,6.721299000000037,3.360649499999981,37.49210999999996,18.74605499999998,61.30047,30.650235,1013.9666666666667,1013.6999999999999,0.0,0.0,10.0,8.5,0.4886419420963562,0.7163128427270959,-0.846352670420018,-0.5496461760604291,1.0,1.0,0.7818314824680298,0.7818314824680298,0.6234898018587336,0.6234898018587336,4.0,4.0,0.8660254037844387,0.8660254037844387,-0.4999999999999998,-0.4999999999999998
2025-04-22 12:00:00+00:00,24.368,18.313965,69.0,26.73873,1011.7265,74.0,74.0,0.0,0.097073965,0.9453771,4.6800003,337.3801,8.64,1.0,3600.0,20.209906,430.0,124.0,78.0,124.0,181.00658,113.85898,181.00658,46.0,180.02847,346.04068,67.147606,262.79303,505.1261,1015.1,12,1.2246467991473532e-16,-1.0,1,0.7818314824680298,0.6234898018587336,4,0.8660254037844387,-0.4999999999999998,23.568,23.118,22.818,19.300451,20.265518,20.90896,77.0,84.0,89.0,26.49934,26.631842,26.771269,1011.2189,1010.51624,1010.01465,77.0,79.0,82.0,77.0,79.0,82.0,0.0,0.0,0.0,0.023608891,0.0,0.0,0.6684947,0.4525602,0.3055277,4.0249224,3.319036,2.5959969,333.43503,319.39877,303.6901,7.5599995,6.8399997,5.7599998,1.0,0.0,0.0,205.61412,0.0,0.0,20.552334,21.051678,21.414883,400.0,370.0,360.0,28.0,0.0,0.0,19.0,0.0,0.0,28.0,0.0,0.0,62.732124,0.0,0.0,42.568226,0.0,0.0,36.47537,0.0,0.0,9.0,0.0,0.0,86.34149,0.0,0.0,82.08297,0.0,0.0,20.163897,0.0,0.0,112.47633,0.0,0.0,183.90141,0.0,0.0,1014.6,1013.9,1013.4,0.0,0.0,0.0,11.0,10.0,9.0,0.258819045102521,0.49999999999999994,0.7071067811865476,-0.9659258262890682,-0.8660254037844387,-0.7071067811865475,1.0,1.0,1.0,0.7818314824680298,0.7818314824680298,0.7818314824680298,0.6234898018587336,0.6234898018587336,0.6234898018587336,4.0,4.0,4.0,0.8660254037844387,0.8660254037844387,0.8660254037844387,-0.4999999999999998,-0.4999999999999998,-0.4999999999999998,23.68466666666667,23.201333666666667,19.293311333333335,19.990397,76.66666666666667,82.5,26.623304,26.608064833333334,1011.15388,1010.5670566666666,76.66666666666667,79.33333333333333,76.66666666666667,77.83333333333333,0.0,8.5,0.04022761866666663,0.020113809333333333,0.6888106666666668,0.5054264866666666,4.007986233333332,3.175266583333334,330.0713,294.3807,7.679999733333336,7.199999699999999,0.6666666666666666,0.3333333333333333,1268.5380400000001,634.2690200000001,20.60463933333333,20.917182666666665,400.0,393.3333333333333,50.666666666666664,25.333333333333332,32.333333333333336,16.166666666666668,50.666666666666664,25.333333333333332,81.24623466666667,40.62311733333333,52.142402000000004,26.071201000000002,72.49398333333333,36.246991666666666,18.333333333333332,9.166666666666666,88.78998666666666,44.39499333333333,142.7078833333334,71.35394166666667,29.103834333333367,14.551917166666646,125.08978666666663,62.54489333333331,229.67583666666667,114.83791833333333,1014.5333333333333,1013.9499999999999,0.0,0.0,11.0,9.5,0.2529396817008404,0.5496461760604293,-0.9439837433578356,-0.7163128427270958,1.0,1.0,0.7818314824680298,0.7818314824680298,0.6234898018587336,0.6234898018587336,4.0,4.0,0.8660254037844387,0.8660254037844387,-0.4999999999999998,-0.4999999999999998
2025-04-22 13:00:00+00:00,25.668001,18.0993,63.0,27.822544,1011.94037,49.0,49.0,0.0,0.21170089,1.2191188,5.4833565,336.8014,10.440001,1.0,3600.0,20.546371,455.0,284.0,141.0,284.0,346.09723,171.82997,346.09723,143.0,295.71942,654.8726,174.26727,360.37912,798.06195,1015.3,13,-0.2588190451025208,-0.9659258262890683,1,0.7818314824680298,0.6234898018587336,4,0.8660254037844387,-0.4999999999999998,24.368,23.568,23.118,18.313965,19.300451,20.265518,69.0,77.0,84.0,26.73873,26.49934,26.631842,1011.7265,1011.2189,1010.51624,74.0,77.0,79.0,74.0,77.0,79.0,0.0,0.0,0.0,0.097073965,0.023608891,0.0,0.9453771,0.6684947,0.4525602,4.6800003,4.0249224,3.319036,337.3801,333.43503,319.39877,8.64,7.5599995,6.8399997,1.0,1.0,0.0,3600.0,205.61412,0.0,20.209906,20.552334,21.051678,430.0,400.0,370.0,124.0,28.0,0.0,78.0,19.0,0.0,124.0,28.0,0.0,181.00658,62.732124,0.0,113.85898,42.568226,0.0,181.00658,36.47537,0.0,46.0,9.0,0.0,180.02847,86.34149,0.0,346.04068,82.08297,0.0,67.147606,20.163897,0.0,262.79303,112.47633,0.0,505.1261,183.90141,0.0,1015.1,1014.6,1013.9,0.0,0.0,0.0,12.0,11.0,10.0,1.2246467991473532e-16,0.258819045102521,0.49999999999999994,-1.0,-0.9659258262890682,-0.8660254037844387,1.0,1.0,1.0,0.7818314824680298,0.7818314824680298,0.7818314824680298,0.6234898018587336,0.6234898018587336,0.6234898018587336,4.0,4.0,4.0,0.8660254037844387,0.8660254037844387,0.8660254037844387,-0.4999999999999998,-0.4999999999999998,-0.4999999999999998,24.534667,23.701333666666667,18.57123866666667,19.608216666666667,69.66666666666667,78.5,27.020204666666668,26.853054166666666,1011.6285899999999,1010.8883016666667,66.66666666666667,73.83333333333333,66.66666666666667,73.33333333333333,0.0,2.8333333333333335,0.11079458199999996,0.055397290999999994,0.9443302000000001,0.6489746533333333,4.729426399999999,3.6564931833333336,335.8721766666667,314.89925,8.880000166666669,7.679999949999999,1.0,0.5,2468.53804,1234.26902,20.436203666666668,20.84044333333333,428.3333333333333,399.1666666666667,145.33333333333334,72.66666666666667,79.33333333333333,39.666666666666664,145.33333333333334,72.66666666666667,196.61197800000002,98.30598900000001,109.41905866666667,54.709529333333336,187.8597266666667,93.92986333333334,66.0,33.0,187.36312666666666,93.68156333333333,360.99875000000003,180.49937500000001,87.19292433333335,43.59646216666664,245.21615999999995,122.60807999999997,495.6964866666667,247.84824333333336,1015.0,1014.2666666666668,0.0,0.0,12.0,10.5,1.4802973661668753e-16,0.3455220308284978,-0.9772838841927122,-0.8341639729248538,1.0,1.0,0.7818314824680298,0.7818314824680298,0.6234898018587336,0.6234898018587336,4.0,4.0,0.8660254037844387,0.8660254037844387,-0.4999999999999998,-0.4999999999999998
2025-04-22 14:00:00+00:00,27.268,17.726938,56.0,29.114586,1011.85876,25.0,25.0,0.0,0.36877203,1.5929656,6.439876,333.43503,12.599999,1.0,3600.0,20.915556,485.0,500.0,186.0,500.0,563.51764,209.62856,563.51764,314.0,459.596,925.21814,353.88907,517.9809,1042.7534,1015.2,14,-0.4999999999999997,-0.8660254037844388,1,0.7818314824680298,0.6234898018587336,4,0.8660254037844387,-0.4999999999999998,25.668001,24.368,23.568,18.0993,18.313965,19.300451,63.0,69.0,77.0,27.822544,26.73873,26.49934,1011.94037,1011.7265,1011.2189,49.0,74.0,77.0,49.0,74.0,77.0,0.0,0.0,0.0,0.21170089,0.097073965,0.023608891,1.2191188,0.9453771,0.6684947,5.4833565,4.6800003,4.0249224,336.8014,337.3801,333.43503,10.440001,8.64,7.5599995,1.0,1.0,1.0,3600.0,3600.0,205.61412,20.546371,20.209906,20.552334,455.0,430.0,400.0,284.0,124.0,28.0,141.0,78.0,19.0,284.0,124.0,28.0,346.09723,181.00658,62.732124,171.82997,113.85898,42.568226,346.09723,181.00658,36.47537,143.0,46.0,9.0,295.71942,180.02847,86.34149,654.8726,346.04068,82.08297,174.26727,67.147606,20.163897,360.37912,262.79303,112.47633,798.06195,505.1261,183.90141,1015.3,1015.1,1014.6,0.0,0.0,0.0,13.0,12.0,11.0,-0.2588190451025208,1.2246467991473532e-16,0.258819045102521,-0.9659258262890683,-1.0,-0.9659258262890682,1.0,1.0,1.0,0.7818314824680298,0.7818314824680298,0.7818314824680298,0.6234898018587336,0.6234898018587336,0.6234898018587336,4.0,4.0,4.0,0.8660254037844387,0.8660254037844387,0.8660254037844387,-0.4999999999999998,-0.4999999999999998,-0.4999999999999998,25.768000333333333,24.468000166666666,18.046734333333337,19.102521999999997,62.666666666666664,73.0,27.891953333333333,27.263051833333336,1011.8418766666667,1011.21257,49.333333333333336,64.33333333333333,49.333333333333336,64.33333333333333,0.0,0.0,0.2258489616666666,0.116859296,1.2524871666666668,0.86400735,5.534410933333333,4.423864683333333,335.8721766666667,327.35673833333334,10.560000000000002,8.639999833333333,1.0,0.6666666666666666,3600.0,1834.26902,20.557277666666664,20.781788000000002,456.6666666666667,416.6666666666667,302.6666666666667,156.0,135.0,70.66666666666667,302.6666666666667,156.0,363.5404833333334,192.2255956666667,165.10583666666668,89.64762266666666,363.5404833333334,187.84947000000003,167.66666666666666,85.33333333333333,311.78129666666666,170.28089666666668,642.0438066666667,334.70239833333335,198.4346486666667,102.57797383333332,380.38435,208.93822999999998,781.9804833333334,421.6404766666667,1015.2000000000002,1014.5833333333334,0.0,0.0,13.0,11.5,-0.2529396817008401,0.117851130197758,-0.9439837433578356,-0.8951682068889268,1.0,1.0,0.7818314824680298,0.7818314824680298,0.6234898018587336,0.6234898018587336,4.0,4.0,0.8660254037844387,0.8660254037844387,-0.4999999999999998,-0.4999999999999998
2025-04-22 15:00:00+00:00,28.818,17.362707,50.0,31.649189,1011.57697,0.0,0.0,0.0,0.5291863,1.9810196,5.815978,338.19852,14.4,1.0,3600.0,21.280634,540.0,719.0,206.0,719.0,771.9619,221.17406,771.9619,513.0,610.1035,1138.6616,550.78784,655.04407,1222.536,1014.9,15,-0.7071067811865471,-0.7071067811865479,1,0.7818314824680298,0.6234898018587336,4,0.8660254037844387,-0.4999999999999998,27.268,25.668001,24.368,17.726938,18.0993,18.313965,56.0,63.0,69.0,29.114586,27.822544,26.73873,1011.85876,1011.94037,1011.7265,25.0,49.0,74.0,25.0,49.0,74.0,0.0,0.0,0.0,0.36877203,0.21170089,0.097073965,1.5929656,1.2191188,0.9453771,6.439876,5.4833565,4.6800003,333.43503,336.8014,337.3801,12.599999,10.440001,8.64,1.0,1.0,1.0,3600.0,3600.0,3600.0,20.915556,20.546371,20.209906,485.0,455.0,430.0,500.0,284.0,124.0,186.0,141.0,78.0,500.0,284.0,124.0,563.51764,346.09723,181.00658,209.62856,171.82997,113.85898,563.51764,346.09723,181.00658,314.0,143.0,46.0,459.596,295.71942,180.02847,925.21814,654.8726,346.04068,353.88907,174.26727,67.147606,517.9809,360.37912,262.79303,1042.7534,798.06195,505.1261,1015.2,1015.3,1015.1,0.0,0.0,0.0,14.0,13.0,12.0,-0.4999999999999997,-0.2588190451025208,1.2246467991473532e-16,-0.8660254037844388,-0.9659258262890683,-1.0,1.0,1.0,1.0,0.7818314824680298,0.7818314824680298,0.7818314824680298,0.6234898018587336,0.6234898018587336,0.6234898018587336,4.0,4.0,4.0,0.8660254037844387,0.8660254037844387,0.8660254037844387,-0.4999999999999998,-0.4999999999999998,-0.4999999999999998,27.251333666666667,25.468000166666666,17.729648333333333,18.511479833333333,56.333333333333336,66.5,29.528773,28.0760385,1011.7920333333333,1011.4729566666666,24.666666666666668,50.666666666666664,24.666666666666668,50.666666666666664,0.0,0.0,0.36988640666666656,0.20505701266666665,1.5977013333333334,1.1432559999999998,5.9130701666666665,4.9605282,336.1449833333333,333.10814166666665,12.480000000000004,10.079999866666666,1.0,0.8333333333333334,3600.0,2434.26902,20.914187,20.759413166666665,493.3333333333333,446.6666666666667,501.0,275.8333333333333,177.66666666666666,105.0,501.0,275.8333333333333,560.5255900000001,320.88591233333335,200.87752999999998,126.509966,560.5255900000001,316.5097866666667,323.3333333333333,170.83333333333334,455.13964000000004,271.9648133333333,906.25078,524.4793316666667,359.64806,194.37594716666663,511.1346966666667,318.11224166666665,1021.1171166666668,625.3964766666667,1015.1333333333333,1014.8333333333334,0.0,0.0,14.0,12.5,-0.48864194209635586,-0.11785113019775778,-0.8463526704200183,-0.895168206888927,1.0,1.0,0.7818314824680298,0.7818314824680298,0.6234898018587336,0.6234898018587336,4.0,4.0,0.8660254037844387,0.8660254037844387,-0.4999999999999998,-0.4999999999999998
2025-04-22 16:00:00+00:00,30.468,16.482893,43.0,34.384113,1010.7972,0.0,0.0,0.0,0.65556765,2.4831676,3.5455887,23.962492,16.199999,1.0,3600.0,21.41074,665.0,885.0,191.0,885.0,915.75226,197.63693,915.75226,694.0,733.8255,1280.6711,718.11536,759.32477,1325.1724,1014.1,16,-0.8660254037844385,-0.5000000000000004,1,0.7818314824680298,0.6234898018587336,4,0.8660254037844387,-0.4999999999999998,28.818,27.268,25.668001,17.362707,17.726938,18.0993,50.0,56.0,63.0,31.649189,29.114586,27.822544,1011.57697,1011.85876,1011.94037,0.0,25.0,49.0,0.0,25.0,49.0,0.0,0.0,0.0,0.5291863,0.36877203,0.21170089,1.9810196,1.5929656,1.2191188,5.815978,6.439876,5.4833565,338.19852,333.43503,336.8014,14.4,12.599999,10.440001,1.0,1.0,1.0,3600.0,3600.0,3600.0,21.280634,20.915556,20.546371,540.0,485.0,455.0,719.0,500.0,284.0,206.0,186.0,141.0,719.0,500.0,284.0,771.9619,563.51764,346.09723,221.17406,209.62856,171.82997,771.9619,563.51764,346.09723,513.0,314.0,143.0,610.1035,459.596,295.71942,1138.6616,925.21814,654.8726,550.78784,353.88907,174.26727,655.04407,517.9809,360.37912,1222.536,1042.7534,798.06195,1014.9,1015.2,1015.3,0.0,0.0,0.0,15.0,14.0,13.0,-0.7071067811865471,-0.4999999999999997,-0.2588190451025208,-0.7071067811865479,-0.8660254037844388,-0.9659258262890683,1.0,1.0,1.0,0.7818314824680298,0.7818314824680298,0.7818314824680298,0.6234898018587336,0.6234898018587336,0.6234898018587336,4.0,4.0,4.0,0.8660254037844387,0.8660254037844387,0.8660254037844387,-0.4999999999999998,-0.4999999999999998,-0.4999999999999998,28.851333333333333,26.693000166666668,17.190846000000004,17.881042333333333,49.666666666666664,59.666666666666664,31.715962666666666,29.368083666666664,1011.4109766666667,1011.5197833333333,8.333333333333334,37.5,8.333333333333334,37.5,0.0,0.0,0.5178419933333333,0.31431828766666664,2.0190509333333337,1.4816905666666667,5.267147566666666,4.998286983333333,231.86534733333335,283.868762,14.399999333333335,11.639999750000001,1.0,1.0,3600.0,3034.2690199999997,21.20231,20.81925683333333,563.3333333333334,495.8333333333333,701.3333333333334,423.3333333333333,194.33333333333334,136.83333333333334,701.3333333333334,423.3333333333333,750.4106,473.51128900000003,209.47985000000003,159.44945433333334,750.4106,469.13516333333337,507.0,286.5,601.1750000000001,394.26906333333335,1114.85028,737.924515,540.9307566666666,314.06184049999996,644.1165799999999,444.66637,1196.8206,846.2585433333334,1014.7333333333332,1014.8666666666667,0.0,0.0,15.0,13.5,-0.6910440616569952,-0.3455220308284975,-0.6910440616569957,-0.8341639729248541,1.0,1.0,0.7818314824680298,0.7818314824680298,0.6234898018587336,0.6234898018587336,4.0,4.0,0.8660254037844387,0.8660254037844387,-0.4999999999999998,-0.4999999999999998
2025-04-22 17:00:00+00:00,32.017998,15.084409,36.0,35.524166,1009.8172,0.0,0.0,0.0,0.7526517,3.0449772,6.12,90.0,18.0,1.0,3600.0,21.248451,820.0,986.0,150.0,986.0,987.5441,150.23491,987.5441,836.0,843.81915,1341.5845,837.3092,845.1407,1343.6855,1013.1,17,-0.9659258262890683,-0.25881904510252063,1,0.7818314824680298,0.6234898018587336,4,0.8660254037844387,-0.4999999999999998,30.468,28.818,27.268,16.482893,17.362707,17.726938,43.0,50.0,56.0,34.384113,31.649189,29.114586,1010.7972,1011.57697,1011.85876,0.0,0.0,25.0,0.0,0.0,25.0,0.0,0.0,0.0,0.65556765,0.5291863,0.36877203,2.4831676,1.9810196,1.5929656,3.5455887,5.815978,6.439876,23.962492,338.19852,333.43503,16.199999,14.4,12.599999,1.0,1.0,1.0,3600.0,3600.0,3600.0,21.41074,21.280634,20.915556,665.0,540.0,485.0,885.0,719.0,500.0,191.0,206.0,186.0,885.0,719.0,500.0,915.75226,771.9619,563.51764,197.63693,221.17406,209.62856,915.75226,771.9619,563.51764,694.0,513.0,314.0,733.8255,610.1035,459.596,1280.6711,1138.6616,925.21814,718.11536,550.78784,353.88907,759.32477,655.04407,517.9809,1325.1724,1222.536,1042.7534,1014.1,1014.9,1015.2,0.0,0.0,0.0,16.0,15.0,14.0,-0.8660254037844385,-0.7071067811865471,-0.4999999999999997,-0.5000000000000004,-0.7071067811865479,-0.8660254037844388,1.0,1.0,1.0,0.7818314824680298,0.7818314824680298,0.7818314824680298,0.6234898018587336,0.6234898018587336,0.6234898018587336,4.0,4.0,4.0,0.8660254037844387,0.8660254037844387,0.8660254037844387,-0.4999999999999998,-0.4999999999999998,-0.4999999999999998,30.434665999999996,28.101333166666667,16.310003,17.178368666666668,43.0,52.833333333333336,33.85248933333333,30.872221333333332,1010.7304566666667,1011.2861666666666,0.0,24.666666666666668,0.0,24.666666666666668,0.0,0.0,0.6458018833333333,0.43582542249999995,2.5030547999999997,1.8777709833333331,5.1605222333333325,5.3474665833333335,150.72033733333333,243.29625699999997,16.19999966666667,13.379999833333335,1.0,1.0,3600.0,3600.0,21.313275,20.935276333333334,675.0,565.8333333333334,863.3333333333334,583.0,182.33333333333334,158.66666666666666,863.3333333333334,583.0,891.7527533333333,627.6466183333333,189.68196666666668,177.39390166666666,891.7527533333333,627.6466183333333,681.0,424.3333333333333,729.2493833333334,520.51534,1253.6390666666666,947.8414366666666,702.0708000000001,450.25272433333333,753.1698466666667,566.7770983333334,1297.1313,1039.5558916666666,1014.0333333333333,1014.6166666666668,0.0,0.0,16.0,14.5,-0.846352670420018,-0.5496461760604291,-0.4886419420963563,-0.716312842727096,1.0,1.0,0.7818314824680298,0.7818314824680298,0.6234898018587336,0.6234898018587336,4.0,4.0,0.8660254037844387,0.8660254037844387,-0.4999999999999998,-0.4999999999999998
2025-04-22 18:00:00+00:00,32.868,14.478689,33.0,35.363285,1009.02905,0.0,0.0,0.0,0.7961155,3.3440785,10.703569,109.653915,19.8,1.0,3600.0,21.243988,910.0,1003.0,113.0,1003.0,972.21106,109.53125,972.21106,890.0,914.8858,1317.2686,862.6798,886.8017,1276.8326,1012.3,18,-1.0,-1.8369701987210297e-16,1,0.7818314824680298,0.6234898018587336,4,0.8660254037844387,-0.4999999999999998,32.017998,30.468,28.818,15.084409,16.482893,17.362707,36.0,43.0,50.0,35.524166,34.384113,31.649189,1009.8172,1010.7972,1011.57697,0.0,0.0,0.0,0.0,0.0,0.0,0.0,0.0,0.0,0.7526517,0.65556765,0.5291863,3.0449772,2.4831676,1.9810196,6.12,3.5455887,5.815978,90.0,23.962492,338.19852,18.0,16.199999,14.4,1.0,1.0,1.0,3600.0,3600.0,3600.0,21.248451,21.41074,21.280634,820.0,665.0,540.0,986.0,885.0,719.0,150.0,191.0,206.0,986.0,885.0,719.0,987.5441,915.75226,771.9619,150.23491,197.63693,221.17406,987.5441,915.75226,771.9619,836.0,694.0,513.0,843.81915,733.8255,610.1035,1341.5845,1280.6711,1138.6616,837.3092,718.11536,550.78784,845.1407,759.32477,655.04407,1343.6855,1325.1724,1222.536,1013.1,1014.1,1014.9,0.0,0.0,0.0,17.0,16.0,15.0,-0.9659258262890683,-0.8660254037844385,-0.7071067811865471,-0.25881904510252063,-0.5000000000000004,-0.7071067811865479,1.0,1.0,1.0,0.7818314824680298,0.7818314824680298,0.7818314824680298,0.6234898018587336,0.6234898018587336,0.6234898018587336,4.0,4.0,4.0,0.8660254037844387,0.8660254037844387,0.8660254037844387,-0.4999999999999998,-0.4999999999999998,-0.4999999999999998,31.784665999999998,29.517999833333334,15.348663666666667,16.539156000000002,37.333333333333336,46.833333333333336,35.09052133333333,32.309647166666664,1009.8811499999998,1010.8365916666667,0.0,12.333333333333334,0.0,12.333333333333334,0.0,0.0,0.7347782833333333,0.552332345,2.9574077666666665,2.27755455,6.789719233333332,6.3513947,74.53880233333332,205.34189283333333,17.999999666666668,15.239999833333334,1.0,1.0,3600.0,3600.0,21.30105966666667,21.107623333333333,798.3333333333334,645.8333333333334,958.0,729.5,151.33333333333334,164.5,958.0,729.5,958.5024733333333,759.5140316666667,152.46769666666668,176.67261333333332,958.5024733333333,759.5140316666667,806.6666666666666,565.0,830.8434833333334,642.9915616666667,1313.1747333333335,1109.7127566666666,806.0347866666667,582.8414233333333,830.4223900000001,670.7785433333333,1315.2301666666665,1168.1736416666668,1013.1666666666666,1014.15,0.0,0.0,17.0,15.5,-0.9439837433578356,-0.7163128427270958,-0.2529396817008404,-0.5496461760604293,1.0,1.0,0.7818314824680298,0.7818314824680298,0.6234898018587336,0.6234898018587336,4.0,4.0,0.8660254037844387,0.8660254037844387,-0.4999999999999998,-0.4999999999999998
2025-04-22 19:00:00+00:00,32.468,15.041884,35.0,34.080853,1008.52625,15.0,12.0,11.0,0.7520203,3.172024,14.386494,121.701385,25.199999,1.0,3600.0,21.384481,885.0,928.0,95.0,928.0,866.4531,88.6994,866.4531,833.0,932.6444,1209.4008,777.7537,870.7895,1129.1908,1011.8,19,-0.9659258262890684,0.2588190451025203,1,0.7818314824680298,0.6234898018587336,4,0.8660254037844387,-0.4999999999999998,32.868,32.017998,30.468,14.478689,15.084409,16.482893,33.0,36.0,43.0,35.363285,35.524166,34.384113,1009.02905,1009.8172,1010.7972,0.0,0.0,0.0,0.0,0.0,0.0,0.0,0.0,0.0,0.7961155,0.7526517,0.65556765,3.3440785,3.0449772,2.4831676,10.703569,6.12,3.5455887,109.653915,90.0,23.962492,19.8,18.0,16.199999,1.0,1.0,1.0,3600.0,3600.0,3600.0,21.243988,21.248451,21.41074,910.0,820.0,665.0,1003.0,986.0,885.0,113.0,150.0,191.0,1003.0,986.0,885.0,972.21106,987.5441,915.75226,109.53125,150.23491,197.63693,972.21106,987.5441,915.75226,890.0,836.0,694.0,914.8858,843.81915,733.8255,1317.2686,1341.5845,1280.6711,862.6798,837.3092,718.11536,886.8017,845.1407,759.32477,1276.8326,1343.6855,1325.1724,1012.3,1013.1,1014.1,0.0,0.0,0.0,18.0,17.0,16.0,-1.0,-0.9659258262890683,-0.8660254037844385,-1.8369701987210297e-16,-0.25881904510252063,-0.5000000000000004,1.0,1.0,1.0,0.7818314824680298,0.7818314824680298,0.7818314824680298,0.6234898018587336,0.6234898018587336,0.6234898018587336,4.0,4.0,4.0,0.8660254037844387,0.8660254037844387,0.8660254037844387,-0.4999999999999998,-0.4999999999999998,-0.4999999999999998,32.451332666666666,30.651332999999997,14.868327333333335,16.02958666666667,34.666666666666664,42.166666666666664,34.98943466666667,33.35269866666667,1009.1241666666666,1010.2675716666666,5.0,6.666666666666667,4.0,6.166666666666667,3.6666666666666665,1.8333333333333333,0.7669291666666666,0.64238558,3.187026566666667,2.60303875,10.403354333333333,7.83525095,107.11843333333333,169.49189033333334,20.99999966666667,17.6999995,1.0,1.0,3600.0,3600.0,21.292306666666665,21.247308333333333,871.6666666666666,717.5,972.3333333333334,836.8333333333334,119.33333333333333,156.83333333333334,972.3333333333334,836.8333333333334,942.0694199999999,846.24001,116.15518666666667,162.81751833333334,942.0694199999999,846.24001,853.0,680.0,897.1164500000001,749.145725,1289.4179666666666,1202.1341233333333,825.9142333333334,683.4224949999999,867.5772999999999,755.84694,1249.9029666666668,1223.3617833333335,1012.4,1013.5666666666666,0.0,0.0,18.0,16.5,-0.9772838841927122,-0.8341639729248538,-1.295260195396016e-16,-0.3455220308284979,1.0,1.0,0.7818314824680298,0.7818314824680298,0.6234898018587336,0.6234898018587336,4.0,4.0,0.8660254037844387,0.8660254037844387,-0.4999999999999998,-0.4999999999999998
2025-04-22 20:00:00+00:00,31.318,16.109234,40.0,31.875961,1008.2149,30.0,24.0,21.0,0.6404209,2.7435567,18.35647,131.82008,30.239998,1.0,3600.0,21.520739,800.0,775.0,85.0,775.0,688.4484,75.50725,688.4484,690.0,911.1859,1025.3533,612.94116,809.4252,910.84235,1011.5,20,-0.8660254037844386,0.5000000000000001,1,0.7818314824680298,0.6234898018587336,4,0.8660254037844387,-0.4999999999999998,32.468,32.868,32.017998,15.041884,14.478689,15.084409,35.0,33.0,36.0,34.080853,35.363285,35.524166,1008.52625,1009.02905,1009.8172,15.0,0.0,0.0,12.0,0.0,0.0,11.0,0.0,0.0,0.7520203,0.7961155,0.7526517,3.172024,3.3440785,3.0449772,14.386494,10.703569,6.12,121.701385,109.653915,90.0,25.199999,19.8,18.0,1.0,1.0,1.0,3600.0,3600.0,3600.0,21.384481,21.243988,21.248451,885.0,910.0,820.0,928.0,1003.0,986.0,95.0,113.0,150.0,928.0,1003.0,986.0,866.4531,972.21106,987.5441,88.6994,109.53125,150.23491,866.4531,972.21106,987.5441,833.0,890.0,836.0,932.6444,914.8858,843.81915,1209.4008,1317.2686,1341.5845,777.7537,862.6798,837.3092,870.7895,886.8017,845.1407,1129.1908,1276.8326,1343.6855,1011.8,1012.3,1013.1,0.0,0.0,0.0,19.0,18.0,17.0,-0.9659258262890684,-1.0,-0.9659258262890683,0.2588190451025203,-1.8369701987210297e-16,-0.25881904510252063,1.0,1.0,1.0,0.7818314824680298,0.7818314824680298,0.7818314824680298,0.6234898018587336,0.6234898018587336,0.6234898018587336,4.0,4.0,4.0,0.8660254037844387,0.8660254037844387,0.8660254037844387,-0.4999999999999998,-0.4999999999999998,-0.4999999999999998,32.218,31.326333,15.209935666666667,15.759969333333336,36.0,39.5,33.773366333333335,33.81292783333333,1008.5900666666666,1009.6602616666665,15.0,7.5,12.0,6.0,10.666666666666666,5.333333333333333,0.7295189,0.6876603916666667,3.086553066666667,2.7948039333333337,14.482177666666667,9.82134995,121.05846000000001,135.88939866666666,25.079999,20.639999333333332,1.0,1.0,3600.0,3600.0,21.383069333333335,21.348172166666668,865.0,770.0,902.0,882.6666666666666,97.66666666666667,140.0,902.0,882.6666666666666,842.3708533333332,867.0618033333334,91.24596666666666,140.46396666666666,842.3708533333332,867.0618033333334,804.3333333333334,742.6666666666666,919.5720333333333,824.4107083333333,1184.0075666666667,1218.8233166666666,751.1248866666666,726.5978433333333,855.6721333333331,804.42099,1105.6219166666667,1201.3766083333335,1011.8666666666667,1012.9499999999999,0.0,0.0,19.0,17.5,-0.9439837433578356,-0.8951682068889268,0.2529396817008401,-0.11785113019775813,1.0,1.0,0.7818314824680298,0.7818314824680298,0.6234898018587336,0.6234898018587336,4.0,4.0,0.8660254037844387,0.8660254037844387,-0.4999999999999998,-0.4999999999999998
2025-04-22 21:00:00+00:00,30.118,17.229912,46.0,29.762306,1008.1023,45.0,36.0,32.0,0.4905315,2.3057253,20.633371,137.12111,35.64,1.0,3600.0,21.678734,730.0,568.0,74.0,568.0,465.01688,60.583183,465.01688,494.0,860.08704,777.6893,404.4337,704.14606,636.68774,1011.4,21,-0.7071067811865477,0.7071067811865474,1,0.7818314824680298,0.6234898018587336,4,0.8660254037844387,-0.4999999999999998,31.318,32.468,32.868,16.109234,15.041884,14.478689,40.0,35.0,33.0,31.875961,34.080853,35.363285,1008.2149,1008.52625,1009.02905,30.0,15.0,0.0,24.0,12.0,0.0,21.0,11.0,0.0,0.6404209,0.7520203,0.7961155,2.7435567,3.172024,3.3440785,18.35647,14.386494,10.703569,131.82008,121.701385,109.653915,30.239998,25.199999,19.8,1.0,1.0,1.0,3600.0,3600.0,3600.0,21.520739,21.384481,21.243988,800.0,885.0,910.0,775.0,928.0,1003.0,85.0,95.0,113.0,775.0,928.0,1003.0,688.4484,866.4531,972.21106,75.50725,88.6994,109.53125,688.4484,866.4531,972.21106,690.0,833.0,890.0,911.1859,932.6444,914.8858,1025.3533,1209.4008,1317.2686,612.94116,777.7537,862.6798,809.4252,870.7895,886.8017,910.84235,1129.1908,1276.8326,1011.5,1011.8,1012.3,0.0,0.0,0.0,20.0,19.0,18.0,-0.8660254037844386,-0.9659258262890684,-1.0,0.5000000000000001,0.2588190451025203,-1.8369701987210297e-16,1.0,1.0,1.0,0.7818314824680298,0.7818314824680298,0.7818314824680298,0.6234898018587336,0.6234898018587336,0.6234898018587336,4.0,4.0,4.0,0.8660254037844387,0.8660254037844387,0.8660254037844387,-0.4999999999999998,-0.4999999999999998,-0.4999999999999998,31.301333333333332,31.54299966666667,16.127010000000002,15.737836833333333,40.333333333333336,38.833333333333336,31.906373333333335,33.49844733333333,1008.2811499999999,1009.08115,30.0,15.0,24.0,12.0,21.333333333333332,10.666666666666666,0.6276575666666666,0.6812179249999999,2.7404353333333336,2.84892155,17.792111666666667,12.29091545,130.21419166666666,102.37649699999999,30.359999000000002,24.17999933333333,1.0,1.0,3600.0,3600.0,21.527984666666665,21.414522166666668,805.0,801.6666666666666,757.0,857.5,84.66666666666667,118.0,757.0,857.5,673.3061266666667,815.9042999999998,74.92994433333332,113.69882050000001,673.3061266666667,815.9042999999998,672.3333333333334,739.5,901.30578,866.0746316666667,1004.1478000000001,1158.6612666666667,598.3761866666667,702.2054866666667,794.7869199999999,812.604655,892.2402966666667,1103.7352316666666,1011.5666666666666,1012.3666666666668,0.0,0.0,20.0,18.5,-0.8463526704200183,-0.895168206888927,0.488641942096356,0.11785113019775773,1.0,1.0,0.7818314824680298,0.7818314824680298,0.6234898018587336,0.6234898018587336,4.0,4.0,0.8660254037844387,0.8660254037844387,-0.4999999999999998,-0.4999999999999998
2025-04-22 22:00:00+00:00,29.018,18.169432,52.0,28.97474,1008.2896,56.0,27.0,45.0,0.32264736,1.9237664,20.746122,141.34018,34.2,1.0,3600.0,21.7941,710.0,328.0,56.0,328.0,220.85521,37.70699,220.85521,272.0,762.0055,483.3063,183.14822,513.0881,325.42902,1011.6,22,-0.5000000000000004,0.8660254037844384,1,0.7818314824680298,0.6234898018587336,4,0.8660254037844387,-0.4999999999999998,30.118,31.318,32.468,17.229912,16.109234,15.041884,46.0,40.0,35.0,29.762306,31.875961,34.080853,1008.1023,1008.2149,1008.52625,45.0,30.0,15.0,36.0,24.0,12.0,32.0,21.0,11.0,0.4905315,0.6404209,0.7520203,2.3057253,2.7435567,3.172024,20.633371,18.35647,14.386494,137.12111,131.82008,121.701385,35.64,30.239998,25.199999,1.0,1.0,1.0,3600.0,3600.0,3600.0,21.678734,21.520739,21.384481,730.0,800.0,885.0,568.0,775.0,928.0,74.0,85.0,95.0,568.0,775.0,928.0,465.01688,688.4484,866.4531,60.583183,75.50725,88.6994,465.01688,688.4484,866.4531,494.0,690.0,833.0,860.08704,911.1859,932.6444,777.6893,1025.3533,1209.4008,404.4337,612.94116,777.7537,704.14606,809.4252,870.7895,636.68774,910.84235,1129.1908,1011.4,1011.5,1011.8,0.0,0.0,0.0,21.0,20.0,19.0,-0.7071067811865477,-0.8660254037844386,-0.9659258262890684,0.7071067811865474,0.5000000000000001,0.2588190451025203,1.0,1.0,1.0,0.7818314824680298,0.7818314824680298,0.7818314824680298,0.6234898018587336,0.6234898018587336,0.6234898018587336,4.0,4.0,4.0,0.8660254037844387,0.8660254037844387,0.8660254037844387,-0.4999999999999998,-0.4999999999999998,-0.4999999999999998,30.151333333333337,31.301333,17.169526,16.01892666666667,46.0,40.333333333333336,30.204335666666665,32.59688516666667,1008.2022666666667,1008.6632166666665,43.666666666666664,24.333333333333332,29.0,16.5,32.666666666666664,18.166666666666668,0.4845332533333333,0.62573121,2.324349466666667,2.755688016666667,19.911987666666665,15.157671,136.76045666666667,121.93944499999999,33.359999333333334,27.179999499999997,1.0,1.0,3600.0,3600.0,21.664524333333333,21.4784155,746.6666666666666,809.1666666666666,557.0,764.6666666666666,71.66666666666667,95.5,557.0,764.6666666666666,458.10683,700.0881249999999,57.932474333333325,87.0438305,458.10683,700.0881249999999,485.3333333333333,669.1666666666666,844.4261466666667,870.7712983333334,762.1163000000001,1025.7671333333333,400.17436000000004,613.0442966666666,675.55312,771.5652099999999,624.3197033333333,937.111335,1011.5,1011.9499999999999,0.0,0.0,21.0,19.5,-0.6910440616569956,-0.8341639729248539,0.6910440616569954,0.3455220308284976,1.0,1.0,0.7818314824680298,0.7818314824680298,0.6234898018587336,0.6234898018587336,4.0,4.0,0.8660254037844387,0.8660254037844387,-0.4999999999999998,-0.4999999999999998
2025-04-22 23:00:00+00:00,27.868,18.84593,58.0,28.411972,1008.57635,68.0,19.0,58.0,0.15881366,1.5746152,18.875126,145.09743,32.399998,1.0,2502.6987,21.764662,710.0,100.0,24.0,100.00001,0.0,0.0,0.0,76.0,484.79822,162.2833,0.0,0.0,0.0,1011.9,23,-0.25881904510252157,0.9659258262890681,1,0.7818314824680298,0.6234898018587336,4,0.8660254037844387,-0.4999999999999998,29.018,30.118,31.318,18.169432,17.229912,16.109234,52.0,46.0,40.0,28.97474,29.762306,31.875961,1008.2896,1008.1023,1008.2149,56.0,45.0,30.0,27.0,36.0,24.0,45.0,32.0,21.0,0.32264736,0.4905315,0.6404209,1.9237664,2.3057253,2.7435567,20.746122,20.633371,18.35647,141.34018,137.12111,131.82008,34.2,35.64,30.239998,1.0,1.0,1.0,3600.0,3600.0,3600.0,21.7941,21.678734,21.520739,710.0,730.0,800.0,328.0,568.0,775.0,56.0,74.0,85.0,328.0,568.0,775.0,220.85521,465.01688,688.4484,37.70699,60.583183,75.50725,220.85521,465.01688,688.4484,272.0,494.0,690.0,762.0055,860.08704,911.1859,483.3063,777.6893,1025.3533,183.14822,404.4337,612.94116,513.0881,704.14606,809.4252,325.42902,636.68774,910.84235,1011.6,1011.4,1011.5,0.0,0.0,0.0,22.0,21.0,20.0,-0.5000000000000004,-0.7071067811865477,-0.8660254037844386,0.8660254037844384,0.7071067811865474,0.5000000000000001,1.0,1.0,1.0,0.7818314824680298,0.7818314824680298,0.7818314824680298,0.6234898018587336,0.6234898018587336,0.6234898018587336,4.0,4.0,4.0,0.8660254037844387,0.8660254037844387,0.8660254037844387,-0.4999999999999998,-0.4999999999999998,-0.4999999999999998,29.001333333333335,30.60966666666667,18.081757999999997,16.645846833333334,52.0,44.0,29.049672666666666,31.411519499999997,1008.3227499999999,1008.4564083333333,56.333333333333336,35.666666666666664,27.333333333333332,19.666666666666668,45.0,27.833333333333332,0.32399750666666666,0.5267582033333332,1.9347023000000003,2.5106276833333334,20.084872999999998,17.283525333333333,141.18624,131.12235,34.07999933333333,29.579999166666667,1.0,1.0,3234.2329000000004,3417.11645,21.745831999999996,21.56445066666667,716.6666666666666,790.8333333333334,332.0,617.0,51.333333333333336,74.5,332.0000033333333,617.0000016666667,228.62403000000003,535.4974416666666,32.763391,62.00467883333334,228.62403000000003,535.4974416666666,280.6666666666667,542.5,702.2969200000001,810.9344766666667,474.4263000000001,829.2169333333333,195.86064000000002,473.49276333333336,405.74472,630.7084266666666,320.70558666666665,713.1637516666666,1011.6333333333333,1011.75,0.0,0.0,22.0,20.5,-0.4886419420963566,-0.716312842727096,0.846352670420018,0.549646176060429,1.0,1.0,0.7818314824680298,0.7818314824680298,0.6234898018587336,0.6234898018587336,4.0,4.0,0.8660254037844387,0.8660254037844387,-0.4999999999999998,-0.4999999999999998
