,LinearRegression,RandomForest,GradientBoosting
parque_eolico_agua_clara,"{'MSE': 115.09416674445688, 'R2': 0.3175417545352507}","{'MSE': 88.97979906954028, 'R2': 0.47238857300533865}","{'MSE': 88.45732909298843, 'R2': 0.47548659224985224}"
