,LinearRegression,RandomForest,GradientBoosting
parque_solar_girasol,"{'MSE': 117.56472067441558, 'R2': 0.8802702746978837}","{'MSE': 99.95428011029138, 'R2': 0.8982050190590863}","{'MSE': 98.48286438999915, 'R2': 0.8997035315293681}"
